Warning: Dependency 'standards/x402' revision mismatch: expected 'b054f423400f0b972dbd9032120f172350110a59', found 'd56bdb01fe0a5b051bdbca57e2d9a6d881f3a17d'
Warning: Dependency 'standards/ercs' revision mismatch: expected 'c6d2d5e3ac261769cec2fb49b3e382fe2bf21e88', found 'd56bdb01fe0a5b051bdbca57e2d9a6d881f3a17d'
Warning: Dependency 'standards/mpp-specs' revision mismatch: expected '0c438bdd24b831abafc22b2a99f7562e414dcf4f', found 'd56bdb01fe0a5b051bdbca57e2d9a6d881f3a17d'
Warning: Dependency 'standards/permit2' revision mismatch: expected 'cc56ad0f3439c502c246fc5cfcc3db92bb8b7219', found 'd56bdb01fe0a5b051bdbca57e2d9a6d881f3a17d'
Compiling 4 files with Solc 0.8.33
Compiling 2 files with Solc 0.8.33
Solc 0.8.33 finished in 8.12s
Solc 0.8.33 finished in 15.60s
Compiler run successful with warnings:
Warning (4591): There are more than 256 warnings. Ignoring the rest.
Warning (4591): There are more than 256 warnings. Ignoring the rest.
warning[unsafe-typecast]: typecasts that can truncate values should be checked
    ╭▸ contracts/test/invariant/SuperPaymasterFundConservation.invariant.t.sol:121:39
    │
121 │             _registerOperator(address(uint160(0x1000 + i)));
    │                                       ━━━━━━━━━━━━━━━━━━━
    │
    ├ note: consider disabling this lint if you're certain the cast is safe
    │       
    │       // casting to 'uint160' is safe because [explain why]
    │       // forge-lint: disable-next-line(unsafe-typecast)
    │       
    │       
    ╰ help: https://book.getfoundry.sh/reference/forge/forge-lint#unsafe-typecast

warning[unsafe-typecast]: typecasts that can truncate values should be checked
    ╭▸ contracts/src/core/GTokenStaking.sol:132:25
    │
132 │                 amount: uint128(stakeAmount),
    │                         ━━━━━━━━━━━━━━━━━━━━
    │
    ├ note: consider disabling this lint if you're certain the cast is safe
    │       
    │       // casting to 'uint128' is safe because [explain why]
    │       // forge-lint: disable-next-line(unsafe-typecast)
    │       
    │       
    ╰ help: https://book.getfoundry.sh/reference/forge/forge-lint#unsafe-typecast

warning[unsafe-typecast]: typecasts that can truncate values should be checked
    ╭▸ contracts/src/core/GTokenStaking.sol:133:30
    │
133 │                 ticketPrice: uint128(ticketPrice),
    │                              ━━━━━━━━━━━━━━━━━━━━
    │
    ├ note: consider disabling this lint if you're certain the cast is safe
    │       
    │       // casting to 'uint128' is safe because [explain why]
    │       // forge-lint: disable-next-line(unsafe-typecast)
    │       
    │       
    ╰ help: https://book.getfoundry.sh/reference/forge/forge-lint#unsafe-typecast

warning[unsafe-typecast]: typecasts that can truncate values should be checked
    ╭▸ contracts/src/core/GTokenStaking.sol:200:24
    │
200 │         lock.amount += uint128(stakeAmount);
    │                        ━━━━━━━━━━━━━━━━━━━━
    │
    ├ note: consider disabling this lint if you're certain the cast is safe
    │       
    │       // casting to 'uint128' is safe because [explain why]
    │       // forge-lint: disable-next-line(unsafe-typecast)
    │       
    │       
    ╰ help: https://book.getfoundry.sh/reference/forge/forge-lint#unsafe-typecast

warning[unsafe-typecast]: typecasts that can truncate values should be checked
    ╭▸ contracts/src/core/GTokenStaking.sol:307:36
    │
307 │                     lock.amount -= uint128(deduct);
    │                                    ━━━━━━━━━━━━━━━
    │
    ├ note: consider disabling this lint if you're certain the cast is safe
    │       
    │       // casting to 'uint128' is safe because [explain why]
    │       // forge-lint: disable-next-line(unsafe-typecast)
    │       
    │       
    ╰ help: https://book.getfoundry.sh/reference/forge/forge-lint#unsafe-typecast

warning[unsafe-typecast]: typecasts that can truncate values should be checked
    ╭▸ contracts/src/core/GTokenStaking.sol:322:41
    │
322 │                         dLock.amount -= uint128(take);
    │                                         ━━━━━━━━━━━━━
    │
    ├ note: consider disabling this lint if you're certain the cast is safe
    │       
    │       // casting to 'uint128' is safe because [explain why]
    │       // forge-lint: disable-next-line(unsafe-typecast)
    │       
    │       
    ╰ help: https://book.getfoundry.sh/reference/forge/forge-lint#unsafe-typecast

warning[unsafe-typecast]: typecasts that can truncate values should be checked
    ╭▸ contracts/src/core/GTokenStaking.sol:510:24
    │
510 │         lock.amount -= uint128(penaltyAmount);
    │                        ━━━━━━━━━━━━━━━━━━━━━━
    │
    ├ note: consider disabling this lint if you're certain the cast is safe
    │       
    │       // casting to 'uint128' is safe because [explain why]
    │       // forge-lint: disable-next-line(unsafe-typecast)
    │       
    │       
    ╰ help: https://book.getfoundry.sh/reference/forge/forge-lint#unsafe-typecast

warning[unsafe-typecast]: typecasts that can truncate values should be checked
    ╭▸ contracts/test/crossrepo/CC115GenuinePragueCrossRepo.t.sol:137:44
    │
137 │             staking.setLock(validators[i], uint128(MIN_STAKE));
    │                                            ━━━━━━━━━━━━━━━━━━
    │
    ├ note: consider disabling this lint if you're certain the cast is safe
    │       
    │       // casting to 'uint128' is safe because [explain why]
    │       // forge-lint: disable-next-line(unsafe-typecast)
    │       
    │       
    ╰ help: https://book.getfoundry.sh/reference/forge/forge-lint#unsafe-typecast

warning[unsafe-typecast]: typecasts that can truncate values should be checked
    ╭▸ contracts/test/invariant/SuperPaymasterFundConservation.invariant.t.sol:183:33
    │
183 │         _setOperatorBalance(op, uint128(uint256(bal) - amount));
    │                                 ━━━━━━━━━━━━━━━━━━━━━━━━━━━━━━
    │
    ├ note: consider disabling this lint if you're certain the cast is safe
    │       
    │       // casting to 'uint128' is safe because [explain why]
    │       // forge-lint: disable-next-line(unsafe-typecast)
    │       
    │       
    ╰ help: https://book.getfoundry.sh/reference/forge/forge-lint#unsafe-typecast

warning[unsafe-typecast]: typecasts that can truncate values should be checked
    ╭▸ contracts/test/v2/xPNTsTokenV2Invariant.t.sol:334:34
    │
334 │         if (ret.length >= 4) s = bytes4(ret);
    │                                  ━━━━━━━━━━━
    │
    ├ note: consider disabling this lint if you're certain the cast is safe
    │       
    │       // casting to 'bytes4' is safe because [explain why]
    │       // forge-lint: disable-next-line(unsafe-typecast)
    │       
    │       
    ╰ help: https://book.getfoundry.sh/reference/forge/forge-lint#unsafe-typecast

warning[block-timestamp]: usage of `block.timestamp` in a comparison may be manipulated by validators
    ╭▸ contracts/test/v3/SuperPaymaster_Coverage.t.sol:168:17
    │
168 │         require(block.timestamp > validAfter, "authorization not yet valid");
    │                 ━━━━━━━━━━━━━━━━━━━━━━━━━━━━
    │
    ╰ help: https://book.getfoundry.sh/reference/forge/forge-lint#block-timestamp

warning[block-timestamp]: usage of `block.timestamp` in a comparison may be manipulated by validators
    ╭▸ contracts/test/v3/SuperPaymaster_Coverage.t.sol:169:17
    │
169 │         require(block.timestamp < validBefore, "authorization expired");
    │                 ━━━━━━━━━━━━━━━━━━━━━━━━━━━━━
    │
    ╰ help: https://book.getfoundry.sh/reference/forge/forge-lint#block-timestamp

warning[block-timestamp]: usage of `block.timestamp` in a comparison may be manipulated by validators
    ╭▸ contracts/test/v3/SuperPaymaster_Coverage.t.sol:188:17
    │
188 │         require(block.timestamp > validAfter, "authorization not yet valid");
    │                 ━━━━━━━━━━━━━━━━━━━━━━━━━━━━
    │
    ╰ help: https://book.getfoundry.sh/reference/forge/forge-lint#block-timestamp

warning[block-timestamp]: usage of `block.timestamp` in a comparison may be manipulated by validators
    ╭▸ contracts/test/v3/SuperPaymaster_Coverage.t.sol:189:17
    │
189 │         require(block.timestamp < validBefore, "authorization expired");
    │                 ━━━━━━━━━━━━━━━━━━━━━━━━━━━━━
    │
    ╰ help: https://book.getfoundry.sh/reference/forge/forge-lint#block-timestamp

warning[unsafe-typecast]: typecasts that can truncate values should be checked
    ╭▸ contracts/test/invariant/SuperPaymasterFundConservation.invariant.t.sol:195:33
    │
195 │         _setOperatorBalance(op, uint128(uint256(bal) + amount));
    │                                 ━━━━━━━━━━━━━━━━━━━━━━━━━━━━━━
    │
    ├ note: consider disabling this lint if you're certain the cast is safe
    │       
    │       // casting to 'uint128' is safe because [explain why]
    │       // forge-lint: disable-next-line(unsafe-typecast)
    │       
    │       
    ╰ help: https://book.getfoundry.sh/reference/forge/forge-lint#unsafe-typecast

warning[unsafe-typecast]: typecasts that can truncate values should be checked
    ╭▸ contracts/test/v3/SuperPaymaster_Coverage.t.sol:652:38
    │
652 │         address authorizer = address(uint160(validationData));
    │                                      ━━━━━━━━━━━━━━━━━━━━━━━
    │
    ├ note: consider disabling this lint if you're certain the cast is safe
    │       
    │       // casting to 'uint160' is safe because [explain why]
    │       // forge-lint: disable-next-line(unsafe-typecast)
    │       
    │       
    ╰ help: https://book.getfoundry.sh/reference/forge/forge-lint#unsafe-typecast

warning[unsafe-typecast]: typecasts that can truncate values should be checked
    ╭▸ contracts/test/v3/SuperPaymaster_Coverage.t.sol:667:26
    │
667 │         assertEq(address(uint160(vd0)), address(1), "SIG_FAILURE from the isConfigured gate alone");
    │                          ━━━━━━━━━━━━
    │
    ├ note: consider disabling this lint if you're certain the cast is safe
    │       
    │       // casting to 'uint160' is safe because [explain why]
    │       // forge-lint: disable-next-line(unsafe-typecast)
    │       
    │       
    ╰ help: https://book.getfoundry.sh/reference/forge/forge-lint#unsafe-typecast

warning[unsafe-typecast]: typecasts that can truncate values should be checked
    ╭▸ contracts/test/v3/SuperPaymaster_Coverage.t.sol:678:38
    │
678 │         address authorizer = address(uint160(validationData));
    │                                      ━━━━━━━━━━━━━━━━━━━━━━━
    │
    ├ note: consider disabling this lint if you're certain the cast is safe
    │       
    │       // casting to 'uint160' is safe because [explain why]
    │       // forge-lint: disable-next-line(unsafe-typecast)
    │       
    │       
    ╰ help: https://book.getfoundry.sh/reference/forge/forge-lint#unsafe-typecast

warning[unsafe-typecast]: typecasts that can truncate values should be checked
    ╭▸ contracts/test/v3/SuperPaymaster_Coverage.t.sol:692:38
    │
692 │         address authorizer = address(uint160(validationData));
    │                                      ━━━━━━━━━━━━━━━━━━━━━━━
    │
    ├ note: consider disabling this lint if you're certain the cast is safe
    │       
    │       // casting to 'uint160' is safe because [explain why]
    │       // forge-lint: disable-next-line(unsafe-typecast)
    │       
    │       
    ╰ help: https://book.getfoundry.sh/reference/forge/forge-lint#unsafe-typecast

warning[unsafe-typecast]: typecasts that can truncate values should be checked
    ╭▸ contracts/test/v3/SuperPaymaster_Coverage.t.sol:704:26
    │
704 │         assertEq(address(uint160(validationData)), address(0), "control: validation passes");
    │                          ━━━━━━━━━━━━━━━━━━━━━━━
    │
    ├ note: consider disabling this lint if you're certain the cast is safe
    │       
    │       // casting to 'uint160' is safe because [explain why]
    │       // forge-lint: disable-next-line(unsafe-typecast)
    │       
    │       
    ╰ help: https://book.getfoundry.sh/reference/forge/forge-lint#unsafe-typecast

warning[unsafe-typecast]: typecasts that can truncate values should be checked
    ╭▸ contracts/test/v3/SuperPaymaster_Coverage.t.sol:718:26
    │
718 │         assertEq(address(uint160(validationData)), address(1), "legacy layout -> SIG_FAILURE");
    │                          ━━━━━━━━━━━━━━━━━━━━━━━
    │
    ├ note: consider disabling this lint if you're certain the cast is safe
    │       
    │       // casting to 'uint160' is safe because [explain why]
    │       // forge-lint: disable-next-line(unsafe-typecast)
    │       
    │       
    ╰ help: https://book.getfoundry.sh/reference/forge/forge-lint#unsafe-typecast

warning[unsafe-typecast]: typecasts that can truncate values should be checked
    ╭▸ contracts/test/paper7/CC48KeyScanPreflight.t.sol:381:41
    │
381 │             address validator = address(uint160(0x3000 + i));
    │                                         ━━━━━━━━━━━━━━━━━━━
    │
    ├ note: consider disabling this lint if you're certain the cast is safe
    │       
    │       // casting to 'uint160' is safe because [explain why]
    │       // forge-lint: disable-next-line(unsafe-typecast)
    │       
    │       
    ╰ help: https://book.getfoundry.sh/reference/forge/forge-lint#unsafe-typecast

warning[block-timestamp]: usage of `block.timestamp` in a comparison may be manipulated by validators
    ╭▸ contracts/src/tokens/xPNTsToken.sol:943:36
    │
943 │         if (rl.windowStart == 0 || block.timestamp >= uint256(rl.windowStart) + 1 days) {
    │                                    ━━━━━━━━━━━━━━━━━━━━━━━━━━━━━━━━━━━━━━━━━━━━━━━━━━━
    │
    ╰ help: https://book.getfoundry.sh/reference/forge/forge-lint#block-timestamp

warning[block-timestamp]: usage of `block.timestamp` in a comparison may be manipulated by validators
     ╭▸ contracts/src/tokens/xPNTsToken.sol:1134:43
     │
1134 │         if (exchangeRateUpdatedAt != 0 && block.timestamp < exchangeRateUpdatedAt + EXCHANGE_RATE_COOLDOWN) {
     │                                           ━━━━━━━━━━━━━━━━━━━━━━━━━━━━━━━━━━━━━━━━━━━━━━━━━━━━━━━━━━━━━━━━
     │
     ╰ help: https://book.getfoundry.sh/reference/forge/forge-lint#block-timestamp

warning[unsafe-typecast]: typecasts that can truncate values should be checked
    ╭▸ contracts/test/v3/DryRunValidation.t.sol:200:16
    │
200 │         return uint160(vd) == 0;
    │                ━━━━━━━━━━━
    │
    ├ note: consider disabling this lint if you're certain the cast is safe
    │       
    │       // casting to 'uint160' is safe because [explain why]
    │       // forge-lint: disable-next-line(unsafe-typecast)
    │       
    │       
    ╰ help: https://book.getfoundry.sh/reference/forge/forge-lint#unsafe-typecast

warning[unsafe-typecast]: typecasts that can truncate values should be checked
    ╭▸ contracts/test/v3/DryRunValidation.t.sol:234:81
    │
234 │         _assertRejectAgrees(_buildUserOp(user, ghost, type(uint256).max), 1000, bytes32("OPERATOR_NOT_CONFIGURED"));
    │                                                                                 ━━━━━━━━━━━━━━━━━━━━━━━━━━━━━━━━━━
    │
    ├ note: consider disabling this lint if you're certain the cast is safe
    │       
    │       // casting to 'bytes32' is safe because [explain why]
    │       // forge-lint: disable-next-line(unsafe-typecast)
    │       
    │       
    ╰ help: https://book.getfoundry.sh/reference/forge/forge-lint#unsafe-typecast

warning[erc20-unchecked-transfer]: ERC20 'transfer' and 'transferFrom' calls should check the return value
   ╭▸ contracts/test/v3/Registry_MultiCommunity.t.sol:50:9
   │
50 │         gtoken.transfer(user, 100 ether);
   │         ━━━━━━━━━━━━━━━━━━━━━━━━━━━━━━━━
   │
   ╰ help: https://book.getfoundry.sh/reference/forge/forge-lint#erc20-unchecked-transfer

warning[erc20-unchecked-transfer]: ERC20 'transfer' and 'transferFrom' calls should check the return value
   ╭▸ contracts/test/v3/Registry_MultiCommunity.t.sol:53:9
   │
53 │         gtoken.transfer(communityA, 100 ether);
   │         ━━━━━━━━━━━━━━━━━━━━━━━━━━━━━━━━━━━━━━
   │
   ╰ help: https://book.getfoundry.sh/reference/forge/forge-lint#erc20-unchecked-transfer

warning[erc20-unchecked-transfer]: ERC20 'transfer' and 'transferFrom' calls should check the return value
   ╭▸ contracts/test/v3/Registry_MultiCommunity.t.sol:54:9
   │
54 │         gtoken.transfer(communityB, 100 ether);
   │         ━━━━━━━━━━━━━━━━━━━━━━━━━━━━━━━━━━━━━━
   │
   ╰ help: https://book.getfoundry.sh/reference/forge/forge-lint#erc20-unchecked-transfer

warning[unsafe-typecast]: typecasts that can truncate values should be checked
    ╭▸ contracts/src/tokens/xPNTsToken.sol:878:37
    │
878 │         return score >= 100 ? 100 : uint8(score);
    │                                     ━━━━━━━━━━━━
    │
    ├ note: consider disabling this lint if you're certain the cast is safe
    │       
    │       // casting to 'uint8' is safe because [explain why]
    │       // forge-lint: disable-next-line(unsafe-typecast)
    │       
    │       
    ╰ help: https://book.getfoundry.sh/reference/forge/forge-lint#unsafe-typecast

warning[unsafe-typecast]: typecasts that can truncate values should be checked
    ╭▸ contracts/src/tokens/xPNTsToken.sol:964:29
    │
964 │         rl.dailyBurnTotal = uint128(newTotal);
    │                             ━━━━━━━━━━━━━━━━━
    │
    ├ note: consider disabling this lint if you're certain the cast is safe
    │       
    │       // casting to 'uint128' is safe because [explain why]
    │       // forge-lint: disable-next-line(unsafe-typecast)
    │       
    │       
    ╰ help: https://book.getfoundry.sh/reference/forge/forge-lint#unsafe-typecast

warning[block-timestamp]: usage of `block.timestamp` in a comparison may be manipulated by validators
    ╭▸ contracts/src/core/Registry.sol:404:21
    │
404 │                 if (block.timestamp < lockedAt + lockDuration) revert LockNotMet();
    │                     ━━━━━━━━━━━━━━━━━━━━━━━━━━━━━━━━━━━━━━━━━
    │
    ╰ help: https://book.getfoundry.sh/reference/forge/forge-lint#block-timestamp

warning[erc20-unchecked-transfer]: ERC20 'transfer' and 'transferFrom' calls should check the return value
   ╭▸ contracts/test/v3/Registry_MultiCommunity.t.sol:55:9
   │
55 │         gtoken.transfer(communityC, 100 ether);
   │         ━━━━━━━━━━━━━━━━━━━━━━━━━━━━━━━━━━━━━━
   │
   ╰ help: https://book.getfoundry.sh/reference/forge/forge-lint#erc20-unchecked-transfer

warning[block-timestamp]: usage of `block.timestamp` in a comparison may be manipulated by validators
    ╭▸ contracts/src/tokens/v2/xPNTsTokenV2.sol:169:36
    │
169 │         if (rl.windowStart == 0 || block.timestamp >= uint256(rl.windowStart) + 1 days) {
    │                                    ━━━━━━━━━━━━━━━━━━━━━━━━━━━━━━━━━━━━━━━━━━━━━━━━━━━
    │
    ╰ help: https://book.getfoundry.sh/reference/forge/forge-lint#block-timestamp

warning[unsafe-typecast]: typecasts that can truncate values should be checked
    ╭▸ contracts/test/paper7/CC48KeyScanPreflight.t.sol:391:53
    │
391 │             agg.registerBLSPublicKey(validator, pk, uint8(i + 1), _pop(agg, validator, pk, scalar));
    │                                                     ━━━━━━━━━━━━
    │
    ├ note: consider disabling this lint if you're certain the cast is safe
    │       
    │       // casting to 'uint8' is safe because [explain why]
    │       // forge-lint: disable-next-line(unsafe-typecast)
    │       
    │       
    ╰ help: https://book.getfoundry.sh/reference/forge/forge-lint#unsafe-typecast

warning[unsafe-typecast]: typecasts that can truncate values should be checked
    ╭▸ contracts/test/crossrepo/CC115CrossRepoConformance.t.sol:150:44
    │
150 │             staking.setLock(validators[i], uint128(MIN_STAKE));
    │                                            ━━━━━━━━━━━━━━━━━━
    │
    ├ note: consider disabling this lint if you're certain the cast is safe
    │       
    │       // casting to 'uint128' is safe because [explain why]
    │       // forge-lint: disable-next-line(unsafe-typecast)
    │       
    │       
    ╰ help: https://book.getfoundry.sh/reference/forge/forge-lint#unsafe-typecast

warning[unsafe-typecast]: typecasts that can truncate values should be checked
     ╭▸ contracts/test/v2/xPNTsTokenV2Invariant.t.sol:1253:39
     │
1253 │         else if (k == 5) _modeCore(u, uint8(p1 % 3), true, badSig);
     │                                       ━━━━━━━━━━━━━
     │
     ├ note: consider disabling this lint if you're certain the cast is safe
     │       
     │       // casting to 'uint8' is safe because [explain why]
     │       // forge-lint: disable-next-line(unsafe-typecast)
     │       
     │       
     ╰ help: https://book.getfoundry.sh/reference/forge/forge-lint#unsafe-typecast

warning[unsafe-typecast]: typecasts that can truncate values should be checked
     ╭▸ contracts/test/v2/xPNTsTokenV2Invariant.t.sol:1279:19
     │
1279 │         uint8 p = uint8(seed % 3);
     │                   ━━━━━━━━━━━━━━━
     │
     ├ note: consider disabling this lint if you're certain the cast is safe
     │       
     │       // casting to 'uint8' is safe because [explain why]
     │       // forge-lint: disable-next-line(unsafe-typecast)
     │       
     │       
     ╰ help: https://book.getfoundry.sh/reference/forge/forge-lint#unsafe-typecast

warning[unsafe-typecast]: typecasts that can truncate values should be checked
    ╭▸ contracts/test/v3/BlacklistSync.t.sol:238:18
    │
238 │         assertEq(uint160(validationData), 0, "Should pass validation");
    │                  ━━━━━━━━━━━━━━━━━━━━━━━
    │
    ├ note: consider disabling this lint if you're certain the cast is safe
    │       
    │       // casting to 'uint160' is safe because [explain why]
    │       // forge-lint: disable-next-line(unsafe-typecast)
    │       
    │       
    ╰ help: https://book.getfoundry.sh/reference/forge/forge-lint#unsafe-typecast

warning[unsafe-typecast]: typecasts that can truncate values should be checked
    ╭▸ contracts/test/v3/BlacklistSync.t.sol:253:18
    │
253 │         assertEq(uint160(vd), 0, "admitted before the blacklist lands");
    │                  ━━━━━━━━━━━
    │
    ├ note: consider disabling this lint if you're certain the cast is safe
    │       
    │       // casting to 'uint160' is safe because [explain why]
    │       // forge-lint: disable-next-line(unsafe-typecast)
    │       
    │       
    ╰ help: https://book.getfoundry.sh/reference/forge/forge-lint#unsafe-typecast

warning[unsafe-typecast]: typecasts that can truncate values should be checked
    ╭▸ contracts/test/v3/DryRunValidation.t.sol:240:84
    │
240 │         _assertRejectAgrees(_buildUserOp(user, operator, type(uint256).max), 1000, bytes32("OPERATOR_PAUSED"));
    │                                                                                    ━━━━━━━━━━━━━━━━━━━━━━━━━━
    │
    ├ note: consider disabling this lint if you're certain the cast is safe
    │       
    │       // casting to 'bytes32' is safe because [explain why]
    │       // forge-lint: disable-next-line(unsafe-typecast)
    │       
    │       
    ╰ help: https://book.getfoundry.sh/reference/forge/forge-lint#unsafe-typecast

warning[unsafe-typecast]: typecasts that can truncate values should be checked
    ╭▸ contracts/test/v3/DryRunValidation.t.sol:246:88
    │
246 │         _assertRejectAgrees(_buildUserOp(stranger, operator, type(uint256).max), 1000, bytes32("USER_NOT_ELIGIBLE"));
    │                                                                                        ━━━━━━━━━━━━━━━━━━━━━━━━━━━━
    │
    ├ note: consider disabling this lint if you're certain the cast is safe
    │       
    │       // casting to 'bytes32' is safe because [explain why]
    │       // forge-lint: disable-next-line(unsafe-typecast)
    │       
    │       
    ╰ help: https://book.getfoundry.sh/reference/forge/forge-lint#unsafe-typecast

warning[block-timestamp]: usage of `block.timestamp` in a comparison may be manipulated by validators
    ╭▸ contracts/src/core/PolicyRegistry.sol:127:13
    │
127 │         if (block.timestamp >= uint256(c.windowStart) + w) return 0;
    │             ━━━━━━━━━━━━━━━━━━━━━━━━━━━━━━━━━━━━━━━━━━━━━
    │
    ╰ help: https://book.getfoundry.sh/reference/forge/forge-lint#block-timestamp

warning[block-timestamp]: usage of `block.timestamp` in a comparison may be manipulated by validators
    ╭▸ contracts/src/core/PolicyRegistry.sol:231:13
    │
231 │         if (block.timestamp >= uint256(c.windowStart) + w) {
    │             ━━━━━━━━━━━━━━━━━━━━━━━━━━━━━━━━━━━━━━━━━━━━━
    │
    ╰ help: https://book.getfoundry.sh/reference/forge/forge-lint#block-timestamp

warning[unsafe-typecast]: typecasts that can truncate values should be checked
   ╭▸ contracts/test/paper7/RepCreditDomainReplay.t.sol:92:41
   │
92 │             address validator = address(uint160(0x1000 + i));
   │                                         ━━━━━━━━━━━━━━━━━━━
   │
   ├ note: consider disabling this lint if you're certain the cast is safe
   │       
   │       // casting to 'uint160' is safe because [explain why]
   │       // forge-lint: disable-next-line(unsafe-typecast)
   │       
   │       
   ╰ help: https://book.getfoundry.sh/reference/forge/forge-lint#unsafe-typecast

warning[unsafe-typecast]: typecasts that can truncate values should be checked
    ╭▸ contracts/test/paper7/RepCreditDomainReplay.t.sol:108:54
    │
108 │             aggA.registerBLSPublicKey(validator, pk, uint8(i + 1), _pop(aggA, validator, pk, scalar));
    │                                                      ━━━━━━━━━━━━
    │
    ├ note: consider disabling this lint if you're certain the cast is safe
    │       
    │       // casting to 'uint8' is safe because [explain why]
    │       // forge-lint: disable-next-line(unsafe-typecast)
    │       
    │       
    ╰ help: https://book.getfoundry.sh/reference/forge/forge-lint#unsafe-typecast

warning[unsafe-typecast]: typecasts that can truncate values should be checked
    ╭▸ contracts/test/paper7/RepCreditDomainReplay.t.sol:109:54
    │
109 │             aggB.registerBLSPublicKey(validator, pk, uint8(i + 1), _pop(aggB, validator, pk, scalar));
    │                                                      ━━━━━━━━━━━━
    │
    ├ note: consider disabling this lint if you're certain the cast is safe
    │       
    │       // casting to 'uint8' is safe because [explain why]
    │       // forge-lint: disable-next-line(unsafe-typecast)
    │       
    │       
    ╰ help: https://book.getfoundry.sh/reference/forge/forge-lint#unsafe-typecast

warning[unsafe-typecast]: typecasts that can truncate values should be checked
    ╭▸ contracts/test/security/PoC_C04_ForcedPostOpOOG.t.sol:334:56
    │
334 │         op.accountGasLimits = bytes32(abi.encodePacked(uint128(ACCOUNT_VERIFICATION_GAS), uint128(CALL_GAS_LIMIT)));
    │                                                        ━━━━━━━━━━━━━━━━━━━━━━━━━━━━━━━━━
    │
    ├ note: consider disabling this lint if you're certain the cast is safe
    │       
    │       // casting to 'uint128' is safe because [explain why]
    │       // forge-lint: disable-next-line(unsafe-typecast)
    │       
    │       
    ╰ help: https://book.getfoundry.sh/reference/forge/forge-lint#unsafe-typecast

warning[unsafe-typecast]: typecasts that can truncate values should be checked
    ╭▸ contracts/test/security/PoC_C04_ForcedPostOpOOG.t.sol:334:91
    │
334 │         op.accountGasLimits = bytes32(abi.encodePacked(uint128(ACCOUNT_VERIFICATION_GAS), uint128(CALL_GAS_LIMIT)));
    │                                                                                           ━━━━━━━━━━━━━━━━━━━━━━━
    │
    ├ note: consider disabling this lint if you're certain the cast is safe
    │       
    │       // casting to 'uint128' is safe because [explain why]
    │       // forge-lint: disable-next-line(unsafe-typecast)
    │       
    │       
    ╰ help: https://book.getfoundry.sh/reference/forge/forge-lint#unsafe-typecast

warning[unsafe-typecast]: typecasts that can truncate values should be checked
    ╭▸ contracts/test/v3/DryRunValidation.t.sol:258:84
    │
258 │         _assertRejectAgrees(_buildUserOp(user, operator, type(uint256).max), 1000, bytes32("USER_BLOCKED"));
    │                                                                                    ━━━━━━━━━━━━━━━━━━━━━━━
    │
    ├ note: consider disabling this lint if you're certain the cast is safe
    │       
    │       // casting to 'bytes32' is safe because [explain why]
    │       // forge-lint: disable-next-line(unsafe-typecast)
    │       
    │       
    ╰ help: https://book.getfoundry.sh/reference/forge/forge-lint#unsafe-typecast

warning[unsafe-typecast]: typecasts that can truncate values should be checked
    ╭▸ contracts/test/v3/DryRunValidation.t.sol:268:26
    │
268 │         assertEq(reason, bytes32("RATE_LIMITED"), "reason: RATE_LIMITED");
    │                          ━━━━━━━━━━━━━━━━━━━━━━━
    │
    ├ note: consider disabling this lint if you're certain the cast is safe
    │       
    │       // casting to 'bytes32' is safe because [explain why]
    │       // forge-lint: disable-next-line(unsafe-typecast)
    │       
    │       
    ╰ help: https://book.getfoundry.sh/reference/forge/forge-lint#unsafe-typecast

warning[unsafe-typecast]: typecasts that can truncate values should be checked
    ╭▸ contracts/test/v3/DryRunValidation.t.sol:281:68
    │
281 │         _assertRejectAgrees(_buildUserOp(user, operator, 1), 1000, bytes32("RATE_COMMITMENT_VIOLATED"));
    │                                                                    ━━━━━━━━━━━━━━━━━━━━━━━━━━━━━━━━━━━
    │
    ├ note: consider disabling this lint if you're certain the cast is safe
    │       
    │       // casting to 'bytes32' is safe because [explain why]
    │       // forge-lint: disable-next-line(unsafe-typecast)
    │       
    │       
    ╰ help: https://book.getfoundry.sh/reference/forge/forge-lint#unsafe-typecast

warning[erc20-unchecked-transfer]: ERC20 'transfer' and 'transferFrom' calls should check the return value
   ╭▸ contracts/test/halmos/D5c1Replay.t.sol:98:9
   │
98 │         tok.transferFrom(user, sp, 1 ether);
   │         ━━━━━━━━━━━━━━━━━━━━━━━━━━━━━━━━━━━
   │
   ╰ help: https://book.getfoundry.sh/reference/forge/forge-lint#erc20-unchecked-transfer

warning[erc20-unchecked-transfer]: ERC20 'transfer' and 'transferFrom' calls should check the return value
    ╭▸ contracts/test/halmos/D5c1Replay.t.sol:137:9
    │
137 │         tok.transfer(sp, 5 ether);              // an SP can hold xPNTs like anyone else
    │         ━━━━━━━━━━━━━━━━━━━━━━━━━
    │
    ╰ help: https://book.getfoundry.sh/reference/forge/forge-lint#erc20-unchecked-transfer

warning[unsafe-typecast]: typecasts that can truncate values should be checked
    ╭▸ contracts/test/security/PoC_C04_ForcedPostOpOOG.t.sol:339:13
    │
339 │             uint128(PM_VERIFICATION_GAS),
    │             ━━━━━━━━━━━━━━━━━━━━━━━━━━━━
    │
    ├ note: consider disabling this lint if you're certain the cast is safe
    │       
    │       // casting to 'uint128' is safe because [explain why]
    │       // forge-lint: disable-next-line(unsafe-typecast)
    │       
    │       
    ╰ help: https://book.getfoundry.sh/reference/forge/forge-lint#unsafe-typecast

warning[unsafe-typecast]: typecasts that can truncate values should be checked
    ╭▸ contracts/test/security/PoC_C04_ForcedPostOpOOG.t.sol:340:13
    │
340 │             uint128(postOpGasLimit),
    │             ━━━━━━━━━━━━━━━━━━━━━━━
    │
    ├ note: consider disabling this lint if you're certain the cast is safe
    │       
    │       // casting to 'uint128' is safe because [explain why]
    │       // forge-lint: disable-next-line(unsafe-typecast)
    │       
    │       
    ╰ help: https://book.getfoundry.sh/reference/forge/forge-lint#unsafe-typecast

warning[unsafe-typecast]: typecasts that can truncate values should be checked
    ╭▸ contracts/test/paper7/CC48PragueStateMachine.t.sol:149:41
    │
149 │             address validator = address(uint160(0x2000 + i));
    │                                         ━━━━━━━━━━━━━━━━━━━
    │
    ├ note: consider disabling this lint if you're certain the cast is safe
    │       
    │       // casting to 'uint160' is safe because [explain why]
    │       // forge-lint: disable-next-line(unsafe-typecast)
    │       
    │       
    ╰ help: https://book.getfoundry.sh/reference/forge/forge-lint#unsafe-typecast

warning[unsafe-typecast]: typecasts that can truncate values should be checked
    ╭▸ contracts/test/paper7/CC48PragueStateMachine.t.sol:163:53
    │
163 │             agg.registerBLSPublicKey(validator, pk, uint8(i + 1), _pop(validator, pk, scalar));
    │                                                     ━━━━━━━━━━━━
    │
    ├ note: consider disabling this lint if you're certain the cast is safe
    │       
    │       // casting to 'uint8' is safe because [explain why]
    │       // forge-lint: disable-next-line(unsafe-typecast)
    │       
    │       
    ╰ help: https://book.getfoundry.sh/reference/forge/forge-lint#unsafe-typecast

warning[unsafe-typecast]: typecasts that can truncate values should be checked
    ╭▸ contracts/test/v2/SuperPaymasterV55.t.sol:107:44
    │
107 │             address(sp), uint128(700_000), uint128(postOpGas), operator, type(uint256).max, address(token), flags
    │                                            ━━━━━━━━━━━━━━━━━━
    │
    ├ note: consider disabling this lint if you're certain the cast is safe
    │       
    │       // casting to 'uint128' is safe because [explain why]
    │       // forge-lint: disable-next-line(unsafe-typecast)
    │       
    │       
    ╰ help: https://book.getfoundry.sh/reference/forge/forge-lint#unsafe-typecast

warning[unsafe-typecast]: typecasts that can truncate values should be checked
    ╭▸ contracts/test/v3/DryRunValidation.t.sol:291:84
    │
291 │         _assertRejectAgrees(_buildUserOp(user, operator, type(uint256).max), huge, bytes32("INSUFFICIENT_BALANCE"));
    │                                                                                    ━━━━━━━━━━━━━━━━━━━━━━━━━━━━━━━
    │
    ├ note: consider disabling this lint if you're certain the cast is safe
    │       
    │       // casting to 'bytes32' is safe because [explain why]
    │       // forge-lint: disable-next-line(unsafe-typecast)
    │       
    │       
    ╰ help: https://book.getfoundry.sh/reference/forge/forge-lint#unsafe-typecast

warning[unsafe-typecast]: typecasts that can truncate values should be checked
    ╭▸ contracts/test/v3/DryRunValidation.t.sol:300:41
    │
300 │         _assertRejectAgrees(op, 4.3e16, bytes32("INSUFFICIENT_BALANCE"));
    │                                         ━━━━━━━━━━━━━━━━━━━━━━━━━━━━━━━
    │
    ├ note: consider disabling this lint if you're certain the cast is safe
    │       
    │       // casting to 'bytes32' is safe because [explain why]
    │       // forge-lint: disable-next-line(unsafe-typecast)
    │       
    │       
    ╰ help: https://book.getfoundry.sh/reference/forge/forge-lint#unsafe-typecast

warning[erc20-unchecked-transfer]: ERC20 'transfer' and 'transferFrom' calls should check the return value
    ╭▸ contracts/test/v3/Coverage_Supplement.t.sol:454:9
    │
454 │         xpnts.transfer(address(0xdead), 1000 ether);
    │         ━━━━━━━━━━━━━━━━━━━━━━━━━━━━━━━━━━━━━━━━━━━
    │
    ╰ help: https://book.getfoundry.sh/reference/forge/forge-lint#erc20-unchecked-transfer

warning[unsafe-typecast]: typecasts that can truncate values should be checked
    ╭▸ contracts/test/v3/Coverage_Supplement.t.sol:464:18
    │
464 │         assertEq(uint160(valData), 0, "Should succeed");
    │                  ━━━━━━━━━━━━━━━━
    │
    ├ note: consider disabling this lint if you're certain the cast is safe
    │       
    │       // casting to 'uint160' is safe because [explain why]
    │       // forge-lint: disable-next-line(unsafe-typecast)
    │       
    │       
    ╰ help: https://book.getfoundry.sh/reference/forge/forge-lint#unsafe-typecast

warning[unsafe-typecast]: typecasts that can truncate values should be checked
    ╭▸ contracts/test/v3/Coverage_Supplement.t.sol:483:18
    │
483 │         assertEq(uint160(valData), 0, "Should succeed after unpause");
    │                  ━━━━━━━━━━━━━━━━
    │
    ├ note: consider disabling this lint if you're certain the cast is safe
    │       
    │       // casting to 'uint160' is safe because [explain why]
    │       // forge-lint: disable-next-line(unsafe-typecast)
    │       
    │       
    ╰ help: https://book.getfoundry.sh/reference/forge/forge-lint#unsafe-typecast

warning[unsafe-typecast]: typecasts that can truncate values should be checked
    ╭▸ contracts/test/v3/Coverage_Supplement.t.sol:511:18
    │
511 │         assertEq(uint160(vd), 0, "validation ok");
    │                  ━━━━━━━━━━━
    │
    ├ note: consider disabling this lint if you're certain the cast is safe
    │       
    │       // casting to 'uint160' is safe because [explain why]
    │       // forge-lint: disable-next-line(unsafe-typecast)
    │       
    │       
    ╰ help: https://book.getfoundry.sh/reference/forge/forge-lint#unsafe-typecast

warning[unsafe-typecast]: typecasts that can truncate values should be checked
    ╭▸ contracts/test/v3/DryRunValidation.t.sol:302:30
    │
302 │         assertTrue(reason != bytes32("INSUFFICIENT_BALANCE"), "control: a0 = 4.92e21 fits the 5e21 deposit");
    │                              ━━━━━━━━━━━━━━━━━━━━━━━━━━━━━━━
    │
    ├ note: consider disabling this lint if you're certain the cast is safe
    │       
    │       // casting to 'bytes32' is safe because [explain why]
    │       // forge-lint: disable-next-line(unsafe-typecast)
    │       
    │       
    ╰ help: https://book.getfoundry.sh/reference/forge/forge-lint#unsafe-typecast

warning[unsafe-typecast]: typecasts that can truncate values should be checked
   ╭▸ contracts/test/paper7/BLSGasMeasurement.t.sol:69:41
   │
69 │             address validator = address(uint160(0x1000 + i));
   │                                         ━━━━━━━━━━━━━━━━━━━
   │
   ├ note: consider disabling this lint if you're certain the cast is safe
   │       
   │       // casting to 'uint160' is safe because [explain why]
   │       // forge-lint: disable-next-line(unsafe-typecast)
   │       
   │       
   ╰ help: https://book.getfoundry.sh/reference/forge/forge-lint#unsafe-typecast

warning[unsafe-typecast]: typecasts that can truncate values should be checked
   ╭▸ contracts/test/paper7/BLSGasMeasurement.t.sol:85:60
   │
85 │             aggregator.registerBLSPublicKey(validator, pk, uint8(i + 1), _pop(aggregator, validator, pk, scalar));
   │                                                            ━━━━━━━━━━━━
   │
   ├ note: consider disabling this lint if you're certain the cast is safe
   │       
   │       // casting to 'uint8' is safe because [explain why]
   │       // forge-lint: disable-next-line(unsafe-typecast)
   │       
   │       
   ╰ help: https://book.getfoundry.sh/reference/forge/forge-lint#unsafe-typecast

warning[erc20-unchecked-transfer]: ERC20 'transfer' and 'transferFrom' calls should check the return value
    ╭▸ contracts/test/halmos/D5c1Replay.t.sol:439:9
    │
439 │         tok.transferFrom(from, victim, half);
    │         ━━━━━━━━━━━━━━━━━━━━━━━━━━━━━━━━━━━━
    │
    ╰ help: https://book.getfoundry.sh/reference/forge/forge-lint#erc20-unchecked-transfer

warning[unsafe-typecast]: typecasts that can truncate values should be checked
    ╭▸ contracts/src/tokens/v2/xPNTsTokenV2.sol:161:39
    │
161 │         _auto[spender][owner].used += uint128(a);
    │                                       ━━━━━━━━━━
    │
    ├ note: consider disabling this lint if you're certain the cast is safe
    │       
    │       // casting to 'uint128' is safe because [explain why]
    │       // forge-lint: disable-next-line(unsafe-typecast)
    │       
    │       
    ╰ help: https://book.getfoundry.sh/reference/forge/forge-lint#unsafe-typecast

warning[unsafe-typecast]: typecasts that can truncate values should be checked
    ╭▸ contracts/src/tokens/v2/xPNTsTokenV2.sol:162:32
    │
162 │         _budget[owner].used += uint128(a);
    │                                ━━━━━━━━━━
    │
    ├ note: consider disabling this lint if you're certain the cast is safe
    │       
    │       // casting to 'uint128' is safe because [explain why]
    │       // forge-lint: disable-next-line(unsafe-typecast)
    │       
    │       
    ╰ help: https://book.getfoundry.sh/reference/forge/forge-lint#unsafe-typecast

warning[unsafe-typecast]: typecasts that can truncate values should be checked
    ╭▸ contracts/src/tokens/v2/xPNTsTokenV2.sol:180:29
    │
180 │         rl.dailyBurnTotal = uint128(newTotal);
    │                             ━━━━━━━━━━━━━━━━━
    │
    ├ note: consider disabling this lint if you're certain the cast is safe
    │       
    │       // casting to 'uint128' is safe because [explain why]
    │       // forge-lint: disable-next-line(unsafe-typecast)
    │       
    │       
    ╰ help: https://book.getfoundry.sh/reference/forge/forge-lint#unsafe-typecast

warning[unsafe-typecast]: typecasts that can truncate values should be checked
    ╭▸ contracts/test/v3/SuperPaymaster_PassiveFallback.t.sol:155:18
    │
155 │         assertEq(uint160(vd), 0, "setup: op admitted");
    │                  ━━━━━━━━━━━
    │
    ├ note: consider disabling this lint if you're certain the cast is safe
    │       
    │       // casting to 'uint160' is safe because [explain why]
    │       // forge-lint: disable-next-line(unsafe-typecast)
    │       
    │       
    ╰ help: https://book.getfoundry.sh/reference/forge/forge-lint#unsafe-typecast

warning[unsafe-typecast]: typecasts that can truncate values should be checked
    ╭▸ contracts/test/security/PoC_C01_CreditCeiling.t.sol:142:48
    │
142 │         (, uint256 validationData) = _validate(bytes32("c01"));
    │                                                ━━━━━━━━━━━━━━
    │
    ├ note: consider disabling this lint if you're certain the cast is safe
    │       
    │       // casting to 'bytes32' is safe because [explain why]
    │       // forge-lint: disable-next-line(unsafe-typecast)
    │       
    │       
    ╰ help: https://book.getfoundry.sh/reference/forge/forge-lint#unsafe-typecast

warning[unsafe-typecast]: typecasts that can truncate values should be checked
    ╭▸ contracts/test/security/PoC_C01_CreditCeiling.t.sol:147:18
    │
147 │         assertEq(uint160(validationData), 1, "zero-credit zero-balance user must be rejected");
    │                  ━━━━━━━━━━━━━━━━━━━━━━━
    │
    ├ note: consider disabling this lint if you're certain the cast is safe
    │       
    │       // casting to 'uint160' is safe because [explain why]
    │       // forge-lint: disable-next-line(unsafe-typecast)
    │       
    │       
    ╰ help: https://book.getfoundry.sh/reference/forge/forge-lint#unsafe-typecast

warning[unsafe-typecast]: typecasts that can truncate values should be checked
    ╭▸ contracts/test/security/PoC_C01_CreditCeiling.t.sol:151:45
    │
151 │         (address f,) = paymaster.inflightOf(bytes32("c01"));
    │                                             ━━━━━━━━━━━━━━
    │
    ├ note: consider disabling this lint if you're certain the cast is safe
    │       
    │       // casting to 'bytes32' is safe because [explain why]
    │       // forge-lint: disable-next-line(unsafe-typecast)
    │       
    │       
    ╰ help: https://book.getfoundry.sh/reference/forge/forge-lint#unsafe-typecast

warning[unsafe-typecast]: typecasts that can truncate values should be checked
    ╭▸ contracts/test/security/PoC_C01_CreditCeiling.t.sol:163:48
    │
163 │         (, uint256 validationData) = _validate(bytes32("c01-auto-0"));
    │                                                ━━━━━━━━━━━━━━━━━━━━━
    │
    ├ note: consider disabling this lint if you're certain the cast is safe
    │       
    │       // casting to 'bytes32' is safe because [explain why]
    │       // forge-lint: disable-next-line(unsafe-typecast)
    │       
    │       
    ╰ help: https://book.getfoundry.sh/reference/forge/forge-lint#unsafe-typecast

warning[unsafe-typecast]: typecasts that can truncate values should be checked
    ╭▸ contracts/test/security/PoC_C01_CreditCeiling.t.sol:165:18
    │
165 │         assertEq(uint160(validationData), 1, "AUTO with a zero tier must still reject");
    │                  ━━━━━━━━━━━━━━━━━━━━━━━
    │
    ├ note: consider disabling this lint if you're certain the cast is safe
    │       
    │       // casting to 'uint160' is safe because [explain why]
    │       // forge-lint: disable-next-line(unsafe-typecast)
    │       
    │       
    ╰ help: https://book.getfoundry.sh/reference/forge/forge-lint#unsafe-typecast

warning[unsafe-typecast]: typecasts that can truncate values should be checked
    ╭▸ contracts/test/security/PoC_C01_CreditCeiling.t.sol:178:52
    │
178 │         (bytes memory ctx, uint256 vd) = _validate(bytes32("c01-ok"));
    │                                                    ━━━━━━━━━━━━━━━━━
    │
    ├ note: consider disabling this lint if you're certain the cast is safe
    │       
    │       // casting to 'bytes32' is safe because [explain why]
    │       // forge-lint: disable-next-line(unsafe-typecast)
    │       
    │       
    ╰ help: https://book.getfoundry.sh/reference/forge/forge-lint#unsafe-typecast

warning[unsafe-typecast]: typecasts that can truncate values should be checked
    ╭▸ contracts/test/security/PoC_C01_CreditCeiling.t.sol:179:18
    │
179 │         assertEq(uint160(vd), 0, "within ceiling -> sponsored");
    │                  ━━━━━━━━━━━
    │
    ├ note: consider disabling this lint if you're certain the cast is safe
    │       
    │       // casting to 'uint160' is safe because [explain why]
    │       // forge-lint: disable-next-line(unsafe-typecast)
    │       
    │       
    ╰ help: https://book.getfoundry.sh/reference/forge/forge-lint#unsafe-typecast

warning[unsafe-typecast]: typecasts that can truncate values should be checked
    ╭▸ contracts/test/security/PoC_C01_CreditCeiling.t.sol:185:64
    │
185 │         (address f, uint256 inflightA0) = paymaster.inflightOf(bytes32("c01-ok"));
    │                                                                ━━━━━━━━━━━━━━━━━
    │
    ├ note: consider disabling this lint if you're certain the cast is safe
    │       
    │       // casting to 'bytes32' is safe because [explain why]
    │       // forge-lint: disable-next-line(unsafe-typecast)
    │       
    │       
    ╰ help: https://book.getfoundry.sh/reference/forge/forge-lint#unsafe-typecast

warning[unsafe-typecast]: typecasts that can truncate values should be checked
    ╭▸ contracts/test/security/PoC_C01_CreditCeiling.t.sol:209:18
    │
209 │         assertEq(uint160(vd1), 0, "op1 admitted");
    │                  ━━━━━━━━━━━━
    │
    ├ note: consider disabling this lint if you're certain the cast is safe
    │       
    │       // casting to 'uint160' is safe because [explain why]
    │       // forge-lint: disable-next-line(unsafe-typecast)
    │       
    │       
    ╰ help: https://book.getfoundry.sh/reference/forge/forge-lint#unsafe-typecast

warning[unsafe-typecast]: typecasts that can truncate values should be checked
    ╭▸ contracts/test/security/PoC_C01_CreditCeiling.t.sol:210:18
    │
210 │         assertEq(uint160(vd2), 0, "op2 admitted");
    │                  ━━━━━━━━━━━━
    │
    ├ note: consider disabling this lint if you're certain the cast is safe
    │       
    │       // casting to 'uint160' is safe because [explain why]
    │       // forge-lint: disable-next-line(unsafe-typecast)
    │       
    │       
    ╰ help: https://book.getfoundry.sh/reference/forge/forge-lint#unsafe-typecast

warning[unsafe-typecast]: typecasts that can truncate values should be checked
    ╭▸ contracts/test/security/PoC_C01_CreditCeiling.t.sol:211:18
    │
211 │         assertEq(uint160(vd3), 1, "op3 (k-th) rejected: debts + reserved + a0 > cap");
    │                  ━━━━━━━━━━━━
    │
    ├ note: consider disabling this lint if you're certain the cast is safe
    │       
    │       // casting to 'uint160' is safe because [explain why]
    │       // forge-lint: disable-next-line(unsafe-typecast)
    │       
    │       
    ╰ help: https://book.getfoundry.sh/reference/forge/forge-lint#unsafe-typecast

warning[unsafe-typecast]: typecasts that can truncate values should be checked
    ╭▸ contracts/test/security/PoC_C01_CreditCeiling.t.sol:230:18
    │
230 │         assertEq(uint160(vd1), 0, "op1 admitted");
    │                  ━━━━━━━━━━━━
    │
    ├ note: consider disabling this lint if you're certain the cast is safe
    │       
    │       // casting to 'uint160' is safe because [explain why]
    │       // forge-lint: disable-next-line(unsafe-typecast)
    │       
    │       
    ╰ help: https://book.getfoundry.sh/reference/forge/forge-lint#unsafe-typecast

warning[erc20-unchecked-transfer]: ERC20 'transfer' and 'transferFrom' calls should check the return value
   ╭▸ contracts/test/v3/xPNTsTokenFull.t.sol:72:9
   │
72 │         token.transferFrom(user, other, 10 ether);
   │         ━━━━━━━━━━━━━━━━━━━━━━━━━━━━━━━━━━━━━━━━━
   │
   ╰ help: https://book.getfoundry.sh/reference/forge/forge-lint#erc20-unchecked-transfer

warning[erc20-unchecked-transfer]: ERC20 'transfer' and 'transferFrom' calls should check the return value
    ╭▸ contracts/test/v3/xPNTsTokenFull.t.sol:172:9
    │
172 │         token.transfer(user, 15 ether);
    │         ━━━━━━━━━━━━━━━━━━━━━━━━━━━━━━
    │
    ╰ help: https://book.getfoundry.sh/reference/forge/forge-lint#erc20-unchecked-transfer

warning[erc20-unchecked-transfer]: ERC20 'transfer' and 'transferFrom' calls should check the return value
    ╭▸ contracts/test/v3/xPNTsTokenFull.t.sol:187:9
    │
187 │         token.transfer(user, 20 ether);
    │         ━━━━━━━━━━━━━━━━━━━━━━━━━━━━━━
    │
    ╰ help: https://book.getfoundry.sh/reference/forge/forge-lint#erc20-unchecked-transfer

warning[erc20-unchecked-transfer]: ERC20 'transfer' and 'transferFrom' calls should check the return value
    ╭▸ contracts/test/v3/xPNTsTokenFull.t.sol:213:9
    │
213 │         token.transfer(user, 100);
    │         ━━━━━━━━━━━━━━━━━━━━━━━━━
    │
    ╰ help: https://book.getfoundry.sh/reference/forge/forge-lint#erc20-unchecked-transfer

warning[erc20-unchecked-transfer]: ERC20 'transfer' and 'transferFrom' calls should check the return value
    ╭▸ contracts/test/v3/xPNTsTokenFull.t.sol:240:9
    │
240 │         token.transferFrom(user, paymaster, 4000 ether);
    │         ━━━━━━━━━━━━━━━━━━━━━━━━━━━━━━━━━━━━━━━━━━━━━━━
    │
    ╰ help: https://book.getfoundry.sh/reference/forge/forge-lint#erc20-unchecked-transfer

warning[block-timestamp]: usage of `block.timestamp` in a comparison may be manipulated by validators
    ╭▸ contracts/src/paymasters/superpaymaster/v3/SuperPaymaster.sol:432:13
    │
432 │         if (block.timestamp < pendingAPNTsTokenEta) revert InvalidConfiguration();
    │             ━━━━━━━━━━━━━━━━━━━━━━━━━━━━━━━━━━━━━━
    │
    ╰ help: https://book.getfoundry.sh/reference/forge/forge-lint#block-timestamp

warning[unsafe-typecast]: typecasts that can truncate values should be checked
    ╭▸ contracts/test/v3/DryRunValidation.t.sol:312:26
    │
312 │         assertEq(reason, bytes32("STALE_PRICE"), "reason: STALE_PRICE");
    │                          ━━━━━━━━━━━━━━━━━━━━━━
    │
    ├ note: consider disabling this lint if you're certain the cast is safe
    │       
    │       // casting to 'bytes32' is safe because [explain why]
    │       // forge-lint: disable-next-line(unsafe-typecast)
    │       
    │       
    ╰ help: https://book.getfoundry.sh/reference/forge/forge-lint#unsafe-typecast

warning[unsafe-typecast]: typecasts that can truncate values should be checked
    ╭▸ contracts/test/v3/DryRunValidation.t.sol:352:26
    │
352 │         assertEq(reason, bytes32("INSUFFICIENT_BALANCE"),
    │                          ━━━━━━━━━━━━━━━━━━━━━━━━━━━━━━━
    │
    ├ note: consider disabling this lint if you're certain the cast is safe
    │       
    │       // casting to 'bytes32' is safe because [explain why]
    │       // forge-lint: disable-next-line(unsafe-typecast)
    │       
    │       
    ╰ help: https://book.getfoundry.sh/reference/forge/forge-lint#unsafe-typecast

warning[unsafe-typecast]: typecasts that can truncate values should be checked
    ╭▸ contracts/test/v3/DryRunValidation.t.sol:367:26
    │
367 │         assertEq(reason, bytes32("STALE_PRICE"),
    │                          ━━━━━━━━━━━━━━━━━━━━━━
    │
    ├ note: consider disabling this lint if you're certain the cast is safe
    │       
    │       // casting to 'bytes32' is safe because [explain why]
    │       // forge-lint: disable-next-line(unsafe-typecast)
    │       
    │       
    ╰ help: https://book.getfoundry.sh/reference/forge/forge-lint#unsafe-typecast

warning[unsafe-typecast]: typecasts that can truncate values should be checked
    ╭▸ contracts/test/v3/DryRunValidation.t.sol:389:26
    │
389 │         assertEq(reason, bytes32("TOKEN_MISMATCH"), "missing token field -> TOKEN_MISMATCH");
    │                          ━━━━━━━━━━━━━━━━━━━━━━━━━
    │
    ├ note: consider disabling this lint if you're certain the cast is safe
    │       
    │       // casting to 'bytes32' is safe because [explain why]
    │       // forge-lint: disable-next-line(unsafe-typecast)
    │       
    │       
    ╰ help: https://book.getfoundry.sh/reference/forge/forge-lint#unsafe-typecast

warning[unsafe-typecast]: typecasts that can truncate values should be checked
    ╭▸ contracts/test/v3/DryRunValidation.t.sol:390:29
    │
390 │         assertNotEq(reason, bytes32("RATE_COMMITMENT_VIOLATED"),
    │                             ━━━━━━━━━━━━━━━━━━━━━━━━━━━━━━━━━━━
    │
    ├ note: consider disabling this lint if you're certain the cast is safe
    │       
    │       // casting to 'bytes32' is safe because [explain why]
    │       // forge-lint: disable-next-line(unsafe-typecast)
    │       
    │       
    ╰ help: https://book.getfoundry.sh/reference/forge/forge-lint#unsafe-typecast

warning[unsafe-typecast]: typecasts that can truncate values should be checked
    ╭▸ contracts/test/v3/DryRunValidation.t.sol:396:39
    │
396 │         _assertRejectAgrees(op, 1000, bytes32("TOKEN_MISMATCH"));
    │                                       ━━━━━━━━━━━━━━━━━━━━━━━━━
    │
    ├ note: consider disabling this lint if you're certain the cast is safe
    │       
    │       // casting to 'bytes32' is safe because [explain why]
    │       // forge-lint: disable-next-line(unsafe-typecast)
    │       
    │       
    ╰ help: https://book.getfoundry.sh/reference/forge/forge-lint#unsafe-typecast

warning[unsafe-typecast]: typecasts that can truncate values should be checked
    ╭▸ contracts/test/v3/DryRunValidation.t.sol:422:26
    │
422 │         assertEq(reason, bytes32("STALE_PRICE"),
    │                          ━━━━━━━━━━━━━━━━━━━━━━
    │
    ├ note: consider disabling this lint if you're certain the cast is safe
    │       
    │       // casting to 'bytes32' is safe because [explain why]
    │       // forge-lint: disable-next-line(unsafe-typecast)
    │       
    │       
    ╰ help: https://book.getfoundry.sh/reference/forge/forge-lint#unsafe-typecast

warning[unsafe-typecast]: typecasts that can truncate values should be checked
    ╭▸ contracts/test/security/PoC_C01_CreditCeiling.t.sol:241:18
    │
241 │         assertEq(uint160(vdLow), 1, "debts + a0 > cap -> rejected");
    │                  ━━━━━━━━━━━━━━
    │
    ├ note: consider disabling this lint if you're certain the cast is safe
    │       
    │       // casting to 'uint160' is safe because [explain why]
    │       // forge-lint: disable-next-line(unsafe-typecast)
    │       
    │       
    ╰ help: https://book.getfoundry.sh/reference/forge/forge-lint#unsafe-typecast

warning[unsafe-typecast]: typecasts that can truncate values should be checked
    ╭▸ contracts/test/security/PoC_C01_CreditCeiling.t.sol:247:18
    │
247 │         assertEq(uint160(vdEq), 0, "debts + a0 == cap -> admitted");
    │                  ━━━━━━━━━━━━━
    │
    ├ note: consider disabling this lint if you're certain the cast is safe
    │       
    │       // casting to 'uint160' is safe because [explain why]
    │       // forge-lint: disable-next-line(unsafe-typecast)
    │       
    │       
    ╰ help: https://book.getfoundry.sh/reference/forge/forge-lint#unsafe-typecast

warning[unsafe-typecast]: typecasts that can truncate values should be checked
    ╭▸ contracts/test/security/PoC_C01_CreditCeiling.t.sol:263:17
    │
263 │             if (uint160(vd) == 0) ctxs[admitted++] = ctx;
    │                 ━━━━━━━━━━━
    │
    ├ note: consider disabling this lint if you're certain the cast is safe
    │       
    │       // casting to 'uint160' is safe because [explain why]
    │       // forge-lint: disable-next-line(unsafe-typecast)
    │       
    │       
    ╰ help: https://book.getfoundry.sh/reference/forge/forge-lint#unsafe-typecast

warning[unsafe-typecast]: typecasts that can truncate values should be checked
    ╭▸ contracts/test/security/PoC_C01_CreditCeiling.t.sol:301:46
    │
301 │ …     uint256 aGas = Math.mulDiv(maxCost * uint256(price), 1e18, (10 ** uint256(dec)) * paymaster.aPNTsPriceUSD(), Math.Rounding.Ceil…
    │                                            ━━━━━━━━━━━━━━
    │
    ├ note: consider disabling this lint if you're certain the cast is safe
    │       
    │       // casting to 'uint256' is safe because [explain why]
    │       // forge-lint: disable-next-line(unsafe-typecast)
    │       
    │       
    ╰ help: https://book.getfoundry.sh/reference/forge/forge-lint#unsafe-typecast

warning[unsafe-typecast]: typecasts that can truncate values should be checked
    ╭▸ contracts/test/paper7/BLSGasMeasurement.t.sol:223:53
    │
223 │             users[i] = address(uint160(firstUser) + uint160(i));
    │                                                     ━━━━━━━━━━
    │
    ├ note: consider disabling this lint if you're certain the cast is safe
    │       
    │       // casting to 'uint160' is safe because [explain why]
    │       // forge-lint: disable-next-line(unsafe-typecast)
    │       
    │       
    ╰ help: https://book.getfoundry.sh/reference/forge/forge-lint#unsafe-typecast

warning[unsafe-typecast]: typecasts that can truncate values should be checked
    ╭▸ contracts/test/v3/DryRunValidation.t.sol:434:26
    │
434 │         assertEq(reason, bytes32("RATE_COMMITMENT_VIOLATED"),
    │                          ━━━━━━━━━━━━━━━━━━━━━━━━━━━━━━━━━━━
    │
    ├ note: consider disabling this lint if you're certain the cast is safe
    │       
    │       // casting to 'bytes32' is safe because [explain why]
    │       // forge-lint: disable-next-line(unsafe-typecast)
    │       
    │       
    ╰ help: https://book.getfoundry.sh/reference/forge/forge-lint#unsafe-typecast

warning[unsafe-typecast]: typecasts that can truncate values should be checked
    ╭▸ contracts/test/v3/DryRunValidation.t.sol:452:39
    │
452 │         _assertRejectAgrees(op, 1000, bytes32("POSTOP_GAS_TOO_LOW"));
    │                                       ━━━━━━━━━━━━━━━━━━━━━━━━━━━━━
    │
    ├ note: consider disabling this lint if you're certain the cast is safe
    │       
    │       // casting to 'bytes32' is safe because [explain why]
    │       // forge-lint: disable-next-line(unsafe-typecast)
    │       
    │       
    ╰ help: https://book.getfoundry.sh/reference/forge/forge-lint#unsafe-typecast

warning[unsafe-typecast]: typecasts that can truncate values should be checked
    ╭▸ contracts/test/v3/DryRunValidation.t.sol:466:39
    │
466 │         _assertRejectAgrees(op, 1000, bytes32("TOKEN_MISMATCH"));
    │                                       ━━━━━━━━━━━━━━━━━━━━━━━━━
    │
    ├ note: consider disabling this lint if you're certain the cast is safe
    │       
    │       // casting to 'bytes32' is safe because [explain why]
    │       // forge-lint: disable-next-line(unsafe-typecast)
    │       
    │       
    ╰ help: https://book.getfoundry.sh/reference/forge/forge-lint#unsafe-typecast

warning[unsafe-typecast]: typecasts that can truncate values should be checked
    ╭▸ contracts/test/v3/DryRunValidation.t.sol:469:39
    │
469 │         _assertRejectAgrees(op, 1000, bytes32("TOKEN_MISMATCH"));
    │                                       ━━━━━━━━━━━━━━━━━━━━━━━━━
    │
    ├ note: consider disabling this lint if you're certain the cast is safe
    │       
    │       // casting to 'bytes32' is safe because [explain why]
    │       // forge-lint: disable-next-line(unsafe-typecast)
    │       
    │       
    ╰ help: https://book.getfoundry.sh/reference/forge/forge-lint#unsafe-typecast

warning[unsafe-typecast]: typecasts that can truncate values should be checked
    ╭▸ contracts/test/v3/DryRunValidation.t.sol:475:39
    │
475 │         _assertRejectAgrees(op, 1000, bytes32("TOKEN_MISMATCH"));
    │                                       ━━━━━━━━━━━━━━━━━━━━━━━━━
    │
    ├ note: consider disabling this lint if you're certain the cast is safe
    │       
    │       // casting to 'bytes32' is safe because [explain why]
    │       // forge-lint: disable-next-line(unsafe-typecast)
    │       
    │       
    ╰ help: https://book.getfoundry.sh/reference/forge/forge-lint#unsafe-typecast

warning[unsafe-typecast]: typecasts that can truncate values should be checked
   ╭▸ contracts/test/security/CC48CreditScheduleControls.t.sol:78:24
   │
78 │         return address(uint160(0xC000 + i));
   │                        ━━━━━━━━━━━━━━━━━━━
   │
   ├ note: consider disabling this lint if you're certain the cast is safe
   │       
   │       // casting to 'uint160' is safe because [explain why]
   │       // forge-lint: disable-next-line(unsafe-typecast)
   │       
   │       
   ╰ help: https://book.getfoundry.sh/reference/forge/forge-lint#unsafe-typecast

warning[block-timestamp]: usage of `block.timestamp` in a comparison may be manipulated by validators
    ╭▸ contracts/src/paymasters/superpaymaster/v3/SuperPaymaster.sol:546:20
    │
546 │             return block.timestamp > chainlinkUpdatedAt + CHAINLINK_STALE_THRESHOLD;
    │                    ━━━━━━━━━━━━━━━━━━━━━━━━━━━━━━━━━━━━━━━━━━━━━━━━━━━━━━━━━━━━━━━━
    │
    ╰ help: https://book.getfoundry.sh/reference/forge/forge-lint#block-timestamp

warning[block-timestamp]: usage of `block.timestamp` in a comparison may be manipulated by validators
    ╭▸ contracts/src/paymasters/superpaymaster/v3/SuperPaymaster.sol:577:42
    │
577 │         if (emergencyActivatedAt != 0 && block.timestamp > emergencyActivatedAt + EMERGENCY_EXPIRY) {
    │                                          ━━━━━━━━━━━━━━━━━━━━━━━━━━━━━━━━━━━━━━━━━━━━━━━━━━━━━━━━━
    │
    ╰ help: https://book.getfoundry.sh/reference/forge/forge-lint#block-timestamp

warning[unsafe-typecast]: typecasts that can truncate values should be checked
   ╭▸ contracts/test/security/CC48VerifierConformance.t.sol:35:43
   │
35 │         return fraudProof.length == 32 && bytes32(fraudProof) == expected;
   │                                           ━━━━━━━━━━━━━━━━━━━
   │
   ├ note: consider disabling this lint if you're certain the cast is safe
   │       
   │       // casting to 'bytes32' is safe because [explain why]
   │       // forge-lint: disable-next-line(unsafe-typecast)
   │       
   │       
   ╰ help: https://book.getfoundry.sh/reference/forge/forge-lint#unsafe-typecast

warning[unsafe-typecast]: typecasts that can truncate values should be checked
   ╭▸ contracts/test/security/CC48VerifierConformance.t.sol:59:51
   │
59 │         return fraudProof.length == 32 && uint256(bytes32(fraudProof)) == fraudProofId;
   │                                                   ━━━━━━━━━━━━━━━━━━━
   │
   ├ note: consider disabling this lint if you're certain the cast is safe
   │       
   │       // casting to 'bytes32' is safe because [explain why]
   │       // forge-lint: disable-next-line(unsafe-typecast)
   │       
   │       
   ╰ help: https://book.getfoundry.sh/reference/forge/forge-lint#unsafe-typecast

warning[block-timestamp]: usage of `block.timestamp` in a comparison may be manipulated by validators
    ╭▸ contracts/src/paymasters/superpaymaster/v3/SuperPaymaster.sol:613:13
    │
613 │         if (block.timestamp < emergencyQueuedAt + EMERGENCY_TIMELOCK) {
    │             ━━━━━━━━━━━━━━━━━━━━━━━━━━━━━━━━━━━━━━━━━━━━━━━━━━━━━━━━
    │
    ╰ help: https://book.getfoundry.sh/reference/forge/forge-lint#block-timestamp

warning[block-timestamp]: usage of `block.timestamp` in a comparison may be manipulated by validators
    ╭▸ contracts/src/paymasters/superpaymaster/v3/SuperPaymaster.sol:703:13
    │
703 │         if (updatedAt < block.timestamp - 2 hours) revert OracleError(); // Must be recent
    │             ━━━━━━━━━━━━━━━━━━━━━━━━━━━━━━━━━━━━━
    │
    ╰ help: https://book.getfoundry.sh/reference/forge/forge-lint#block-timestamp

warning[block-timestamp]: usage of `block.timestamp` in a comparison may be manipulated by validators
    ╭▸ contracts/src/paymasters/superpaymaster/v3/SuperPaymaster.sol:712:13
    │
712 │         if (updatedAt > block.timestamp + TIMESTAMP_GRACE_SECONDS) revert OracleError();
    │             ━━━━━━━━━━━━━━━━━━━━━━━━━━━━━━━━━━━━━━━━━━━━━━━━━━━━━
    │
    ╰ help: https://book.getfoundry.sh/reference/forge/forge-lint#block-timestamp

warning[block-timestamp]: usage of `block.timestamp` in a comparison may be manipulated by validators
    ╭▸ contracts/src/paymasters/superpaymaster/v3/SuperPaymaster.sol:731:39
    │
731 │             if (chainlinkPrice > 0 && block.timestamp - chainlinkUpdatedAt < 2 hours) {
    │                                       ━━━━━━━━━━━━━━━━━━━━━━━━━━━━━━━━━━━━━━━━━━━━━━
    │
    ╰ help: https://book.getfoundry.sh/reference/forge/forge-lint#block-timestamp

warning[block-timestamp]: usage of `block.timestamp` in a comparison may be manipulated by validators
    ╭▸ contracts/test/security/PoC_C03_RecipientRedirect.t.sol:109:17
    │
109 │         require(block.timestamp > validAfter, "authorization not yet valid");
    │                 ━━━━━━━━━━━━━━━━━━━━━━━━━━━━
    │
    ╰ help: https://book.getfoundry.sh/reference/forge/forge-lint#block-timestamp

warning[block-timestamp]: usage of `block.timestamp` in a comparison may be manipulated by validators
    ╭▸ contracts/test/security/PoC_C03_RecipientRedirect.t.sol:110:17
    │
110 │         require(block.timestamp < validBefore, "authorization expired");
    │                 ━━━━━━━━━━━━━━━━━━━━━━━━━━━━━
    │
    ╰ help: https://book.getfoundry.sh/reference/forge/forge-lint#block-timestamp

warning[block-timestamp]: usage of `block.timestamp` in a comparison may be manipulated by validators
    ╭▸ contracts/test/security/PoC_C03_RecipientRedirect.t.sol:131:17
    │
131 │         require(block.timestamp > validAfter, "authorization not yet valid");
    │                 ━━━━━━━━━━━━━━━━━━━━━━━━━━━━
    │
    ╰ help: https://book.getfoundry.sh/reference/forge/forge-lint#block-timestamp

warning[unsafe-typecast]: typecasts that can truncate values should be checked
    ╭▸ contracts/src/tokens/v2/xPNTsTokenV2.sol:237:40
    │
237 │         _auto[msg.sender][user].used = uint128(usedA + reserveAPNTs);
    │                                        ━━━━━━━━━━━━━━━━━━━━━━━━━━━━━
    │
    ├ note: consider disabling this lint if you're certain the cast is safe
    │       
    │       // casting to 'uint128' is safe because [explain why]
    │       // forge-lint: disable-next-line(unsafe-typecast)
    │       
    │       
    ╰ help: https://book.getfoundry.sh/reference/forge/forge-lint#unsafe-typecast

warning[unsafe-typecast]: typecasts that can truncate values should be checked
    ╭▸ contracts/src/tokens/v2/xPNTsTokenV2.sol:238:30
    │
238 │         _budget[user].used = uint128(usedB + reserveAPNTs);
    │                              ━━━━━━━━━━━━━━━━━━━━━━━━━━━━━
    │
    ├ note: consider disabling this lint if you're certain the cast is safe
    │       
    │       // casting to 'uint128' is safe because [explain why]
    │       // forge-lint: disable-next-line(unsafe-typecast)
    │       
    │       
    ╰ help: https://book.getfoundry.sh/reference/forge/forge-lint#unsafe-typecast

warning[unsafe-typecast]: typecasts that can truncate values should be checked
    ╭▸ contracts/src/tokens/v2/xPNTsTokenV2.sol:240:40
    │
240 │         _locks[opHash][user] = LockRec(uint128(x), uint128(reserveAPNTs), msg.sender);
    │                                        ━━━━━━━━━━
    │
    ├ note: consider disabling this lint if you're certain the cast is safe
    │       
    │       // casting to 'uint128' is safe because [explain why]
    │       // forge-lint: disable-next-line(unsafe-typecast)
    │       
    │       
    ╰ help: https://book.getfoundry.sh/reference/forge/forge-lint#unsafe-typecast

warning[block-timestamp]: usage of `block.timestamp` in a comparison may be manipulated by validators
    ╭▸ contracts/src/paymasters/superpaymaster/v3/SuperPaymaster.sol:895:45
    │
895 │         if (msg.sender == BLS_AGGREGATOR && uint48(block.timestamp) < _blsCooldownEnd(operator)) revert SlashCooldown();
    │                                             ━━━━━━━━━━━━━━━━━━━━━━━━━━━━━━━━━━━━━━━━━━━━━━━━━━━
    │
    ╰ help: https://book.getfoundry.sh/reference/forge/forge-lint#block-timestamp

warning[block-timestamp]: usage of `block.timestamp` in a comparison may be manipulated by validators
    ╭▸ contracts/src/paymasters/superpaymaster/v3/SuperPaymaster.sol:950:13
    │
950 │         if (uint48(block.timestamp) < _slashCd[operator]) revert SlashCooldown();
    │             ━━━━━━━━━━━━━━━━━━━━━━━━━━━━━━━━━━━━━━━━━━━━
    │
    ╰ help: https://book.getfoundry.sh/reference/forge/forge-lint#block-timestamp

warning[block-timestamp]: usage of `block.timestamp` in a comparison may be manipulated by validators
    ╭▸ contracts/src/paymasters/superpaymaster/v3/SuperPaymaster.sol:982:13
    │
982 │         if (uint48(block.timestamp) < _blsCooldownEnd(operator)) revert SlashCooldown();
    │             ━━━━━━━━━━━━━━━━━━━━━━━━━━━━━━━━━━━━━━━━━━━━━━━━━━━
    │
    ╰ help: https://book.getfoundry.sh/reference/forge/forge-lint#block-timestamp

warning[unsafe-typecast]: typecasts that can truncate values should be checked
    ╭▸ contracts/test/v2/SuperPaymasterV55Fuzz.t.sol:464:56
    │
464 │         op.accountGasLimits = bytes32(abi.encodePacked(uint128(VERIF_GAS), uint128(100_000)));
    │                                                        ━━━━━━━━━━━━━━━━━━
    │
    ├ note: consider disabling this lint if you're certain the cast is safe
    │       
    │       // casting to 'uint128' is safe because [explain why]
    │       // forge-lint: disable-next-line(unsafe-typecast)
    │       
    │       
    ╰ help: https://book.getfoundry.sh/reference/forge/forge-lint#unsafe-typecast

warning[unsafe-typecast]: typecasts that can truncate values should be checked
    ╭▸ contracts/test/v2/SuperPaymasterV55Fuzz.t.sol:468:26
    │
468 │             address(sp), uint128(PM_VERIF_GAS), uint128(MIN_POST_OP_GAS), opr[0], type(uint256).max, address(tok[0]), uint8(0)
    │                          ━━━━━━━━━━━━━━━━━━━━━
    │
    ├ note: consider disabling this lint if you're certain the cast is safe
    │       
    │       // casting to 'uint128' is safe because [explain why]
    │       // forge-lint: disable-next-line(unsafe-typecast)
    │       
    │       
    ╰ help: https://book.getfoundry.sh/reference/forge/forge-lint#unsafe-typecast

warning[unsafe-typecast]: typecasts that can truncate values should be checked
    ╭▸ contracts/test/v2/SuperPaymasterV55Fuzz.t.sol:468:49
    │
468 │             address(sp), uint128(PM_VERIF_GAS), uint128(MIN_POST_OP_GAS), opr[0], type(uint256).max, address(tok[0]), uint8(0)
    │                                                 ━━━━━━━━━━━━━━━━━━━━━━━━
    │
    ├ note: consider disabling this lint if you're certain the cast is safe
    │       
    │       // casting to 'uint128' is safe because [explain why]
    │       // forge-lint: disable-next-line(unsafe-typecast)
    │       
    │       
    ╰ help: https://book.getfoundry.sh/reference/forge/forge-lint#unsafe-typecast

warning[unsafe-typecast]: typecasts that can truncate values should be checked
    ╭▸ contracts/test/v2/SuperPaymasterV55Fuzz.t.sol:554:19
    │
554 │         x.price = uint256(p);
    │                   ━━━━━━━━━━
    │
    ├ note: consider disabling this lint if you're certain the cast is safe
    │       
    │       // casting to 'uint256' is safe because [explain why]
    │       // forge-lint: disable-next-line(unsafe-typecast)
    │       
    │       
    ╰ help: https://book.getfoundry.sh/reference/forge/forge-lint#unsafe-typecast

warning[unsafe-typecast]: typecasts that can truncate values should be checked
    ╭▸ contracts/test/security/CC48VerifierConformance.t.sol:316:18
    │
316 │         assertEq(bytes4(ret), Conformance.VerifierAcceptsGuardianSuperset.selector);
    │                  ━━━━━━━━━━━
    │
    ├ note: consider disabling this lint if you're certain the cast is safe
    │       
    │       // casting to 'bytes4' is safe because [explain why]
    │       // forge-lint: disable-next-line(unsafe-typecast)
    │       
    │       
    ╰ help: https://book.getfoundry.sh/reference/forge/forge-lint#unsafe-typecast

warning[block-timestamp]: usage of `block.timestamp` in a comparison may be manipulated by validators
    ╭▸ contracts/test/security/PoC_C03_RecipientRedirect.t.sol:132:17
    │
132 │         require(block.timestamp < validBefore, "authorization expired");
    │                 ━━━━━━━━━━━━━━━━━━━━━━━━━━━━━
    │
    ╰ help: https://book.getfoundry.sh/reference/forge/forge-lint#block-timestamp

warning[erc20-unchecked-transfer]: ERC20 'transfer' and 'transferFrom' calls should check the return value
    ╭▸ contracts/test/v3/xPNTsTokenFull.t.sol:246:9
    │
246 │         token.transferFrom(user, paymaster, 6000 ether); // > 5000 limit
    │         ━━━━━━━━━━━━━━━━━━━━━━━━━━━━━━━━━━━━━━━━━━━━━━━
    │
    ╰ help: https://book.getfoundry.sh/reference/forge/forge-lint#erc20-unchecked-transfer

warning[erc20-unchecked-transfer]: ERC20 'transfer' and 'transferFrom' calls should check the return value
    ╭▸ contracts/test/v3/xPNTsTokenFull.t.sol:301:9
    │
301 │         token.transferFrom(user, attacker, 500 ether);
    │         ━━━━━━━━━━━━━━━━━━━━━━━━━━━━━━━━━━━━━━━━━━━━━
    │
    ╰ help: https://book.getfoundry.sh/reference/forge/forge-lint#erc20-unchecked-transfer

warning[unsafe-typecast]: typecasts that can truncate values should be checked
   ╭▸ contracts/test/security/CC48GovernanceOwnerGate.t.sol:71:22
   │
71 │         bytes4 sel = bytes4(data);
   │                      ━━━━━━━━━━━━
   │
   ├ note: consider disabling this lint if you're certain the cast is safe
   │       
   │       // casting to 'bytes4' is safe because [explain why]
   │       // forge-lint: disable-next-line(unsafe-typecast)
   │       
   │       
   ╰ help: https://book.getfoundry.sh/reference/forge/forge-lint#unsafe-typecast

warning[erc20-unchecked-transfer]: ERC20 'transfer' and 'transferFrom' calls should check the return value
   ╭▸ contracts/test/v3/CreditSystem.t.sol:82:9
   │
82 │         token.transfer(user, 15 ether);
   │         ━━━━━━━━━━━━━━━━━━━━━━━━━━━━━━
   │
   ╰ help: https://book.getfoundry.sh/reference/forge/forge-lint#erc20-unchecked-transfer

warning[erc20-unchecked-transfer]: ERC20 'transfer' and 'transferFrom' calls should check the return value
    ╭▸ contracts/test/v3/CreditSystem.t.sol:105:9
    │
105 │         token.transferFrom(sender, user, 15 ether);
    │         ━━━━━━━━━━━━━━━━━━━━━━━━━━━━━━━━━━━━━━━━━━
    │
    ╰ help: https://book.getfoundry.sh/reference/forge/forge-lint#erc20-unchecked-transfer

warning[unsafe-typecast]: typecasts that can truncate values should be checked
    ╭▸ contracts/src/tokens/v2/xPNTsV2Base.sol:295:45
    │
295 │         a.used = a.used > amount ? a.used - uint128(amount) : 0;
    │                                             ━━━━━━━━━━━━━━━
    │
    ├ note: consider disabling this lint if you're certain the cast is safe
    │       
    │       // casting to 'uint128' is safe because [explain why]
    │       // forge-lint: disable-next-line(unsafe-typecast)
    │       
    │       
    ╰ help: https://book.getfoundry.sh/reference/forge/forge-lint#unsafe-typecast

warning[unsafe-typecast]: typecasts that can truncate values should be checked
    ╭▸ contracts/src/tokens/v2/xPNTsTokenV2.sol:240:52
    │
240 │         _locks[opHash][user] = LockRec(uint128(x), uint128(reserveAPNTs), msg.sender);
    │                                                    ━━━━━━━━━━━━━━━━━━━━━
    │
    ├ note: consider disabling this lint if you're certain the cast is safe
    │       
    │       // casting to 'uint128' is safe because [explain why]
    │       // forge-lint: disable-next-line(unsafe-typecast)
    │       
    │       
    ╰ help: https://book.getfoundry.sh/reference/forge/forge-lint#unsafe-typecast

warning[unsafe-typecast]: typecasts that can truncate values should be checked
    ╭▸ contracts/src/tokens/v2/xPNTsTokenV2.sol:305:46
    │
305 │         _creditRes[opHash][user] = CreditRes(uint128(aPNTs), msg.sender);
    │                                              ━━━━━━━━━━━━━━
    │
    ├ note: consider disabling this lint if you're certain the cast is safe
    │       
    │       // casting to 'uint128' is safe because [explain why]
    │       // forge-lint: disable-next-line(unsafe-typecast)
    │       
    │       
    ╰ help: https://book.getfoundry.sh/reference/forge/forge-lint#unsafe-typecast

warning[unsafe-typecast]: typecasts that can truncate values should be checked
    ╭▸ contracts/src/tokens/v2/xPNTsV2Base.sol:297:45
    │
297 │         b.used = b.used > amount ? b.used - uint128(amount) : 0;
    │                                             ━━━━━━━━━━━━━━━
    │
    ├ note: consider disabling this lint if you're certain the cast is safe
    │       
    │       // casting to 'uint128' is safe because [explain why]
    │       // forge-lint: disable-next-line(unsafe-typecast)
    │       
    │       
    ╰ help: https://book.getfoundry.sh/reference/forge/forge-lint#unsafe-typecast

warning[unsafe-typecast]: typecasts that can truncate values should be checked
    ╭▸ contracts/test/v2/SuperPaymasterV55Fuzz.t.sol:722:62
    │
722 │             o.op.accountGasLimits = bytes32(abi.encodePacked(uint128(VERIF_GAS), o.callGas));
    │                                                              ━━━━━━━━━━━━━━━━━━
    │
    ├ note: consider disabling this lint if you're certain the cast is safe
    │       
    │       // casting to 'uint128' is safe because [explain why]
    │       // forge-lint: disable-next-line(unsafe-typecast)
    │       
    │       
    ╰ help: https://book.getfoundry.sh/reference/forge/forge-lint#unsafe-typecast

warning[unsafe-typecast]: typecasts that can truncate values should be checked
    ╭▸ contracts/test/v2/SuperPaymasterV55Fuzz.t.sol:726:30
    │
726 │                 address(sp), uint128(PM_VERIF_GAS), o.postGas, opr[o.t], type(uint256).max, address(tok[o.t]), uint8(0)
    │                              ━━━━━━━━━━━━━━━━━━━━━
    │
    ├ note: consider disabling this lint if you're certain the cast is safe
    │       
    │       // casting to 'uint128' is safe because [explain why]
    │       // forge-lint: disable-next-line(unsafe-typecast)
    │       
    │       
    ╰ help: https://book.getfoundry.sh/reference/forge/forge-lint#unsafe-typecast

warning[unsafe-typecast]: typecasts that can truncate values should be checked
    ╭▸ contracts/test/security/CC48GovernanceOwnerGate.t.sol:629:51
    │
629 │             huge = abi.encodePacked(huge, uint256(uint160(uint256(1000 + i))));
    │                                                   ━━━━━━━━━━━━━━━━━━━━━━━━━━
    │
    ├ note: consider disabling this lint if you're certain the cast is safe
    │       
    │       // casting to 'uint160' is safe because [explain why]
    │       // forge-lint: disable-next-line(unsafe-typecast)
    │       
    │       
    ╰ help: https://book.getfoundry.sh/reference/forge/forge-lint#unsafe-typecast

warning[unsafe-typecast]: typecasts that can truncate values should be checked
    ╭▸ contracts/test/v3/Registry_BLSMockedPaths.t.sol:153:32
    │
153 │             users[i] = address(uint160(1000 + i));
    │                                ━━━━━━━━━━━━━━━━━
    │
    ├ note: consider disabling this lint if you're certain the cast is safe
    │       
    │       // casting to 'uint160' is safe because [explain why]
    │       // forge-lint: disable-next-line(unsafe-typecast)
    │       
    │       
    ╰ help: https://book.getfoundry.sh/reference/forge/forge-lint#unsafe-typecast

warning[block-timestamp]: usage of `block.timestamp` in a comparison may be manipulated by validators
   ╭▸ contracts/src/tokens/v2/AOAProtocolRegistry.sol:76:13
   │
76 │         if (block.timestamp < eta) revert TimelockActive(eta);
   │             ━━━━━━━━━━━━━━━━━━━━━
   │
   ╰ help: https://book.getfoundry.sh/reference/forge/forge-lint#block-timestamp

warning[unsafe-typecast]: typecasts that can truncate values should be checked
    ╭▸ contracts/test/v3/Registry_BLSMockedPaths.t.sol:269:32
    │
269 │             users[i] = address(uint160(2000 + i));
    │                                ━━━━━━━━━━━━━━━━━
    │
    ├ note: consider disabling this lint if you're certain the cast is safe
    │       
    │       // casting to 'uint160' is safe because [explain why]
    │       // forge-lint: disable-next-line(unsafe-typecast)
    │       
    │       
    ╰ help: https://book.getfoundry.sh/reference/forge/forge-lint#unsafe-typecast

warning[unsafe-typecast]: typecasts that can truncate values should be checked
   ╭▸ contracts/test/modules/GuardianSlashE2E.t.sol:41:30
   │
41 │         lockAmt[operator] -= uint128(penalty);
   │                              ━━━━━━━━━━━━━━━━
   │
   ├ note: consider disabling this lint if you're certain the cast is safe
   │       
   │       // casting to 'uint128' is safe because [explain why]
   │       // forge-lint: disable-next-line(unsafe-typecast)
   │       
   │       
   ╰ help: https://book.getfoundry.sh/reference/forge/forge-lint#unsafe-typecast

warning[unsafe-typecast]: typecasts that can truncate values should be checked
    ╭▸ contracts/test/modules/GuardianSlashE2E.t.sol:201:41
    │
201 │             staking.setLock(signers[i], uint128(MIN_STAKE)); // exactly at floor
    │                                         ━━━━━━━━━━━━━━━━━━
    │
    ├ note: consider disabling this lint if you're certain the cast is safe
    │       
    │       // casting to 'uint128' is safe because [explain why]
    │       // forge-lint: disable-next-line(unsafe-typecast)
    │       
    │       
    ╰ help: https://book.getfoundry.sh/reference/forge/forge-lint#unsafe-typecast

warning[block-timestamp]: usage of `block.timestamp` in a comparison may be manipulated by validators
    ╭▸ contracts/test/v3/SuperPaymasterV5Features.t.sol:166:17
    │
166 │         require(block.timestamp > validAfter, "authorization not yet valid");
    │                 ━━━━━━━━━━━━━━━━━━━━━━━━━━━━
    │
    ╰ help: https://book.getfoundry.sh/reference/forge/forge-lint#block-timestamp

warning[unsafe-typecast]: typecasts that can truncate values should be checked
    ╭▸ contracts/test/security/CC48CoreFixes.t.sol:166:24
    │
166 │         return address(uint160(0xA000 + i));
    │                        ━━━━━━━━━━━━━━━━━━━
    │
    ├ note: consider disabling this lint if you're certain the cast is safe
    │       
    │       // casting to 'uint160' is safe because [explain why]
    │       // forge-lint: disable-next-line(unsafe-typecast)
    │       
    │       
    ╰ help: https://book.getfoundry.sh/reference/forge/forge-lint#unsafe-typecast

warning[block-timestamp]: usage of `block.timestamp` in a comparison may be manipulated by validators
     ╭▸ contracts/src/paymasters/superpaymaster/v3/SuperPaymaster.sol:1073:13
     │
1073 │         if (uint48(block.timestamp) < pendingBLSAggEta) revert InvalidConfiguration();
     │             ━━━━━━━━━━━━━━━━━━━━━━━━━━━━━━━━━━━━━━━━━━
     │
     ╰ help: https://book.getfoundry.sh/reference/forge/forge-lint#block-timestamp

warning[unsafe-typecast]: typecasts that can truncate values should be checked
   ╭▸ contracts/src/tokens/v2/AOAProtocolRegistry.sol:68:22
   │
68 │         uint64 eta = uint64(block.timestamp + TIMELOCK);
   │                      ━━━━━━━━━━━━━━━━━━━━━━━━━━━━━━━━━━
   │
   ├ note: consider disabling this lint if you're certain the cast is safe
   │       
   │       // casting to 'uint64' is safe because [explain why]
   │       // forge-lint: disable-next-line(unsafe-typecast)
   │       
   │       
   ╰ help: https://book.getfoundry.sh/reference/forge/forge-lint#unsafe-typecast

warning[unsafe-typecast]: typecasts that can truncate values should be checked
    ╭▸ contracts/src/tokens/v2/AOAProtocolRegistry.sol:120:29
    │
120 │             bool prefixOk = bytes10(w0) == bytes10(0x363d3d373d3d3d363d73);
    │                             ━━━━━━━━━━━
    │
    ├ note: consider disabling this lint if you're certain the cast is safe
    │       
    │       // casting to 'bytes10' is safe because [explain why]
    │       // forge-lint: disable-next-line(unsafe-typecast)
    │       
    │       
    ╰ help: https://book.getfoundry.sh/reference/forge/forge-lint#unsafe-typecast

warning[unsafe-typecast]: typecasts that can truncate values should be checked
    ╭▸ contracts/src/tokens/v2/AOAProtocolRegistry.sol:122:29
    │
122 │             bool suffixOk = bytes2(w0 << 240) == bytes2(0x5af4)
    │                             ━━━━━━━━━━━━━━━━━
    │
    ├ note: consider disabling this lint if you're certain the cast is safe
    │       
    │       // casting to 'bytes2' is safe because [explain why]
    │       // forge-lint: disable-next-line(unsafe-typecast)
    │       
    │       
    ╰ help: https://book.getfoundry.sh/reference/forge/forge-lint#unsafe-typecast

warning[unsafe-typecast]: typecasts that can truncate values should be checked
     ╭▸ contracts/test/security/CC48CoreFixes.t.sol:1087:35
     │
1087 │                 err.length < 4 || bytes4(err) != BLSAggregator.VerifierIsDelegatedEoa.selector,
     │                                   ━━━━━━━━━━━
     │
     ├ note: consider disabling this lint if you're certain the cast is safe
     │       
     │       // casting to 'bytes4' is safe because [explain why]
     │       // forge-lint: disable-next-line(unsafe-typecast)
     │       
     │       
     ╰ help: https://book.getfoundry.sh/reference/forge/forge-lint#unsafe-typecast

warning[unsafe-typecast]: typecasts that can truncate values should be checked
    ╭▸ contracts/test/modules/DVT_BLS.t.sol:169:33
    │
169 │             address v = address(uint160(i + 100)); // 101..110
    │                                 ━━━━━━━━━━━━━━━━
    │
    ├ note: consider disabling this lint if you're certain the cast is safe
    │       
    │       // casting to 'uint160' is safe because [explain why]
    │       // forge-lint: disable-next-line(unsafe-typecast)
    │       
    │       
    ╰ help: https://book.getfoundry.sh/reference/forge/forge-lint#unsafe-typecast

warning[unsafe-typecast]: typecasts that can truncate values should be checked
    ╭▸ contracts/test/v2/SuperPaymasterV55Fuzz.t.sol:825:33
    │
825 │             if (d.length < 4 || bytes4(d) != IPaymaster.postOp.selector) continue;
    │                                 ━━━━━━━━━
    │
    ├ note: consider disabling this lint if you're certain the cast is safe
    │       
    │       // casting to 'bytes4' is safe because [explain why]
    │       // forge-lint: disable-next-line(unsafe-typecast)
    │       
    │       
    ╰ help: https://book.getfoundry.sh/reference/forge/forge-lint#unsafe-typecast

warning[unsafe-typecast]: typecasts that can truncate values should be checked
    ╭▸ contracts/test/modules/DVT_BLS.t.sol:173:63
    │
173 │             bls.registerBLSPublicKey(v, _stubKey(uint256(i)), uint8(i), _emptyPoP());
    │                                                               ━━━━━━━━
    │
    ├ note: consider disabling this lint if you're certain the cast is safe
    │       
    │       // casting to 'uint8' is safe because [explain why]
    │       // forge-lint: disable-next-line(unsafe-typecast)
    │       
    │       
    ╰ help: https://book.getfoundry.sh/reference/forge/forge-lint#unsafe-typecast

warning[unsafe-typecast]: typecasts that can truncate values should be checked
     ╭▸ contracts/test/v2/SuperPaymasterV55Fuzz.t.sol:1483:22
     │
1483 │         _qsort(a, 0, int256(n) - 1);
     │                      ━━━━━━━━━
     │
     ├ note: consider disabling this lint if you're certain the cast is safe
     │       
     │       // casting to 'int256' is safe because [explain why]
     │       // forge-lint: disable-next-line(unsafe-typecast)
     │       
     │       
     ╰ help: https://book.getfoundry.sh/reference/forge/forge-lint#unsafe-typecast

warning[block-timestamp]: usage of `block.timestamp` in a comparison may be manipulated by validators
    ╭▸ contracts/test/v3/SuperPaymasterV5Features.t.sol:167:17
    │
167 │         require(block.timestamp < validBefore, "authorization expired");
    │                 ━━━━━━━━━━━━━━━━━━━━━━━━━━━━━
    │
    ╰ help: https://book.getfoundry.sh/reference/forge/forge-lint#block-timestamp

warning[block-timestamp]: usage of `block.timestamp` in a comparison may be manipulated by validators
    ╭▸ contracts/test/v3/SuperPaymasterV5Features.t.sol:181:17
    │
181 │         require(block.timestamp > validAfter, "authorization not yet valid");
    │                 ━━━━━━━━━━━━━━━━━━━━━━━━━━━━
    │
    ╰ help: https://book.getfoundry.sh/reference/forge/forge-lint#block-timestamp

warning[block-timestamp]: usage of `block.timestamp` in a comparison may be manipulated by validators
    ╭▸ contracts/test/v3/SuperPaymasterV5Features.t.sol:182:17
    │
182 │         require(block.timestamp < validBefore, "authorization expired");
    │                 ━━━━━━━━━━━━━━━━━━━━━━━━━━━━━
    │
    ╰ help: https://book.getfoundry.sh/reference/forge/forge-lint#block-timestamp

warning[block-timestamp]: usage of `block.timestamp` in a comparison may be manipulated by validators
    ╭▸ contracts/test/v3/SuperPaymasterV5Features.t.sol:267:17
    │
267 │         require(block.timestamp > validAfter, "authorization not yet valid");
    │                 ━━━━━━━━━━━━━━━━━━━━━━━━━━━━
    │
    ╰ help: https://book.getfoundry.sh/reference/forge/forge-lint#block-timestamp

warning[block-timestamp]: usage of `block.timestamp` in a comparison may be manipulated by validators
    ╭▸ contracts/test/v3/SuperPaymasterV5Features.t.sol:268:17
    │
268 │         require(block.timestamp < validBefore, "authorization expired");
    │                 ━━━━━━━━━━━━━━━━━━━━━━━━━━━━━
    │
    ╰ help: https://book.getfoundry.sh/reference/forge/forge-lint#block-timestamp

warning[block-timestamp]: usage of `block.timestamp` in a comparison may be manipulated by validators
    ╭▸ contracts/test/v3/SuperPaymasterV5Features.t.sol:286:17
    │
286 │         require(block.timestamp > validAfter, "authorization not yet valid");
    │                 ━━━━━━━━━━━━━━━━━━━━━━━━━━━━
    │
    ╰ help: https://book.getfoundry.sh/reference/forge/forge-lint#block-timestamp

warning[block-timestamp]: usage of `block.timestamp` in a comparison may be manipulated by validators
    ╭▸ contracts/test/v3/SuperPaymasterV5Features.t.sol:287:17
    │
287 │         require(block.timestamp < validBefore, "authorization expired");
    │                 ━━━━━━━━━━━━━━━━━━━━━━━━━━━━━
    │
    ╰ help: https://book.getfoundry.sh/reference/forge/forge-lint#block-timestamp

warning[unsafe-typecast]: typecasts that can truncate values should be checked
    ╭▸ contracts/test/v2/SuperPaymasterV55Adversarial.t.sol:244:56
    │
244 │         op.accountGasLimits = bytes32(abi.encodePacked(uint128(VERIF_GAS), uint128(CALL_GAS)));
    │                                                        ━━━━━━━━━━━━━━━━━━
    │
    ├ note: consider disabling this lint if you're certain the cast is safe
    │       
    │       // casting to 'uint128' is safe because [explain why]
    │       // forge-lint: disable-next-line(unsafe-typecast)
    │       
    │       
    ╰ help: https://book.getfoundry.sh/reference/forge/forge-lint#unsafe-typecast

warning[unsafe-typecast]: typecasts that can truncate values should be checked
    ╭▸ contracts/test/v2/SuperPaymasterV55Adversarial.t.sol:244:76
    │
244 │         op.accountGasLimits = bytes32(abi.encodePacked(uint128(VERIF_GAS), uint128(CALL_GAS)));
    │                                                                            ━━━━━━━━━━━━━━━━━
    │
    ├ note: consider disabling this lint if you're certain the cast is safe
    │       
    │       // casting to 'uint128' is safe because [explain why]
    │       // forge-lint: disable-next-line(unsafe-typecast)
    │       
    │       
    ╰ help: https://book.getfoundry.sh/reference/forge/forge-lint#unsafe-typecast

warning[unsafe-typecast]: typecasts that can truncate values should be checked
    ╭▸ contracts/test/v2/SuperPaymasterV55Adversarial.t.sol:246:47
    │
246 │         op.gasFees = bytes32(abi.encodePacked(uint128(maxFee), uint128(maxFee)));
    │                                               ━━━━━━━━━━━━━━━
    │
    ├ note: consider disabling this lint if you're certain the cast is safe
    │       
    │       // casting to 'uint128' is safe because [explain why]
    │       // forge-lint: disable-next-line(unsafe-typecast)
    │       
    │       
    ╰ help: https://book.getfoundry.sh/reference/forge/forge-lint#unsafe-typecast

warning[unsafe-typecast]: typecasts that can truncate values should be checked
    ╭▸ contracts/src/tokens/v2/AOAProtocolRegistry.sol:123:20
    │
123 │                 && bytes13(w1) == bytes13(0x3d82803e903d91602b57fd5bf3);
    │                    ━━━━━━━━━━━
    │
    ├ note: consider disabling this lint if you're certain the cast is safe
    │       
    │       // casting to 'bytes13' is safe because [explain why]
    │       // forge-lint: disable-next-line(unsafe-typecast)
    │       
    │       
    ╰ help: https://book.getfoundry.sh/reference/forge/forge-lint#unsafe-typecast

warning[unsafe-typecast]: typecasts that can truncate values should be checked
    ╭▸ contracts/test/v3/V3_DynamicLevelThresholds.t.sol:345:32
    │
345 │             users[i] = address(uint160(0x1000 + i));
    │                                ━━━━━━━━━━━━━━━━━━━
    │
    ├ note: consider disabling this lint if you're certain the cast is safe
    │       
    │       // casting to 'uint160' is safe because [explain why]
    │       // forge-lint: disable-next-line(unsafe-typecast)
    │       
    │       
    ╰ help: https://book.getfoundry.sh/reference/forge/forge-lint#unsafe-typecast

warning[unsafe-typecast]: typecasts that can truncate values should be checked
    ╭▸ contracts/test/v3/V3_DynamicLevelThresholds.t.sol:361:32
    │
361 │             users[i] = address(uint160(0x2000 + i));
    │                                ━━━━━━━━━━━━━━━━━━━
    │
    ├ note: consider disabling this lint if you're certain the cast is safe
    │       
    │       // casting to 'uint160' is safe because [explain why]
    │       // forge-lint: disable-next-line(unsafe-typecast)
    │       
    │       
    ╰ help: https://book.getfoundry.sh/reference/forge/forge-lint#unsafe-typecast

warning[unsafe-typecast]: typecasts that can truncate values should be checked
   ╭▸ contracts/test/modules/GuardianSlash.t.sol:38:30
   │
38 │         lockAmt[operator] -= uint128(penalty);
   │                              ━━━━━━━━━━━━━━━━
   │
   ├ note: consider disabling this lint if you're certain the cast is safe
   │       
   │       // casting to 'uint128' is safe because [explain why]
   │       // forge-lint: disable-next-line(unsafe-typecast)
   │       
   │       
   ╰ help: https://book.getfoundry.sh/reference/forge/forge-lint#unsafe-typecast

warning[unsafe-typecast]: typecasts that can truncate values should be checked
     ╭▸ contracts/test/v2/SuperPaymasterV55Fuzz.t.sol:1493:31
     │
1493 │             uint256 pivot = a[uint256(lo + (hi - lo) / 2)];
     │                               ━━━━━━━━━━━━━━━━━━━━━━━━━━━
     │
     ├ note: consider disabling this lint if you're certain the cast is safe
     │       
     │       // casting to 'uint256' is safe because [explain why]
     │       // forge-lint: disable-next-line(unsafe-typecast)
     │       
     │       
     ╰ help: https://book.getfoundry.sh/reference/forge/forge-lint#unsafe-typecast

warning[unsafe-typecast]: typecasts that can truncate values should be checked
     ╭▸ contracts/test/v2/SuperPaymasterV55Fuzz.t.sol:1497:26
     │
1497 │                 while (a[uint256(i)] < pivot) i++;
     │                          ━━━━━━━━━━
     │
     ├ note: consider disabling this lint if you're certain the cast is safe
     │       
     │       // casting to 'uint256' is safe because [explain why]
     │       // forge-lint: disable-next-line(unsafe-typecast)
     │       
     │       
     ╰ help: https://book.getfoundry.sh/reference/forge/forge-lint#unsafe-typecast

warning[unsafe-typecast]: typecasts that can truncate values should be checked
     ╭▸ contracts/test/v2/SuperPaymasterV55Fuzz.t.sol:1498:26
     │
1498 │                 while (a[uint256(j)] > pivot) j--;
     │                          ━━━━━━━━━━
     │
     ├ note: consider disabling this lint if you're certain the cast is safe
     │       
     │       // casting to 'uint256' is safe because [explain why]
     │       // forge-lint: disable-next-line(unsafe-typecast)
     │       
     │       
     ╰ help: https://book.getfoundry.sh/reference/forge/forge-lint#unsafe-typecast

warning[unsafe-typecast]: typecasts that can truncate values should be checked
     ╭▸ contracts/test/v2/SuperPaymasterV55Fuzz.t.sol:1500:24
     │
1500 │                     (a[uint256(i)], a[uint256(j)]) = (a[uint256(j)], a[uint256(i)]);
     │                        ━━━━━━━━━━
     │
     ├ note: consider disabling this lint if you're certain the cast is safe
     │       
     │       // casting to 'uint256' is safe because [explain why]
     │       // forge-lint: disable-next-line(unsafe-typecast)
     │       
     │       
     ╰ help: https://book.getfoundry.sh/reference/forge/forge-lint#unsafe-typecast

warning[unsafe-typecast]: typecasts that can truncate values should be checked
    ╭▸ contracts/test/v3/SuperPaymasterV3_Pricing.t.sol:221:18
    │
221 │         assertEq(uint160(valData), 0, "Validation should pass");
    │                  ━━━━━━━━━━━━━━━━
    │
    ├ note: consider disabling this lint if you're certain the cast is safe
    │       
    │       // casting to 'uint160' is safe because [explain why]
    │       // forge-lint: disable-next-line(unsafe-typecast)
    │       
    │       
    ╰ help: https://book.getfoundry.sh/reference/forge/forge-lint#unsafe-typecast

warning[unsafe-typecast]: typecasts that can truncate values should be checked
    ╭▸ contracts/test/v3/SuperPaymasterV3_Pricing.t.sol:345:18
    │
345 │         assertEq(uint160(vd), 0, "validation passes");
    │                  ━━━━━━━━━━━
    │
    ├ note: consider disabling this lint if you're certain the cast is safe
    │       
    │       // casting to 'uint160' is safe because [explain why]
    │       // forge-lint: disable-next-line(unsafe-typecast)
    │       
    │       
    ╰ help: https://book.getfoundry.sh/reference/forge/forge-lint#unsafe-typecast

warning[unsafe-typecast]: typecasts that can truncate values should be checked
    ╭▸ contracts/test/v3/SuperPaymasterV3_Pricing.t.sol:397:18
    │
397 │         assertEq(uint160(vd), 0);
    │                  ━━━━━━━━━━━
    │
    ├ note: consider disabling this lint if you're certain the cast is safe
    │       
    │       // casting to 'uint160' is safe because [explain why]
    │       // forge-lint: disable-next-line(unsafe-typecast)
    │       
    │       
    ╰ help: https://book.getfoundry.sh/reference/forge/forge-lint#unsafe-typecast

warning[block-timestamp]: usage of `block.timestamp` in a comparison may be manipulated by validators
    ╭▸ contracts/test/v3/X402Facilitator.t.sol:103:17
    │
103 │         require(block.timestamp > validAfter, "authorization not yet valid");
    │                 ━━━━━━━━━━━━━━━━━━━━━━━━━━━━
    │
    ╰ help: https://book.getfoundry.sh/reference/forge/forge-lint#block-timestamp

warning[block-timestamp]: usage of `block.timestamp` in a comparison may be manipulated by validators
    ╭▸ contracts/test/v3/X402Facilitator.t.sol:104:17
    │
104 │         require(block.timestamp < validBefore, "authorization expired");
    │                 ━━━━━━━━━━━━━━━━━━━━━━━━━━━━━
    │
    ╰ help: https://book.getfoundry.sh/reference/forge/forge-lint#block-timestamp

warning[block-timestamp]: usage of `block.timestamp` in a comparison may be manipulated by validators
    ╭▸ contracts/test/v3/X402Facilitator.t.sol:118:17
    │
118 │         require(block.timestamp > validAfter, "authorization not yet valid");
    │                 ━━━━━━━━━━━━━━━━━━━━━━━━━━━━
    │
    ╰ help: https://book.getfoundry.sh/reference/forge/forge-lint#block-timestamp

warning[block-timestamp]: usage of `block.timestamp` in a comparison may be manipulated by validators
    ╭▸ contracts/test/v3/X402Facilitator.t.sol:119:17
    │
119 │         require(block.timestamp < validBefore, "authorization expired");
    │                 ━━━━━━━━━━━━━━━━━━━━━━━━━━━━━
    │
    ╰ help: https://book.getfoundry.sh/reference/forge/forge-lint#block-timestamp

warning[block-timestamp]: usage of `block.timestamp` in a comparison may be manipulated by validators
   ╭▸ contracts/src/tokens/v2/xPNTsTokenV2Ext.sol:84:13
   │
84 │         if (block.timestamp > deadline) revert SignatureExpired();
   │             ━━━━━━━━━━━━━━━━━━━━━━━━━━
   │
   ╰ help: https://book.getfoundry.sh/reference/forge/forge-lint#block-timestamp

warning[block-timestamp]: usage of `block.timestamp` in a comparison may be manipulated by validators
    ╭▸ contracts/src/tokens/v2/xPNTsTokenV2Ext.sol:171:13
    │
171 │         if (block.timestamp < pendingPolicyEta) revert TimelockActive(pendingPolicyEta);
    │             ━━━━━━━━━━━━━━━━━━━━━━━━━━━━━━━━━━
    │
    ╰ help: https://book.getfoundry.sh/reference/forge/forge-lint#block-timestamp

warning[block-timestamp]: usage of `block.timestamp` in a comparison may be manipulated by validators
    ╭▸ contracts/src/tokens/v2/xPNTsTokenV2Ext.sol:195:13
    │
195 │         if (block.timestamp < pendingTierSourceEta) revert TimelockActive(pendingTierSourceEta);
    │             ━━━━━━━━━━━━━━━━━━━━━━━━━━━━━━━━━━━━━━
    │
    ╰ help: https://book.getfoundry.sh/reference/forge/forge-lint#block-timestamp

warning[block-timestamp]: usage of `block.timestamp` in a comparison may be manipulated by validators
     ╭▸ contracts/src/paymasters/superpaymaster/v3/SuperPaymaster.sol:1126:17
     │
1126 │             if (updatedAt < block.timestamp - priceStalenessThreshold) revert OracleError();
     │                 ━━━━━━━━━━━━━━━━━━━━━━━━━━━━━━━━━━━━━━━━━━━━━━━━━━━━━
     │
     ╰ help: https://book.getfoundry.sh/reference/forge/forge-lint#block-timestamp

warning[erc20-unchecked-transfer]: ERC20 'transfer' and 'transferFrom' calls should check the return value
   ╭▸ contracts/test/v3/xPNTsSecurityDeepAudit.t.sol:89:9
   │
89 │         token.transferFrom(user, paymaster, 5000 ether);
   │         ━━━━━━━━━━━━━━━━━━━━━━━━━━━━━━━━━━━━━━━━━━━━━━━
   │
   ╰ help: https://book.getfoundry.sh/reference/forge/forge-lint#erc20-unchecked-transfer

warning[erc20-unchecked-transfer]: ERC20 'transfer' and 'transferFrom' calls should check the return value
   ╭▸ contracts/test/v3/xPNTsSecurityDeepAudit.t.sol:94:9
   │
94 │         token.transferFrom(user, paymaster, 5000 ether - 1);
   │         ━━━━━━━━━━━━━━━━━━━━━━━━━━━━━━━━━━━━━━━━━━━━━━━━━━━
   │
   ╰ help: https://book.getfoundry.sh/reference/forge/forge-lint#erc20-unchecked-transfer

warning[unsafe-typecast]: typecasts that can truncate values should be checked
    ╭▸ contracts/src/paymasters/superpaymaster/v3/SuperPaymaster.sol:558:16
    │
558 │         return uint48(cachedPrice.updatedAt + priceStalenessThreshold);
    │                ━━━━━━━━━━━━━━━━━━━━━━━━━━━━━━━━━━━━━━━━━━━━━━━━━━━━━━━
    │
    ├ note: consider disabling this lint if you're certain the cast is safe
    │       
    │       // casting to 'uint48' is safe because [explain why]
    │       // forge-lint: disable-next-line(unsafe-typecast)
    │       
    │       
    ╰ help: https://book.getfoundry.sh/reference/forge/forge-lint#unsafe-typecast

warning[unsafe-typecast]: typecasts that can truncate values should be checked
    ╭▸ contracts/src/paymasters/superpaymaster/v3/SuperPaymaster.sol:585:31
    │
585 │ …     int256 lower = (ref * int256(int256(uint256(BPS_DENOMINATOR - EMERGENCY_PRICE_DEVIATION_BPS)))) / int256(uint256(BPS_DENOMINATO…
    │                             ━━━━━━━━━━━━━━━━━━━━━━━━━━━━━━━━━━━━━━━━━━━━━━━━━━━━━━━━━━━━━━━━━━━━━━━━
    │
    ├ note: consider disabling this lint if you're certain the cast is safe
    │       
    │       // casting to 'int256' is safe because [explain why]
    │       // forge-lint: disable-next-line(unsafe-typecast)
    │       
    │       
    ╰ help: https://book.getfoundry.sh/reference/forge/forge-lint#unsafe-typecast

warning[unsafe-typecast]: typecasts that can truncate values should be checked
    ╭▸ contracts/src/paymasters/superpaymaster/v3/SuperPaymaster.sol:585:38
    │
585 │ …     int256 lower = (ref * int256(int256(uint256(BPS_DENOMINATOR - EMERGENCY_PRICE_DEVIATION_BPS)))) / int256(uint256(BPS_DENOMINATO…
    │                                    ━━━━━━━━━━━━━━━━━━━━━━━━━━━━━━━━━━━━━━━━━━━━━━━━━━━━━━━━━━━━━━━━
    │
    ├ note: consider disabling this lint if you're certain the cast is safe
    │       
    │       // casting to 'int256' is safe because [explain why]
    │       // forge-lint: disable-next-line(unsafe-typecast)
    │       
    │       
    ╰ help: https://book.getfoundry.sh/reference/forge/forge-lint#unsafe-typecast

warning[unsafe-typecast]: typecasts that can truncate values should be checked
    ╭▸ contracts/src/paymasters/superpaymaster/v3/SuperPaymaster.sol:585:107
    │
585 │ …DENOMINATOR - EMERGENCY_PRICE_DEVIATION_BPS)))) / int256(uint256(BPS_DENOMINATOR));
    │                                                    ━━━━━━━━━━━━━━━━━━━━━━━━━━━━━━━━
    │
    ├ note: consider disabling this lint if you're certain the cast is safe
    │       
    │       // casting to 'int256' is safe because [explain why]
    │       // forge-lint: disable-next-line(unsafe-typecast)
    │       
    │       
    ╰ help: https://book.getfoundry.sh/reference/forge/forge-lint#unsafe-typecast

warning[unsafe-typecast]: typecasts that can truncate values should be checked
    ╭▸ contracts/src/paymasters/superpaymaster/v3/SuperPaymaster.sol:586:31
    │
586 │ …     int256 upper = (ref * int256(int256(uint256(BPS_DENOMINATOR + EMERGENCY_PRICE_DEVIATION_BPS)))) / int256(uint256(BPS_DENOMINATO…
    │                             ━━━━━━━━━━━━━━━━━━━━━━━━━━━━━━━━━━━━━━━━━━━━━━━━━━━━━━━━━━━━━━━━━━━━━━━━
    │
    ├ note: consider disabling this lint if you're certain the cast is safe
    │       
    │       // casting to 'int256' is safe because [explain why]
    │       // forge-lint: disable-next-line(unsafe-typecast)
    │       
    │       
    ╰ help: https://book.getfoundry.sh/reference/forge/forge-lint#unsafe-typecast

warning[unsafe-typecast]: typecasts that can truncate values should be checked
    ╭▸ contracts/src/paymasters/superpaymaster/v3/SuperPaymaster.sol:586:38
    │
586 │ …     int256 upper = (ref * int256(int256(uint256(BPS_DENOMINATOR + EMERGENCY_PRICE_DEVIATION_BPS)))) / int256(uint256(BPS_DENOMINATO…
    │                                    ━━━━━━━━━━━━━━━━━━━━━━━━━━━━━━━━━━━━━━━━━━━━━━━━━━━━━━━━━━━━━━━━
    │
    ├ note: consider disabling this lint if you're certain the cast is safe
    │       
    │       // casting to 'int256' is safe because [explain why]
    │       // forge-lint: disable-next-line(unsafe-typecast)
    │       
    │       
    ╰ help: https://book.getfoundry.sh/reference/forge/forge-lint#unsafe-typecast

warning[unsafe-typecast]: typecasts that can truncate values should be checked
    ╭▸ contracts/src/paymasters/superpaymaster/v3/SuperPaymaster.sol:586:107
    │
586 │ …DENOMINATOR + EMERGENCY_PRICE_DEVIATION_BPS)))) / int256(uint256(BPS_DENOMINATOR));
    │                                                    ━━━━━━━━━━━━━━━━━━━━━━━━━━━━━━━━
    │
    ├ note: consider disabling this lint if you're certain the cast is safe
    │       
    │       // casting to 'int256' is safe because [explain why]
    │       // forge-lint: disable-next-line(unsafe-typecast)
    │       
    │       
    ╰ help: https://book.getfoundry.sh/reference/forge/forge-lint#unsafe-typecast

warning[unsafe-typecast]: typecasts that can truncate values should be checked
    ╭▸ contracts/src/paymasters/superpaymaster/v3/SuperPaymaster.sol:833:47
    │
833 │         operators[msg.sender].aPNTsBalance -= uint128(amount);
    │                                               ━━━━━━━━━━━━━━━
    │
    ├ note: consider disabling this lint if you're certain the cast is safe
    │       
    │       // casting to 'uint128' is safe because [explain why]
    │       // forge-lint: disable-next-line(unsafe-typecast)
    │       
    │       
    ╰ help: https://book.getfoundry.sh/reference/forge/forge-lint#unsafe-typecast

warning[erc20-unchecked-transfer]: ERC20 'transfer' and 'transferFrom' calls should check the return value
   ╭▸ contracts/test/v3/xPNTsSecurityDeepAudit.t.sol:99:9
   │
99 │         token.transferFrom(user, paymaster, 5000 ether + 1);
   │         ━━━━━━━━━━━━━━━━━━━━━━━━━━━━━━━━━━━━━━━━━━━━━━━━━━━
   │
   ╰ help: https://book.getfoundry.sh/reference/forge/forge-lint#erc20-unchecked-transfer

warning[erc20-unchecked-transfer]: ERC20 'transfer' and 'transferFrom' calls should check the return value
    ╭▸ contracts/test/v3/xPNTsSecurityDeepAudit.t.sol:111:9
    │
111 │         token.transferFrom(user, paymaster, 4000 ether);
    │         ━━━━━━━━━━━━━━━━━━━━━━━━━━━━━━━━━━━━━━━━━━━━━━━
    │
    ╰ help: https://book.getfoundry.sh/reference/forge/forge-lint#erc20-unchecked-transfer

warning[erc20-unchecked-transfer]: ERC20 'transfer' and 'transferFrom' calls should check the return value
    ╭▸ contracts/test/v3/xPNTsSecurityDeepAudit.t.sol:112:9
    │
112 │         token.transferFrom(user, paymaster, 4000 ether);
    │         ━━━━━━━━━━━━━━━━━━━━━━━━━━━━━━━━━━━━━━━━━━━━━━━
    │
    ╰ help: https://book.getfoundry.sh/reference/forge/forge-lint#erc20-unchecked-transfer

warning[erc20-unchecked-transfer]: ERC20 'transfer' and 'transferFrom' calls should check the return value
    ╭▸ contracts/test/v3/xPNTsSecurityDeepAudit.t.sol:113:9
    │
113 │         token.transferFrom(user, paymaster, 4000 ether);
    │         ━━━━━━━━━━━━━━━━━━━━━━━━━━━━━━━━━━━━━━━━━━━━━━━
    │
    ╰ help: https://book.getfoundry.sh/reference/forge/forge-lint#erc20-unchecked-transfer

warning[erc20-unchecked-transfer]: ERC20 'transfer' and 'transferFrom' calls should check the return value
    ╭▸ contracts/test/v3/xPNTsSecurityDeepAudit.t.sol:174:9
    │
174 │         token.transferFrom(user, paymaster, 100 ether);
    │         ━━━━━━━━━━━━━━━━━━━━━━━━━━━━━━━━━━━━━━━━━━━━━━
    │
    ╰ help: https://book.getfoundry.sh/reference/forge/forge-lint#erc20-unchecked-transfer

warning[unsafe-typecast]: typecasts that can truncate values should be checked
    ╭▸ contracts/test/v3/SuperPaymaster_BurnRestore.t.sol:177:18
    │
177 │         assertEq(uint160(vd), 0, "setup: op must be admitted");
    │                  ━━━━━━━━━━━
    │
    ├ note: consider disabling this lint if you're certain the cast is safe
    │       
    │       // casting to 'uint160' is safe because [explain why]
    │       // forge-lint: disable-next-line(unsafe-typecast)
    │       
    │       
    ╰ help: https://book.getfoundry.sh/reference/forge/forge-lint#unsafe-typecast

warning[unsafe-typecast]: typecasts that can truncate values should be checked
    ╭▸ contracts/test/v3/SuperPaymaster_BurnRestore.t.sol:227:18
    │
227 │         assertEq(uint160(vd), 1, "INVALID_RENEWAL lock result must not fall back to credit (R-2)");
    │                  ━━━━━━━━━━━
    │
    ├ note: consider disabling this lint if you're certain the cast is safe
    │       
    │       // casting to 'uint160' is safe because [explain why]
    │       // forge-lint: disable-next-line(unsafe-typecast)
    │       
    │       
    ╰ help: https://book.getfoundry.sh/reference/forge/forge-lint#unsafe-typecast

warning[unsafe-typecast]: typecasts that can truncate values should be checked
    ╭▸ contracts/test/v3/SuperPaymaster_BurnRestore.t.sol:233:18
    │
233 │         assertEq(uint160(vd2), 0, "control: flags = 0 -> INSUFFICIENT -> admitted on credit");
    │                  ━━━━━━━━━━━━
    │
    ├ note: consider disabling this lint if you're certain the cast is safe
    │       
    │       // casting to 'uint160' is safe because [explain why]
    │       // forge-lint: disable-next-line(unsafe-typecast)
    │       
    │       
    ╰ help: https://book.getfoundry.sh/reference/forge/forge-lint#unsafe-typecast

warning[unsafe-typecast]: typecasts that can truncate values should be checked
    ╭▸ contracts/test/v3/SuperPaymaster_BurnRestore.t.sol:287:18
    │
287 │         assertEq(uint160(vd), 1, "empty balance + credit OFF -> sigFail (R-2)");
    │                  ━━━━━━━━━━━
    │
    ├ note: consider disabling this lint if you're certain the cast is safe
    │       
    │       // casting to 'uint160' is safe because [explain why]
    │       // forge-lint: disable-next-line(unsafe-typecast)
    │       
    │       
    ╰ help: https://book.getfoundry.sh/reference/forge/forge-lint#unsafe-typecast

warning[unsafe-typecast]: typecasts that can truncate values should be checked
    ╭▸ contracts/test/v3/SuperPaymaster_BurnRestore.t.sol:319:18
    │
319 │         assertEq(uint160(validationData), 0, "5.5.0: balance-funded op admitted on escrow, credit irrelevant");
    │                  ━━━━━━━━━━━━━━━━━━━━━━━
    │
    ├ note: consider disabling this lint if you're certain the cast is safe
    │       
    │       // casting to 'uint160' is safe because [explain why]
    │       // forge-lint: disable-next-line(unsafe-typecast)
    │       
    │       
    ╰ help: https://book.getfoundry.sh/reference/forge/forge-lint#unsafe-typecast

warning[block-timestamp]: usage of `block.timestamp` in a comparison may be manipulated by validators
    ╭▸ contracts/src/tokens/v2/xPNTsTokenV2Ext.sol:260:13
    │
260 │         if (block.timestamp < pendingSPEta) revert TimelockActive(pendingSPEta);
    │             ━━━━━━━━━━━━━━━━━━━━━━━━━━━━━━
    │
    ╰ help: https://book.getfoundry.sh/reference/forge/forge-lint#block-timestamp

warning[block-timestamp]: usage of `block.timestamp` in a comparison may be manipulated by validators
    ╭▸ contracts/src/tokens/v2/xPNTsTokenV2Ext.sol:292:13
    │
292 │         if (block.timestamp < pendingStandbyEta) revert TimelockActive(pendingStandbyEta);
    │             ━━━━━━━━━━━━━━━━━━━━━━━━━━━━━━━━━━━
    │
    ╰ help: https://book.getfoundry.sh/reference/forge/forge-lint#block-timestamp

warning[unsafe-typecast]: typecasts that can truncate values should be checked
     ╭▸ contracts/test/v2/SuperPaymasterV55Fuzz.t.sol:1500:39
     │
1500 │                     (a[uint256(i)], a[uint256(j)]) = (a[uint256(j)], a[uint256(i)]);
     │                                       ━━━━━━━━━━
     │
     ├ note: consider disabling this lint if you're certain the cast is safe
     │       
     │       // casting to 'uint256' is safe because [explain why]
     │       // forge-lint: disable-next-line(unsafe-typecast)
     │       
     │       
     ╰ help: https://book.getfoundry.sh/reference/forge/forge-lint#unsafe-typecast

warning[unsafe-typecast]: typecasts that can truncate values should be checked
     ╭▸ contracts/test/v2/SuperPaymasterV55Fuzz.t.sol:1500:57
     │
1500 │                     (a[uint256(i)], a[uint256(j)]) = (a[uint256(j)], a[uint256(i)]);
     │                                                         ━━━━━━━━━━
     │
     ├ note: consider disabling this lint if you're certain the cast is safe
     │       
     │       // casting to 'uint256' is safe because [explain why]
     │       // forge-lint: disable-next-line(unsafe-typecast)
     │       
     │       
     ╰ help: https://book.getfoundry.sh/reference/forge/forge-lint#unsafe-typecast

warning[unsafe-typecast]: typecasts that can truncate values should be checked
     ╭▸ contracts/test/v2/SuperPaymasterV55Fuzz.t.sol:1500:72
     │
1500 │                     (a[uint256(i)], a[uint256(j)]) = (a[uint256(j)], a[uint256(i)]);
     │                                                                        ━━━━━━━━━━
     │
     ├ note: consider disabling this lint if you're certain the cast is safe
     │       
     │       // casting to 'uint256' is safe because [explain why]
     │       // forge-lint: disable-next-line(unsafe-typecast)
     │       
     │       
     ╰ help: https://book.getfoundry.sh/reference/forge/forge-lint#unsafe-typecast

warning[block-timestamp]: usage of `block.timestamp` in a comparison may be manipulated by validators
    ╭▸ contracts/src/tokens/v2/xPNTsTokenV2Ext.sol:343:13
    │
343 │         if (block.timestamp < eta) revert TimelockActive(eta);
    │             ━━━━━━━━━━━━━━━━━━━━━
    │
    ╰ help: https://book.getfoundry.sh/reference/forge/forge-lint#block-timestamp

warning[block-timestamp]: usage of `block.timestamp` in a comparison may be manipulated by validators
    ╭▸ contracts/src/tokens/v2/xPNTsTokenV2Ext.sol:374:43
    │
374 │         if (exchangeRateUpdatedAt != 0 && block.timestamp < exchangeRateUpdatedAt + EXCHANGE_RATE_COOLDOWN) {
    │                                           ━━━━━━━━━━━━━━━━━━━━━━━━━━━━━━━━━━━━━━━━━━━━━━━━━━━━━━━━━━━━━━━━
    │
    ╰ help: https://book.getfoundry.sh/reference/forge/forge-lint#block-timestamp

warning[unsafe-typecast]: typecasts that can truncate values should be checked
    ╭▸ contracts/src/tokens/v2/xPNTsTokenV2Ext.sol:114:17
    │
114 │         a.cap = uint120(cap);
    │                 ━━━━━━━━━━━━
    │
    ├ note: consider disabling this lint if you're certain the cast is safe
    │       
    │       // casting to 'uint120' is safe because [explain why]
    │       // forge-lint: disable-next-line(unsafe-typecast)
    │       
    │       
    ╰ help: https://book.getfoundry.sh/reference/forge/forge-lint#unsafe-typecast

warning[unsafe-typecast]: typecasts that can truncate values should be checked
    ╭▸ contracts/src/tokens/v2/xPNTsTokenV2Ext.sol:123:17
    │
123 │         b.cap = uint120(cap);
    │                 ━━━━━━━━━━━━
    │
    ├ note: consider disabling this lint if you're certain the cast is safe
    │       
    │       // casting to 'uint120' is safe because [explain why]
    │       // forge-lint: disable-next-line(unsafe-typecast)
    │       
    │       
    ╰ help: https://book.getfoundry.sh/reference/forge/forge-lint#unsafe-typecast

warning[unsafe-typecast]: typecasts that can truncate values should be checked
    ╭▸ contracts/src/tokens/v2/xPNTsTokenV2Ext.sol:144:37
    │
144 │         creditReq[user] = CreditReq(uint112(maxCap), 0, policyEpoch);
    │                                     ━━━━━━━━━━━━━━━
    │
    ├ note: consider disabling this lint if you're certain the cast is safe
    │       
    │       // casting to 'uint112' is safe because [explain why]
    │       // forge-lint: disable-next-line(unsafe-typecast)
    │       
    │       
    ╰ help: https://book.getfoundry.sh/reference/forge/forge-lint#unsafe-typecast

warning[unsafe-typecast]: typecasts that can truncate values should be checked
    ╭▸ contracts/src/tokens/v2/xPNTsTokenV2Ext.sol:157:25
    │
157 │         r.approvedCap = uint112(c);
    │                         ━━━━━━━━━━
    │
    ├ note: consider disabling this lint if you're certain the cast is safe
    │       
    │       // casting to 'uint112' is safe because [explain why]
    │       // forge-lint: disable-next-line(unsafe-typecast)
    │       
    │       
    ╰ help: https://book.getfoundry.sh/reference/forge/forge-lint#unsafe-typecast

warning[unsafe-typecast]: typecasts that can truncate values should be checked
    ╭▸ contracts/src/tokens/v2/xPNTsTokenV2Ext.sol:165:28
    │
165 │         pendingPolicyEta = uint64(block.timestamp + TIMELOCK);
    │                            ━━━━━━━━━━━━━━━━━━━━━━━━━━━━━━━━━━
    │
    ├ note: consider disabling this lint if you're certain the cast is safe
    │       
    │       // casting to 'uint64' is safe because [explain why]
    │       // forge-lint: disable-next-line(unsafe-typecast)
    │       
    │       
    ╰ help: https://book.getfoundry.sh/reference/forge/forge-lint#unsafe-typecast

warning[unsafe-typecast]: typecasts that can truncate values should be checked
    ╭▸ contracts/test/v2/SuperPaymasterV55Adversarial.t.sol:246:64
    │
246 │         op.gasFees = bytes32(abi.encodePacked(uint128(maxFee), uint128(maxFee)));
    │                                                                ━━━━━━━━━━━━━━━
    │
    ├ note: consider disabling this lint if you're certain the cast is safe
    │       
    │       // casting to 'uint128' is safe because [explain why]
    │       // forge-lint: disable-next-line(unsafe-typecast)
    │       
    │       
    ╰ help: https://book.getfoundry.sh/reference/forge/forge-lint#unsafe-typecast

warning[unsafe-typecast]: typecasts that can truncate values should be checked
    ╭▸ contracts/test/v2/SuperPaymasterV55Adversarial.t.sol:248:26
    │
248 │             address(sp), uint128(PM_VERIF_GAS), uint128(postOpGas), operator, maxRate, tok, flags
    │                          ━━━━━━━━━━━━━━━━━━━━━
    │
    ├ note: consider disabling this lint if you're certain the cast is safe
    │       
    │       // casting to 'uint128' is safe because [explain why]
    │       // forge-lint: disable-next-line(unsafe-typecast)
    │       
    │       
    ╰ help: https://book.getfoundry.sh/reference/forge/forge-lint#unsafe-typecast

warning[erc20-unchecked-transfer]: ERC20 'transfer' and 'transferFrom' calls should check the return value
    ╭▸ contracts/test/v3/SuperPaymaster_BurnRestore.t.sol:328:9
    │
328 │         xpnts.transfer(address(0xD7A1), bal);
    │         ━━━━━━━━━━━━━━━━━━━━━━━━━━━━━━━━━━━━
    │
    ╰ help: https://book.getfoundry.sh/reference/forge/forge-lint#erc20-unchecked-transfer

warning[erc20-unchecked-transfer]: ERC20 'transfer' and 'transferFrom' calls should check the return value
    ╭▸ contracts/test/v3/SuperPaymaster_BurnRestore.t.sol:331:9
    │
331 │         xpnts.transfer(address(0xD7A1), bal - locked);
    │         ━━━━━━━━━━━━━━━━━━━━━━━━━━━━━━━━━━━━━━━━━━━━━
    │
    ╰ help: https://book.getfoundry.sh/reference/forge/forge-lint#erc20-unchecked-transfer

warning[erc20-unchecked-transfer]: ERC20 'transfer' and 'transferFrom' calls should check the return value
   ╭▸ contracts/test/v3/xPNTsEmergency.t.sol:51:9
   │
51 │         token.transferFrom(user, paymaster, 100 ether);
   │         ━━━━━━━━━━━━━━━━━━━━━━━━━━━━━━━━━━━━━━━━━━━━━━
   │
   ╰ help: https://book.getfoundry.sh/reference/forge/forge-lint#erc20-unchecked-transfer

warning[incorrect-shift]: the order of args in a shift operation is incorrect
    ╭▸ contracts/test/tokens/APNTsCapped.t.sol:230:25
    │
230 │             id, bytes32(1 << uint8(TimelockController.OperationState.Ready))), "RAISE-2: reverts because not Ready");
    │                         ━━━━━━━━━━━━━━━━━━━━━━━━━━━━━━━━━━━━━━━━━━━━━━━━━━━
    │
    ╰ help: https://book.getfoundry.sh/reference/forge/forge-lint#incorrect-shift

warning[block-timestamp]: usage of `block.timestamp` in a comparison may be manipulated by validators
    ╭▸ contracts/test/v3/X402Facilitator.t.sol:204:17
    │
204 │         require(block.timestamp > validAfter, "authorization not yet valid");
    │                 ━━━━━━━━━━━━━━━━━━━━━━━━━━━━
    │
    ╰ help: https://book.getfoundry.sh/reference/forge/forge-lint#block-timestamp

warning[block-timestamp]: usage of `block.timestamp` in a comparison may be manipulated by validators
    ╭▸ contracts/test/v3/X402Facilitator.t.sol:205:17
    │
205 │         require(block.timestamp < validBefore, "authorization expired");
    │                 ━━━━━━━━━━━━━━━━━━━━━━━━━━━━━
    │
    ╰ help: https://book.getfoundry.sh/reference/forge/forge-lint#block-timestamp

warning[block-timestamp]: usage of `block.timestamp` in a comparison may be manipulated by validators
    ╭▸ contracts/test/v3/X402Facilitator.t.sol:223:17
    │
223 │         require(block.timestamp > validAfter, "authorization not yet valid");
    │                 ━━━━━━━━━━━━━━━━━━━━━━━━━━━━
    │
    ╰ help: https://book.getfoundry.sh/reference/forge/forge-lint#block-timestamp

warning[block-timestamp]: usage of `block.timestamp` in a comparison may be manipulated by validators
    ╭▸ contracts/test/v3/X402Facilitator.t.sol:224:17
    │
224 │         require(block.timestamp < validBefore, "authorization expired");
    │                 ━━━━━━━━━━━━━━━━━━━━━━━━━━━━━
    │
    ╰ help: https://book.getfoundry.sh/reference/forge/forge-lint#block-timestamp

warning[unsafe-typecast]: typecasts that can truncate values should be checked
    ╭▸ contracts/src/paymasters/superpaymaster/v3/SuperPaymaster.sol:962:42
    │
962 │         operators[operator].reputation = uint32(newScore);
    │                                          ━━━━━━━━━━━━━━━━
    │
    ├ note: consider disabling this lint if you're certain the cast is safe
    │       
    │       // casting to 'uint32' is safe because [explain why]
    │       // forge-lint: disable-next-line(unsafe-typecast)
    │       
    │       
    ╰ help: https://book.getfoundry.sh/reference/forge/forge-lint#unsafe-typecast

warning[unsafe-typecast]: typecasts that can truncate values should be checked
    ╭▸ contracts/test/v2/SuperPaymasterV55Adversarial.t.sol:248:49
    │
248 │             address(sp), uint128(PM_VERIF_GAS), uint128(postOpGas), operator, maxRate, tok, flags
    │                                                 ━━━━━━━━━━━━━━━━━━
    │
    ├ note: consider disabling this lint if you're certain the cast is safe
    │       
    │       // casting to 'uint128' is safe because [explain why]
    │       // forge-lint: disable-next-line(unsafe-typecast)
    │       
    │       
    ╰ help: https://book.getfoundry.sh/reference/forge/forge-lint#unsafe-typecast

warning[unsafe-typecast]: typecasts that can truncate values should be checked
    ╭▸ contracts/src/tokens/v2/xPNTsTokenV2Ext.sol:188:32
    │
188 │         pendingTierSourceEta = uint64(block.timestamp + TIMELOCK);
    │                                ━━━━━━━━━━━━━━━━━━━━━━━━━━━━━━━━━━
    │
    ├ note: consider disabling this lint if you're certain the cast is safe
    │       
    │       // casting to 'uint64' is safe because [explain why]
    │       // forge-lint: disable-next-line(unsafe-typecast)
    │       
    │       
    ╰ help: https://book.getfoundry.sh/reference/forge/forge-lint#unsafe-typecast

warning[unsafe-typecast]: typecasts that can truncate values should be checked
    ╭▸ contracts/src/tokens/v2/xPNTsTokenV2Ext.sol:239:24
    │
239 │         pendingSPEta = uint64(block.timestamp + TIMELOCK);
    │                        ━━━━━━━━━━━━━━━━━━━━━━━━━━━━━━━━━━
    │
    ├ note: consider disabling this lint if you're certain the cast is safe
    │       
    │       // casting to 'uint64' is safe because [explain why]
    │       // forge-lint: disable-next-line(unsafe-typecast)
    │       
    │       
    ╰ help: https://book.getfoundry.sh/reference/forge/forge-lint#unsafe-typecast

warning[unsafe-typecast]: typecasts that can truncate values should be checked
     ╭▸ contracts/src/paymasters/superpaymaster/v3/SuperPaymaster.sol:1016:70
     │
1016 │         if (config.reputation > reputationLoss) config.reputation -= uint32(reputationLoss);
     │                                                                      ━━━━━━━━━━━━━━━━━━━━━━
     │
     ├ note: consider disabling this lint if you're certain the cast is safe
     │       
     │       // casting to 'uint32' is safe because [explain why]
     │       // forge-lint: disable-next-line(unsafe-typecast)
     │       
     │       
     ╰ help: https://book.getfoundry.sh/reference/forge/forge-lint#unsafe-typecast

warning[unsafe-typecast]: typecasts that can truncate values should be checked
     ╭▸ contracts/src/paymasters/superpaymaster/v3/SuperPaymaster.sol:1030:40
     │
1030 │                 config.aPNTsBalance -= uint128(penaltyAmount);
     │                                        ━━━━━━━━━━━━━━━━━━━━━━
     │
     ├ note: consider disabling this lint if you're certain the cast is safe
     │       
     │       // casting to 'uint128' is safe because [explain why]
     │       // forge-lint: disable-next-line(unsafe-typecast)
     │       
     │       
     ╰ help: https://book.getfoundry.sh/reference/forge/forge-lint#unsafe-typecast

warning[unsafe-typecast]: typecasts that can truncate values should be checked
     ╭▸ contracts/src/paymasters/superpaymaster/v3/SuperPaymaster.sol:1167:28
     │
1167 │             ethAmountWei * uint256(ethUsdPrice),
     │                            ━━━━━━━━━━━━━━━━━━━━
     │
     ├ note: consider disabling this lint if you're certain the cast is safe
     │       
     │       // casting to 'uint256' is safe because [explain why]
     │       // forge-lint: disable-next-line(unsafe-typecast)
     │       
     │       
     ╰ help: https://book.getfoundry.sh/reference/forge/forge-lint#unsafe-typecast

warning[unsafe-typecast]: typecasts that can truncate values should be checked
     ╭▸ contracts/src/paymasters/superpaymaster/v3/SuperPaymaster.sol:1192:29
     │
1192 │         uint48 validUntil = uint48(cachedPrice.updatedAt + priceStalenessThreshold);
     │                             ━━━━━━━━━━━━━━━━━━━━━━━━━━━━━━━━━━━━━━━━━━━━━━━━━━━━━━━
     │
     ├ note: consider disabling this lint if you're certain the cast is safe
     │       
     │       // casting to 'uint48' is safe because [explain why]
     │       // forge-lint: disable-next-line(unsafe-typecast)
     │       
     │       
     ╰ help: https://book.getfoundry.sh/reference/forge/forge-lint#unsafe-typecast

warning[unsafe-typecast]: typecasts that can truncate values should be checked
     ╭▸ contracts/src/paymasters/superpaymaster/v3/SuperPaymaster.sol:1262:32
     │
1262 │         config.aPNTsBalance -= uint128(aPNTsAmount); // Safe cast due to check above
     │                                ━━━━━━━━━━━━━━━━━━━━
     │
     ├ note: consider disabling this lint if you're certain the cast is safe
     │       
     │       // casting to 'uint128' is safe because [explain why]
     │       // forge-lint: disable-next-line(unsafe-typecast)
     │       
     │       
     ╰ help: https://book.getfoundry.sh/reference/forge/forge-lint#unsafe-typecast

warning[unsafe-typecast]: typecasts that can truncate values should be checked
     ╭▸ contracts/src/paymasters/superpaymaster/v3/SuperPaymaster.sol:1264:52
     │
1264 │         _inflight[userOpHash] = Inflight(operator, uint96(aPNTsAmount));
     │                                                    ━━━━━━━━━━━━━━━━━━━
     │
     ├ note: consider disabling this lint if you're certain the cast is safe
     │       
     │       // casting to 'uint96' is safe because [explain why]
     │       // forge-lint: disable-next-line(unsafe-typecast)
     │       
     │       
     ╰ help: https://book.getfoundry.sh/reference/forge/forge-lint#unsafe-typecast

warning[unsafe-typecast]: typecasts that can truncate values should be checked
     ╭▸ contracts/src/paymasters/superpaymaster/v3/SuperPaymaster.sol:1359:47
     │
1359 │         operators[c.operator].aPNTsBalance += uint128(c.a0 - charge);
     │                                               ━━━━━━━━━━━━━━━━━━━━━━
     │
     ├ note: consider disabling this lint if you're certain the cast is safe
     │       
     │       // casting to 'uint128' is safe because [explain why]
     │       // forge-lint: disable-next-line(unsafe-typecast)
     │       
     │       
     ╰ help: https://book.getfoundry.sh/reference/forge/forge-lint#unsafe-typecast

warning[unsafe-typecast]: typecasts that can truncate values should be checked
    ╭▸ contracts/test/v2/SuperPaymasterV55Adversarial.t.sol:678:38
    │
678 │                 if (e.length >= 4 && bytes4(e) == SuperPaymaster.PostOpGasTooLow.selector) guard++;
    │                                      ━━━━━━━━━
    │
    ├ note: consider disabling this lint if you're certain the cast is safe
    │       
    │       // casting to 'bytes4' is safe because [explain why]
    │       // forge-lint: disable-next-line(unsafe-typecast)
    │       
    │       
    ╰ help: https://book.getfoundry.sh/reference/forge/forge-lint#unsafe-typecast

warning[erc20-unchecked-transfer]: ERC20 'transfer' and 'transferFrom' calls should check the return value
    ╭▸ contracts/test/tokens/APNTsCapped.t.sol:329:9
    │
329 │         token.transfer(rando, 1 ether);
    │         ━━━━━━━━━━━━━━━━━━━━━━━━━━━━━━
    │
    ╰ help: https://book.getfoundry.sh/reference/forge/forge-lint#erc20-unchecked-transfer

warning[unsafe-typecast]: typecasts that can truncate values should be checked
    ╭▸ contracts/src/tokens/v2/xPNTsTokenV2Ext.sol:284:29
    │
284 │         pendingStandbyEta = uint64(block.timestamp + TIMELOCK);
    │                             ━━━━━━━━━━━━━━━━━━━━━━━━━━━━━━━━━━
    │
    ├ note: consider disabling this lint if you're certain the cast is safe
    │       
    │       // casting to 'uint64' is safe because [explain why]
    │       // forge-lint: disable-next-line(unsafe-typecast)
    │       
    │       
    ╰ help: https://book.getfoundry.sh/reference/forge/forge-lint#unsafe-typecast

warning[unsafe-typecast]: typecasts that can truncate values should be checked
    ╭▸ contracts/src/tokens/v2/xPNTsTokenV2Ext.sol:335:22
    │
335 │         uint64 eta = uint64(block.timestamp + TIMELOCK);
    │                      ━━━━━━━━━━━━━━━━━━━━━━━━━━━━━━━━━━
    │
    ├ note: consider disabling this lint if you're certain the cast is safe
    │       
    │       // casting to 'uint64' is safe because [explain why]
    │       // forge-lint: disable-next-line(unsafe-typecast)
    │       
    │       
    ╰ help: https://book.getfoundry.sh/reference/forge/forge-lint#unsafe-typecast

warning[block-timestamp]: usage of `block.timestamp` in a comparison may be manipulated by validators
   ╭▸ contracts/test/bundler/B0Violators.sol:37:21
   │
37 │         return ("", block.timestamp == 0 ? 1 : 0);
   │                     ━━━━━━━━━━━━━━━━━━━━
   │
   ╰ help: https://book.getfoundry.sh/reference/forge/forge-lint#block-timestamp

warning[unsafe-typecast]: typecasts that can truncate values should be checked
    ╭▸ contracts/test/paymasters/superpaymaster/v3/SuperPaymasterHardenVerification.t.sol:293:18
    │
293 │         assertEq(uint160(vd), 0, "precondition: validation passes");
    │                  ━━━━━━━━━━━
    │
    ├ note: consider disabling this lint if you're certain the cast is safe
    │       
    │       // casting to 'uint160' is safe because [explain why]
    │       // forge-lint: disable-next-line(unsafe-typecast)
    │       
    │       
    ╰ help: https://book.getfoundry.sh/reference/forge/forge-lint#unsafe-typecast

warning[unsafe-typecast]: typecasts that can truncate values should be checked
    ╭▸ contracts/test/v3/SuperPaymaster_BurnRestore.t.sol:351:22
    │
351 │             assertEq(uint160(validationData), 1, "zero-credit unfunded op rejected every attempt");
    │                      ━━━━━━━━━━━━━━━━━━━━━━━
    │
    ├ note: consider disabling this lint if you're certain the cast is safe
    │       
    │       // casting to 'uint160' is safe because [explain why]
    │       // forge-lint: disable-next-line(unsafe-typecast)
    │       
    │       
    ╰ help: https://book.getfoundry.sh/reference/forge/forge-lint#unsafe-typecast

warning[unsafe-typecast]: typecasts that can truncate values should be checked
    ╭▸ contracts/test/v3/SuperPaymaster_BurnRestore.t.sol:402:18
    │
402 │         assertEq(uint160(vd), 0);
    │                  ━━━━━━━━━━━
    │
    ├ note: consider disabling this lint if you're certain the cast is safe
    │       
    │       // casting to 'uint160' is safe because [explain why]
    │       // forge-lint: disable-next-line(unsafe-typecast)
    │       
    │       
    ╰ help: https://book.getfoundry.sh/reference/forge/forge-lint#unsafe-typecast

warning[unsafe-typecast]: typecasts that can truncate values should be checked
    ╭▸ contracts/test/v3/SuperPaymaster_BurnRestore.t.sol:410:18
    │
410 │         assertEq(bytes4(ret), xPNTsV2Base.NotLive.selector, "reverted for L-3 NotLive (not auth/other)");
    │                  ━━━━━━━━━━━
    │
    ├ note: consider disabling this lint if you're certain the cast is safe
    │       
    │       // casting to 'bytes4' is safe because [explain why]
    │       // forge-lint: disable-next-line(unsafe-typecast)
    │       
    │       
    ╰ help: https://book.getfoundry.sh/reference/forge/forge-lint#unsafe-typecast

warning[unsafe-typecast]: typecasts that can truncate values should be checked
    ╭▸ contracts/test/v3/SuperPaymaster_BurnRestore.t.sol:443:18
    │
443 │         assertEq(uint160(vd1), 0);
    │                  ━━━━━━━━━━━━
    │
    ├ note: consider disabling this lint if you're certain the cast is safe
    │       
    │       // casting to 'uint160' is safe because [explain why]
    │       // forge-lint: disable-next-line(unsafe-typecast)
    │       
    │       
    ╰ help: https://book.getfoundry.sh/reference/forge/forge-lint#unsafe-typecast

warning[unsafe-typecast]: typecasts that can truncate values should be checked
    ╭▸ contracts/test/v3/SuperPaymaster_BurnRestore.t.sol:452:18
    │
452 │         assertEq(uint160(vd2), 0);
    │                  ━━━━━━━━━━━━
    │
    ├ note: consider disabling this lint if you're certain the cast is safe
    │       
    │       // casting to 'uint160' is safe because [explain why]
    │       // forge-lint: disable-next-line(unsafe-typecast)
    │       
    │       
    ╰ help: https://book.getfoundry.sh/reference/forge/forge-lint#unsafe-typecast

warning[unsafe-typecast]: typecasts that can truncate values should be checked
    ╭▸ contracts/test/v3/SuperPaymaster_BurnRestore.t.sol:553:18
    │
553 │         assertEq(uint160(vd), 0);
    │                  ━━━━━━━━━━━
    │
    ├ note: consider disabling this lint if you're certain the cast is safe
    │       
    │       // casting to 'uint160' is safe because [explain why]
    │       // forge-lint: disable-next-line(unsafe-typecast)
    │       
    │       
    ╰ help: https://book.getfoundry.sh/reference/forge/forge-lint#unsafe-typecast

warning[unsafe-typecast]: typecasts that can truncate values should be checked
   ╭▸ contracts/test/v4/PaymasterOptimizations.t.sol:91:32
   │
91 │         oracle = new SpyOracle(int256(ORACLE_PRICE)); 
   │                                ━━━━━━━━━━━━━━━━━━━━
   │
   ├ note: consider disabling this lint if you're certain the cast is safe
   │       
   │       // casting to 'int256' is safe because [explain why]
   │       // forge-lint: disable-next-line(unsafe-typecast)
   │       
   │       
   ╰ help: https://book.getfoundry.sh/reference/forge/forge-lint#unsafe-typecast

warning[unsafe-typecast]: typecasts that can truncate values should be checked
    ╭▸ contracts/test/v4/PaymasterOptimizations.t.sol:209:25
    │
209 │         oracle.setPrice(int256(oraclePrice));
    │                         ━━━━━━━━━━━━━━━━━━━
    │
    ├ note: consider disabling this lint if you're certain the cast is safe
    │       
    │       // casting to 'int256' is safe because [explain why]
    │       // forge-lint: disable-next-line(unsafe-typecast)
    │       
    │       
    ╰ help: https://book.getfoundry.sh/reference/forge/forge-lint#unsafe-typecast

warning[block-timestamp]: usage of `block.timestamp` in a comparison may be manipulated by validators
    ╭▸ contracts/test/paymasters/superpaymaster/v3/SuperPaymasterPricingV2.t.sol:274:20
    │
274 │         assertTrue(extractedValidUntil < block.timestamp, "ValidUntil should be in the past (expired)");
    │                    ━━━━━━━━━━━━━━━━━━━━━━━━━━━━━━━━━━━━━
    │
    ╰ help: https://book.getfoundry.sh/reference/forge/forge-lint#block-timestamp

warning[block-timestamp]: usage of `block.timestamp` in a comparison may be manipulated by validators
    ╭▸ contracts/src/paymasters/superpaymaster/v3/MicroPaymentChannel.sol:365:13
    │
365 │         if (block.timestamp <= uint256(ch.closeRequestedAt) + closeTimeout) {
    │             ━━━━━━━━━━━━━━━━━━━━━━━━━━━━━━━━━━━━━━━━━━━━━━━━━━━━━━━━━━━━━━
    │
    ╰ help: https://book.getfoundry.sh/reference/forge/forge-lint#block-timestamp

warning[unsafe-typecast]: typecasts that can truncate values should be checked
    ╭▸ contracts/test/v3/MySBT_Complete.t.sol:717:36
    │
717 │             address comm = address(uint160(0x1000 + i));
    │                                    ━━━━━━━━━━━━━━━━━━━
    │
    ├ note: consider disabling this lint if you're certain the cast is safe
    │       
    │       // casting to 'uint160' is safe because [explain why]
    │       // forge-lint: disable-next-line(unsafe-typecast)
    │       
    │       
    ╰ help: https://book.getfoundry.sh/reference/forge/forge-lint#unsafe-typecast

warning[unsafe-typecast]: typecasts that can truncate values should be checked
    ╭▸ contracts/test/v3/MySBT_Complete.t.sol:739:36
    │
739 │             address comm = address(uint160(0x1000 + i));
    │                                    ━━━━━━━━━━━━━━━━━━━
    │
    ├ note: consider disabling this lint if you're certain the cast is safe
    │       
    │       // casting to 'uint160' is safe because [explain why]
    │       // forge-lint: disable-next-line(unsafe-typecast)
    │       
    │       
    ╰ help: https://book.getfoundry.sh/reference/forge/forge-lint#unsafe-typecast

warning[unsafe-typecast]: typecasts that can truncate values should be checked
    ╭▸ contracts/test/paymasters/superpaymaster/v3/SuperPaymasterPricingV2.t.sol:123:45
    │
123 │         priceFeed = new MockAggregatorV3Spy(int256(INITIAL_PRICE), 8);
    │                                             ━━━━━━━━━━━━━━━━━━━━━
    │
    ├ note: consider disabling this lint if you're certain the cast is safe
    │       
    │       // casting to 'int256' is safe because [explain why]
    │       // forge-lint: disable-next-line(unsafe-typecast)
    │       
    │       
    ╰ help: https://book.getfoundry.sh/reference/forge/forge-lint#unsafe-typecast

warning[unsafe-typecast]: typecasts that can truncate values should be checked
    ╭▸ contracts/test/paymasters/superpaymaster/v3/SuperPaymasterPricingV2.t.sol:201:18
    │
201 │         assertEq(uint160(vd), 0, "precondition: validation passes");
    │                  ━━━━━━━━━━━
    │
    ├ note: consider disabling this lint if you're certain the cast is safe
    │       
    │       // casting to 'uint160' is safe because [explain why]
    │       // forge-lint: disable-next-line(unsafe-typecast)
    │       
    │       
    ╰ help: https://book.getfoundry.sh/reference/forge/forge-lint#unsafe-typecast

warning[unsafe-typecast]: typecasts that can truncate values should be checked
    ╭▸ contracts/src/paymasters/superpaymaster/v3/MicroPaymentChannel.sol:212:28
    │
212 │         uint128 credited = uint128(received);
    │                            ━━━━━━━━━━━━━━━━━
    │
    ├ note: consider disabling this lint if you're certain the cast is safe
    │       
    │       // casting to 'uint128' is safe because [explain why]
    │       // forge-lint: disable-next-line(unsafe-typecast)
    │       
    │       
    ╰ help: https://book.getfoundry.sh/reference/forge/forge-lint#unsafe-typecast

warning[unsafe-typecast]: typecasts that can truncate values should be checked
    ╭▸ contracts/src/paymasters/superpaymaster/v3/MicroPaymentChannel.sol:280:28
    │
280 │         uint128 credited = uint128(received);
    │                            ━━━━━━━━━━━━━━━━━
    │
    ├ note: consider disabling this lint if you're certain the cast is safe
    │       
    │       // casting to 'uint128' is safe because [explain why]
    │       // forge-lint: disable-next-line(unsafe-typecast)
    │       
    │       
    ╰ help: https://book.getfoundry.sh/reference/forge/forge-lint#unsafe-typecast

warning[unsafe-typecast]: typecasts that can truncate values should be checked
    ╭▸ contracts/test/v2/SuperPaymasterV55Gas.t.sol:176:42
    │
176 │         uint256 w1 = _probeSingle(0, "", uint128(MIN_POST_OP_GAS));          // opSucceeded, no call
    │                                          ━━━━━━━━━━━━━━━━━━━━━━━━
    │
    ├ note: consider disabling this lint if you're certain the cast is safe
    │       
    │       // casting to 'uint128' is safe because [explain why]
    │       // forge-lint: disable-next-line(unsafe-typecast)
    │       
    │       
    ╰ help: https://book.getfoundry.sh/reference/forge/forge-lint#unsafe-typecast

warning[unsafe-typecast]: typecasts that can truncate values should be checked
    ╭▸ contracts/test/v2/SuperPaymasterV55Gas.t.sol:178:53
    │
178 │         uint256 w3 = _probeSingle(50_000, burnCall, uint128(MIN_POST_OP_GAS)); // opReverted (call OOG)
    │                                                     ━━━━━━━━━━━━━━━━━━━━━━━━
    │
    ├ note: consider disabling this lint if you're certain the cast is safe
    │       
    │       // casting to 'uint128' is safe because [explain why]
    │       // forge-lint: disable-next-line(unsafe-typecast)
    │       
    │       
    ╰ help: https://book.getfoundry.sh/reference/forge/forge-lint#unsafe-typecast

warning[unsafe-typecast]: typecasts that can truncate values should be checked
    ╭▸ contracts/test/v2/SuperPaymasterV55Gas.t.sol:179:50
    │
179 │         uint256 w4 = _probeSingle(3_000_000, "", uint128(MIN_POST_OP_GAS));    // big unused callGas → penalty
    │                                                  ━━━━━━━━━━━━━━━━━━━━━━━━
    │
    ├ note: consider disabling this lint if you're certain the cast is safe
    │       
    │       // casting to 'uint128' is safe because [explain why]
    │       // forge-lint: disable-next-line(unsafe-typecast)
    │       
    │       
    ╰ help: https://book.getfoundry.sh/reference/forge/forge-lint#unsafe-typecast

warning[unsafe-typecast]: typecasts that can truncate values should be checked
    ╭▸ contracts/test/v2/SuperPaymasterV55Gas.t.sol:201:68
    │
201 │         for (uint256 i; i < n; i++) ops[i] = _probeOp(a, i, 0, "", uint128(MIN_POST_OP_GAS));
    │                                                                    ━━━━━━━━━━━━━━━━━━━━━━━━
    │
    ├ note: consider disabling this lint if you're certain the cast is safe
    │       
    │       // casting to 'uint128' is safe because [explain why]
    │       // forge-lint: disable-next-line(unsafe-typecast)
    │       
    │       
    ╰ help: https://book.getfoundry.sh/reference/forge/forge-lint#unsafe-typecast

warning[unsafe-typecast]: typecasts that can truncate values should be checked
    ╭▸ contracts/test/v2/SuperPaymasterV55Gas.t.sol:284:48
    │
284 │         uint256 a = Math.mulDiv(finalCostWei * uint256(price), 1e18, (10 ** uint256(dec)) * sp.aPNTsPriceUSD(), Math.Rounding.Ceil);
    │                                                ━━━━━━━━━━━━━━
    │
    ├ note: consider disabling this lint if you're certain the cast is safe
    │       
    │       // casting to 'uint256' is safe because [explain why]
    │       // forge-lint: disable-next-line(unsafe-typecast)
    │       
    │       
    ╰ help: https://book.getfoundry.sh/reference/forge/forge-lint#unsafe-typecast

warning[unsafe-typecast]: typecasts that can truncate values should be checked
    ╭▸ contracts/test/v2/SuperPaymasterV55Gas.t.sol:313:24
    │
313 │         _spCase(0, "", uint128(MIN_POST_OP_GAS));
    │                        ━━━━━━━━━━━━━━━━━━━━━━━━
    │
    ├ note: consider disabling this lint if you're certain the cast is safe
    │       
    │       // casting to 'uint128' is safe because [explain why]
    │       // forge-lint: disable-next-line(unsafe-typecast)
    │       
    │       
    ╰ help: https://book.getfoundry.sh/reference/forge/forge-lint#unsafe-typecast

warning[unsafe-typecast]: typecasts that can truncate values should be checked
    ╭▸ contracts/test/v2/SuperPaymasterV55Gas.t.sol:323:13
    │
323 │             uint128(MIN_POST_OP_GAS));
    │             ━━━━━━━━━━━━━━━━━━━━━━━━
    │
    ├ note: consider disabling this lint if you're certain the cast is safe
    │       
    │       // casting to 'uint128' is safe because [explain why]
    │       // forge-lint: disable-next-line(unsafe-typecast)
    │       
    │       
    ╰ help: https://book.getfoundry.sh/reference/forge/forge-lint#unsafe-typecast

warning[block-timestamp]: usage of `block.timestamp` in a comparison may be manipulated by validators
    ╭▸ contracts/test/v4/PaymasterV4.t.sol:214:20
    │
214 │         assertTrue(validUntil > block.timestamp, "ValidUntil should be in future");
    │                    ━━━━━━━━━━━━━━━━━━━━━━━━━━━━
    │
    ╰ help: https://book.getfoundry.sh/reference/forge/forge-lint#block-timestamp

warning[unsafe-typecast]: typecasts that can truncate values should be checked
    ╭▸ contracts/test/v2/SuperPaymasterV55Adversarial.t.sol:866:29
    │
866 │                 if (address(uint160(word)) == cur) {
    │                             ━━━━━━━━━━━━━
    │
    ├ note: consider disabling this lint if you're certain the cast is safe
    │       
    │       // casting to 'uint160' is safe because [explain why]
    │       // forge-lint: disable-next-line(unsafe-typecast)
    │       
    │       
    ╰ help: https://book.getfoundry.sh/reference/forge/forge-lint#unsafe-typecast

warning[unsafe-typecast]: typecasts that can truncate values should be checked
    ╭▸ contracts/test/v2/SuperPaymasterV55Adversarial.t.sol:983:29
    │
983 │                 if (address(uint160(word)) == from) {
    │                             ━━━━━━━━━━━━━
    │
    ├ note: consider disabling this lint if you're certain the cast is safe
    │       
    │       // casting to 'uint160' is safe because [explain why]
    │       // forge-lint: disable-next-line(unsafe-typecast)
    │       
    │       
    ╰ help: https://book.getfoundry.sh/reference/forge/forge-lint#unsafe-typecast

warning[erc20-unchecked-transfer]: ERC20 'transfer' and 'transferFrom' calls should check the return value
     ╭▸ contracts/test/v2/SuperPaymasterV55Adversarial.t.sol:1003:9
     │
1003 │         token.transferFrom(u, operator, 1 ether);
     │         ━━━━━━━━━━━━━━━━━━━━━━━━━━━━━━━━━━━━━━━━
     │
     ╰ help: https://book.getfoundry.sh/reference/forge/forge-lint#erc20-unchecked-transfer

warning[unsafe-typecast]: typecasts that can truncate values should be checked
    ╭▸ contracts/test/paymasters/superpaymaster/v3/SuperPaymasterRefundTest.t.sol:101:18
    │
101 │         assertEq(uint160(validationData), 0, "Validation should pass");
    │                  ━━━━━━━━━━━━━━━━━━━━━━━
    │
    ├ note: consider disabling this lint if you're certain the cast is safe
    │       
    │       // casting to 'uint160' is safe because [explain why]
    │       // forge-lint: disable-next-line(unsafe-typecast)
    │       
    │       
    ╰ help: https://book.getfoundry.sh/reference/forge/forge-lint#unsafe-typecast

warning[unsafe-typecast]: typecasts that can truncate values should be checked
    ╭▸ contracts/test/v4/PaymasterBase_Coverage.t.sol:126:42
    │
126 │         oracle     = new CovV4MockOracle(int256(INITIAL_PRICE));
    │                                          ━━━━━━━━━━━━━━━━━━━━━
    │
    ├ note: consider disabling this lint if you're certain the cast is safe
    │       
    │       // casting to 'int256' is safe because [explain why]
    │       // forge-lint: disable-next-line(unsafe-typecast)
    │       
    │       
    ╰ help: https://book.getfoundry.sh/reference/forge/forge-lint#unsafe-typecast

warning[unsafe-typecast]: typecasts that can truncate values should be checked
    ╭▸ contracts/test/v3/MySBT_Complete.t.sol:766:36
    │
766 │             address comm = address(uint160(0x3000 + i));
    │                                    ━━━━━━━━━━━━━━━━━━━
    │
    ├ note: consider disabling this lint if you're certain the cast is safe
    │       
    │       // casting to 'uint160' is safe because [explain why]
    │       // forge-lint: disable-next-line(unsafe-typecast)
    │       
    │       
    ╰ help: https://book.getfoundry.sh/reference/forge/forge-lint#unsafe-typecast

warning[unsafe-typecast]: typecasts that can truncate values should be checked
    ╭▸ contracts/test/v3/MySBT_Complete.t.sol:784:36
    │
784 │             address comm = address(uint160(0x3000 + i));
    │                                    ━━━━━━━━━━━━━━━━━━━
    │
    ├ note: consider disabling this lint if you're certain the cast is safe
    │       
    │       // casting to 'uint160' is safe because [explain why]
    │       // forge-lint: disable-next-line(unsafe-typecast)
    │       
    │       
    ╰ help: https://book.getfoundry.sh/reference/forge/forge-lint#unsafe-typecast

warning[block-timestamp]: usage of `block.timestamp` in a comparison may be manipulated by validators
   ╭▸ contracts/src/paymasters/superpaymaster/v3/SuperPaymasterLens.sol:93:16
   │
93 │             && block.timestamp < uint256(lastTime) + uint256(minTxInterval);
   │                ━━━━━━━━━━━━━━━━━━━━━━━━━━━━━━━━━━━━━━━━━━━━━━━━━━━━━━━━━━━━
   │
   ╰ help: https://book.getfoundry.sh/reference/forge/forge-lint#block-timestamp

warning[block-timestamp]: usage of `block.timestamp` in a comparison may be manipulated by validators
    ╭▸ contracts/src/paymasters/superpaymaster/v3/SuperPaymasterLens.sol:106:45
    │
106 │         if (updatedAt == 0 || price <= 0 || block.timestamp > updatedAt + s.priceStalenessThreshold()) {
    │                                             ━━━━━━━━━━━━━━━━━━━━━━━━━━━━━━━━━━━━━━━━━━━━━━━━━━━━━━━━━
    │
    ╰ help: https://book.getfoundry.sh/reference/forge/forge-lint#block-timestamp

warning[unsafe-typecast]: typecasts that can truncate values should be checked
   ╭▸ contracts/src/paymasters/superpaymaster/v3/SuperPaymasterLens.sol:53:63
   │
53 │     bytes32 public constant DRYRUN_VERSION_MISMATCH         = bytes32("VERSION_MISMATCH");
   │                                                               ━━━━━━━━━━━━━━━━━━━━━━━━━━━
   │
   ├ note: consider disabling this lint if you're certain the cast is safe
   │       
   │       // casting to 'bytes32' is safe because [explain why]
   │       // forge-lint: disable-next-line(unsafe-typecast)
   │       
   │       
   ╰ help: https://book.getfoundry.sh/reference/forge/forge-lint#unsafe-typecast

warning[unsafe-typecast]: typecasts that can truncate values should be checked
   ╭▸ contracts/src/paymasters/superpaymaster/v3/SuperPaymasterLens.sol:54:63
   │
54 │     bytes32 public constant DRYRUN_OPERATOR_NOT_CONFIGURED  = bytes32("OPERATOR_NOT_CONFIGURED");
   │                                                               ━━━━━━━━━━━━━━━━━━━━━━━━━━━━━━━━━━
   │
   ├ note: consider disabling this lint if you're certain the cast is safe
   │       
   │       // casting to 'bytes32' is safe because [explain why]
   │       // forge-lint: disable-next-line(unsafe-typecast)
   │       
   │       
   ╰ help: https://book.getfoundry.sh/reference/forge/forge-lint#unsafe-typecast

warning[unsafe-typecast]: typecasts that can truncate values should be checked
   ╭▸ contracts/src/paymasters/superpaymaster/v3/SuperPaymasterLens.sol:55:63
   │
55 │     bytes32 public constant DRYRUN_OPERATOR_PAUSED          = bytes32("OPERATOR_PAUSED");
   │                                                               ━━━━━━━━━━━━━━━━━━━━━━━━━━
   │
   ├ note: consider disabling this lint if you're certain the cast is safe
   │       
   │       // casting to 'bytes32' is safe because [explain why]
   │       // forge-lint: disable-next-line(unsafe-typecast)
   │       
   │       
   ╰ help: https://book.getfoundry.sh/reference/forge/forge-lint#unsafe-typecast

warning[unsafe-typecast]: typecasts that can truncate values should be checked
   ╭▸ contracts/src/paymasters/superpaymaster/v3/SuperPaymasterLens.sol:56:63
   │
56 │     bytes32 public constant DRYRUN_USER_NOT_ELIGIBLE        = bytes32("USER_NOT_ELIGIBLE");
   │                                                               ━━━━━━━━━━━━━━━━━━━━━━━━━━━━
   │
   ├ note: consider disabling this lint if you're certain the cast is safe
   │       
   │       // casting to 'bytes32' is safe because [explain why]
   │       // forge-lint: disable-next-line(unsafe-typecast)
   │       
   │       
   ╰ help: https://book.getfoundry.sh/reference/forge/forge-lint#unsafe-typecast

warning[unsafe-typecast]: typecasts that can truncate values should be checked
   ╭▸ contracts/src/paymasters/superpaymaster/v3/SuperPaymasterLens.sol:57:63
   │
57 │     bytes32 public constant DRYRUN_USER_BLOCKED             = bytes32("USER_BLOCKED");
   │                                                               ━━━━━━━━━━━━━━━━━━━━━━━
   │
   ├ note: consider disabling this lint if you're certain the cast is safe
   │       
   │       // casting to 'bytes32' is safe because [explain why]
   │       // forge-lint: disable-next-line(unsafe-typecast)
   │       
   │       
   ╰ help: https://book.getfoundry.sh/reference/forge/forge-lint#unsafe-typecast

warning[unsafe-typecast]: typecasts that can truncate values should be checked
   ╭▸ contracts/src/paymasters/superpaymaster/v3/SuperPaymasterLens.sol:58:63
   │
58 │     bytes32 public constant DRYRUN_RATE_LIMITED             = bytes32("RATE_LIMITED");
   │                                                               ━━━━━━━━━━━━━━━━━━━━━━━
   │
   ├ note: consider disabling this lint if you're certain the cast is safe
   │       
   │       // casting to 'bytes32' is safe because [explain why]
   │       // forge-lint: disable-next-line(unsafe-typecast)
   │       
   │       
   ╰ help: https://book.getfoundry.sh/reference/forge/forge-lint#unsafe-typecast

warning[unsafe-typecast]: typecasts that can truncate values should be checked
   ╭▸ contracts/src/paymasters/superpaymaster/v3/SuperPaymasterLens.sol:59:63
   │
59 │     bytes32 public constant DRYRUN_POSTOP_GAS_TOO_LOW       = bytes32("POSTOP_GAS_TOO_LOW");
   │                                                               ━━━━━━━━━━━━━━━━━━━━━━━━━━━━━
   │
   ├ note: consider disabling this lint if you're certain the cast is safe
   │       
   │       // casting to 'bytes32' is safe because [explain why]
   │       // forge-lint: disable-next-line(unsafe-typecast)
   │       
   │       
   ╰ help: https://book.getfoundry.sh/reference/forge/forge-lint#unsafe-typecast

warning[unsafe-typecast]: typecasts that can truncate values should be checked
   ╭▸ contracts/src/paymasters/superpaymaster/v3/SuperPaymasterLens.sol:60:63
   │
60 │     bytes32 public constant DRYRUN_TOKEN_MISMATCH           = bytes32("TOKEN_MISMATCH");
   │                                                               ━━━━━━━━━━━━━━━━━━━━━━━━━
   │
   ├ note: consider disabling this lint if you're certain the cast is safe
   │       
   │       // casting to 'bytes32' is safe because [explain why]
   │       // forge-lint: disable-next-line(unsafe-typecast)
   │       
   │       
   ╰ help: https://book.getfoundry.sh/reference/forge/forge-lint#unsafe-typecast

warning[unsafe-typecast]: typecasts that can truncate values should be checked
   ╭▸ contracts/src/paymasters/superpaymaster/v3/SuperPaymasterLens.sol:61:63
   │
61 │     bytes32 public constant DRYRUN_RATE_COMMITMENT_VIOLATED = bytes32("RATE_COMMITMENT_VIOLATED");
   │                                                               ━━━━━━━━━━━━━━━━━━━━━━━━━━━━━━━━━━━
   │
   ├ note: consider disabling this lint if you're certain the cast is safe
   │       
   │       // casting to 'bytes32' is safe because [explain why]
   │       // forge-lint: disable-next-line(unsafe-typecast)
   │       
   │       
   ╰ help: https://book.getfoundry.sh/reference/forge/forge-lint#unsafe-typecast

warning[unsafe-typecast]: typecasts that can truncate values should be checked
   ╭▸ contracts/src/paymasters/superpaymaster/v3/SuperPaymasterLens.sol:62:63
   │
62 │     bytes32 public constant DRYRUN_STALE_PRICE              = bytes32("STALE_PRICE");
   │                                                               ━━━━━━━━━━━━━━━━━━━━━━
   │
   ├ note: consider disabling this lint if you're certain the cast is safe
   │       
   │       // casting to 'bytes32' is safe because [explain why]
   │       // forge-lint: disable-next-line(unsafe-typecast)
   │       
   │       
   ╰ help: https://book.getfoundry.sh/reference/forge/forge-lint#unsafe-typecast

warning[unsafe-typecast]: typecasts that can truncate values should be checked
    ╭▸ contracts/test/v4/PaymasterBase_Coverage.t.sol:351:25
    │
351 │         oracle.setPrice(int256(INITIAL_PRICE), block.timestamp);
    │                         ━━━━━━━━━━━━━━━━━━━━━
    │
    ├ note: consider disabling this lint if you're certain the cast is safe
    │       
    │       // casting to 'int256' is safe because [explain why]
    │       // forge-lint: disable-next-line(unsafe-typecast)
    │       
    │       
    ╰ help: https://book.getfoundry.sh/reference/forge/forge-lint#unsafe-typecast

warning[erc20-unchecked-transfer]: ERC20 'transfer' and 'transferFrom' calls should check the return value
   ╭▸ contracts/test/v3/xPNTs_APNTs_Accounting.t.sol:50:9
   │
50 │         token.transfer(to, amount);
   │         ━━━━━━━━━━━━━━━━━━━━━━━━━━
   │
   ╰ help: https://book.getfoundry.sh/reference/forge/forge-lint#erc20-unchecked-transfer

warning[unsafe-typecast]: typecasts that can truncate values should be checked
   ╭▸ contracts/test/v3/xPNTs_APNTs_Accounting.t.sol:64:50
   │
64 │         token.burnFromWithOpHash(user, 10 ether, bytes32("op1"));
   │                                                  ━━━━━━━━━━━━━━
   │
   ├ note: consider disabling this lint if you're certain the cast is safe
   │       
   │       // casting to 'bytes32' is safe because [explain why]
   │       // forge-lint: disable-next-line(unsafe-typecast)
   │       
   │       
   ╰ help: https://book.getfoundry.sh/reference/forge/forge-lint#unsafe-typecast

warning[unsafe-typecast]: typecasts that can truncate values should be checked
   ╭▸ contracts/test/v3/xPNTs_APNTs_Accounting.t.sol:77:43
   │
77 │         token.burnFromWithOpHash(user, 3, bytes32("op_hceil")); // 3 wei aPNTs
   │                                           ━━━━━━━━━━━━━━━━━━━
   │
   ├ note: consider disabling this lint if you're certain the cast is safe
   │       
   │       // casting to 'bytes32' is safe because [explain why]
   │       // forge-lint: disable-next-line(unsafe-typecast)
   │       
   │       
   ╰ help: https://book.getfoundry.sh/reference/forge/forge-lint#unsafe-typecast

warning[unsafe-typecast]: typecasts that can truncate values should be checked
   ╭▸ contracts/test/v3/xPNTs_APNTs_Accounting.t.sol:91:43
   │
91 │         token.burnFromWithOpHash(user, 3, bytes32("op2")); // 3 wei aPNTs
   │                                           ━━━━━━━━━━━━━━
   │
   ├ note: consider disabling this lint if you're certain the cast is safe
   │       
   │       // casting to 'bytes32' is safe because [explain why]
   │       // forge-lint: disable-next-line(unsafe-typecast)
   │       
   │       
   ╰ help: https://book.getfoundry.sh/reference/forge/forge-lint#unsafe-typecast

warning[unsafe-typecast]: typecasts that can truncate values should be checked
    ╭▸ contracts/test/v3/xPNTs_APNTs_Accounting.t.sol:104:49
    │
104 │         token.burnFromWithOpHash(user, 2 ether, bytes32("op3"));
    │                                                 ━━━━━━━━━━━━━━
    │
    ├ note: consider disabling this lint if you're certain the cast is safe
    │       
    │       // casting to 'bytes32' is safe because [explain why]
    │       // forge-lint: disable-next-line(unsafe-typecast)
    │       
    │       
    ╰ help: https://book.getfoundry.sh/reference/forge/forge-lint#unsafe-typecast

warning[unsafe-typecast]: typecasts that can truncate values should be checked
    ╭▸ contracts/test/v3/xPNTs_APNTs_Accounting.t.sol:116:53
    │
116 │         token.burnFromWithOpHash(user, 5_001 ether, bytes32("op4"));
    │                                                     ━━━━━━━━━━━━━━
    │
    ├ note: consider disabling this lint if you're certain the cast is safe
    │       
    │       // casting to 'bytes32' is safe because [explain why]
    │       // forge-lint: disable-next-line(unsafe-typecast)
    │       
    │       
    ╰ help: https://book.getfoundry.sh/reference/forge/forge-lint#unsafe-typecast

warning[unsafe-typecast]: typecasts that can truncate values should be checked
    ╭▸ contracts/test/v3/xPNTs_APNTs_Accounting.t.sol:122:26
    │
122 │         bytes32 opHash = bytes32("op10");
    │                          ━━━━━━━━━━━━━━━
    │
    ├ note: consider disabling this lint if you're certain the cast is safe
    │       
    │       // casting to 'bytes32' is safe because [explain why]
    │       // forge-lint: disable-next-line(unsafe-typecast)
    │       
    │       
    ╰ help: https://book.getfoundry.sh/reference/forge/forge-lint#unsafe-typecast

warning[unsafe-typecast]: typecasts that can truncate values should be checked
    ╭▸ contracts/test/v3/xPNTs_APNTs_Accounting.t.sol:132:26
    │
132 │         bytes32 opHash = bytes32("op11");
    │                          ━━━━━━━━━━━━━━━
    │
    ├ note: consider disabling this lint if you're certain the cast is safe
    │       
    │       // casting to 'bytes32' is safe because [explain why]
    │       // forge-lint: disable-next-line(unsafe-typecast)
    │       
    │       
    ╰ help: https://book.getfoundry.sh/reference/forge/forge-lint#unsafe-typecast

warning[unsafe-typecast]: typecasts that can truncate values should be checked
    ╭▸ contracts/test/v3/xPNTs_APNTs_Accounting.t.sol:143:26
    │
143 │         bytes32 opHash = bytes32("op12");
    │                          ━━━━━━━━━━━━━━━
    │
    ├ note: consider disabling this lint if you're certain the cast is safe
    │       
    │       // casting to 'bytes32' is safe because [explain why]
    │       // forge-lint: disable-next-line(unsafe-typecast)
    │       
    │       
    ╰ help: https://book.getfoundry.sh/reference/forge/forge-lint#unsafe-typecast

warning[unsafe-typecast]: typecasts that can truncate values should be checked
    ╭▸ contracts/test/v3/xPNTs_APNTs_Accounting.t.sol:157:26
    │
157 │         bytes32 opHash = bytes32("op13");
    │                          ━━━━━━━━━━━━━━━
    │
    ├ note: consider disabling this lint if you're certain the cast is safe
    │       
    │       // casting to 'bytes32' is safe because [explain why]
    │       // forge-lint: disable-next-line(unsafe-typecast)
    │       
    │       
    ╰ help: https://book.getfoundry.sh/reference/forge/forge-lint#unsafe-typecast

warning[erc20-unchecked-transfer]: ERC20 'transfer' and 'transferFrom' calls should check the return value
    ╭▸ contracts/test/v3/xPNTs_APNTs_Accounting.t.sol:180:9
    │
180 │         token.transferFrom(user, paymaster, 3_000 ether); // 6000 aPNTs equiv > 5000 limit
    │         ━━━━━━━━━━━━━━━━━━━━━━━━━━━━━━━━━━━━━━━━━━━━━━━━
    │
    ╰ help: https://book.getfoundry.sh/reference/forge/forge-lint#erc20-unchecked-transfer

warning[erc20-unchecked-transfer]: ERC20 'transfer' and 'transferFrom' calls should check the return value
    ╭▸ contracts/test/v3/xPNTs_APNTs_Accounting.t.sol:191:9
    │
191 │         token.transferFrom(user, paymaster, 6_000 ether); // 3000 aPNTs equiv < 5000 limit
    │         ━━━━━━━━━━━━━━━━━━━━━━━━━━━━━━━━━━━━━━━━━━━━━━━━
    │
    ╰ help: https://book.getfoundry.sh/reference/forge/forge-lint#erc20-unchecked-transfer

warning[unsafe-typecast]: typecasts that can truncate values should be checked
    ╭▸ contracts/test/v3/xPNTs_APNTs_Accounting.t.sol:204:49
    │
204 │         token.burnFromWithOpHash(user, 1 ether, bytes32("op20"));
    │                                                 ━━━━━━━━━━━━━━━
    │
    ├ note: consider disabling this lint if you're certain the cast is safe
    │       
    │       // casting to 'bytes32' is safe because [explain why]
    │       // forge-lint: disable-next-line(unsafe-typecast)
    │       
    │       
    ╰ help: https://book.getfoundry.sh/reference/forge/forge-lint#unsafe-typecast

warning[erc20-unchecked-transfer]: ERC20 'transfer' and 'transferFrom' calls should check the return value
    ╭▸ contracts/test/v3/xPNTs_APNTs_Accounting.t.sol:226:9
    │
226 │         token.transferFrom(user, paymaster, 1 ether);
    │         ━━━━━━━━━━━━━━━━━━━━━━━━━━━━━━━━━━━━━━━━━━━━
    │
    ╰ help: https://book.getfoundry.sh/reference/forge/forge-lint#erc20-unchecked-transfer

warning[unsafe-typecast]: typecasts that can truncate values should be checked
    ╭▸ contracts/test/v3/xPNTs_APNTs_Accounting.t.sol:328:55
    │
328 │         token.recordDebtWithOpHash(user, 5_001 ether, bytes32("op99"));
    │                                                       ━━━━━━━━━━━━━━━
    │
    ├ note: consider disabling this lint if you're certain the cast is safe
    │       
    │       // casting to 'bytes32' is safe because [explain why]
    │       // forge-lint: disable-next-line(unsafe-typecast)
    │       
    │       
    ╰ help: https://book.getfoundry.sh/reference/forge/forge-lint#unsafe-typecast

warning[unsafe-typecast]: typecasts that can truncate values should be checked
   ╭▸ contracts/src/paymasters/superpaymaster/v3/SuperPaymasterLens.sol:63:63
   │
63 │     bytes32 public constant DRYRUN_INSUFFICIENT_BALANCE     = bytes32("INSUFFICIENT_BALANCE");
   │                                                               ━━━━━━━━━━━━━━━━━━━━━━━━━━━━━━━
   │
   ├ note: consider disabling this lint if you're certain the cast is safe
   │       
   │       // casting to 'bytes32' is safe because [explain why]
   │       // forge-lint: disable-next-line(unsafe-typecast)
   │       
   │       
   ╰ help: https://book.getfoundry.sh/reference/forge/forge-lint#unsafe-typecast

warning[unsafe-typecast]: typecasts that can truncate values should be checked
   ╭▸ contracts/src/paymasters/superpaymaster/v3/SuperPaymasterLens.sol:65:63
   │
65 │     bytes32 public constant DRYRUN_LOCK_REJECTED            = bytes32("LOCK_REJECTED");
   │                                                               ━━━━━━━━━━━━━━━━━━━━━━━━
   │
   ├ note: consider disabling this lint if you're certain the cast is safe
   │       
   │       // casting to 'bytes32' is safe because [explain why]
   │       // forge-lint: disable-next-line(unsafe-typecast)
   │       
   │       
   ╰ help: https://book.getfoundry.sh/reference/forge/forge-lint#unsafe-typecast

warning[unsafe-typecast]: typecasts that can truncate values should be checked
   ╭▸ contracts/src/paymasters/superpaymaster/v3/SuperPaymasterLens.sol:66:63
   │
66 │     bytes32 public constant DRYRUN_CREDIT_REJECTED          = bytes32("CREDIT_REJECTED");
   │                                                               ━━━━━━━━━━━━━━━━━━━━━━━━━━
   │
   ├ note: consider disabling this lint if you're certain the cast is safe
   │       
   │       // casting to 'bytes32' is safe because [explain why]
   │       // forge-lint: disable-next-line(unsafe-typecast)
   │       
   │       
   ╰ help: https://book.getfoundry.sh/reference/forge/forge-lint#unsafe-typecast

warning[unsafe-typecast]: typecasts that can truncate values should be checked
    ╭▸ contracts/src/paymasters/superpaymaster/v3/SuperPaymasterLens.sol:109:44
    │
109 │         uint256 a0 = Math.mulDiv(maxCost * uint256(price), 1e18, (10 ** uint256(decimals)) * s.aPNTsPriceUSD(), Math.Rounding.Ceil);
    │                                            ━━━━━━━━━━━━━━
    │
    ├ note: consider disabling this lint if you're certain the cast is safe
    │       
    │       // casting to 'uint256' is safe because [explain why]
    │       // forge-lint: disable-next-line(unsafe-typecast)
    │       
    │       
    ╰ help: https://book.getfoundry.sh/reference/forge/forge-lint#unsafe-typecast

warning[unsafe-typecast]: typecasts that can truncate values should be checked
    ╭▸ contracts/test/paymasters/superpaymaster/v3/SuperPaymasterPricingV2.t.sol:229:21
    │
229 │         assertEq(p, int256(INITIAL_PRICE), "Should use cached price");
    │                     ━━━━━━━━━━━━━━━━━━━━━
    │
    ├ note: consider disabling this lint if you're certain the cast is safe
    │       
    │       // casting to 'int256' is safe because [explain why]
    │       // forge-lint: disable-next-line(unsafe-typecast)
    │       
    │       
    ╰ help: https://book.getfoundry.sh/reference/forge/forge-lint#unsafe-typecast

warning[unsafe-typecast]: typecasts that can truncate values should be checked
    ╭▸ contracts/test/paymasters/superpaymaster/v3/SuperPaymasterPricingV2.t.sol:252:21
    │
252 │         assertEq(p, int256(INITIAL_PRICE));
    │                     ━━━━━━━━━━━━━━━━━━━━━
    │
    ├ note: consider disabling this lint if you're certain the cast is safe
    │       
    │       // casting to 'int256' is safe because [explain why]
    │       // forge-lint: disable-next-line(unsafe-typecast)
    │       
    │       
    ╰ help: https://book.getfoundry.sh/reference/forge/forge-lint#unsafe-typecast

warning[unsafe-typecast]: typecasts that can truncate values should be checked
    ╭▸ contracts/test/v4/PaymasterV4.t.sol:210:29
    │
210 │         uint48 validUntil = uint48(validationData >> 160);
    │                             ━━━━━━━━━━━━━━━━━━━━━━━━━━━━━
    │
    ├ note: consider disabling this lint if you're certain the cast is safe
    │       
    │       // casting to 'uint48' is safe because [explain why]
    │       // forge-lint: disable-next-line(unsafe-typecast)
    │       
    │       
    ╰ help: https://book.getfoundry.sh/reference/forge/forge-lint#unsafe-typecast

warning[unsafe-typecast]: typecasts that can truncate values should be checked
    ╭▸ contracts/test/v4/PaymasterV4.t.sol:211:29
    │
211 │         uint48 validAfter = uint48(validationData >> (160 + 48));
    │                             ━━━━━━━━━━━━━━━━━━━━━━━━━━━━━━━━━━━━
    │
    ├ note: consider disabling this lint if you're certain the cast is safe
    │       
    │       // casting to 'uint48' is safe because [explain why]
    │       // forge-lint: disable-next-line(unsafe-typecast)
    │       
    │       
    ╰ help: https://book.getfoundry.sh/reference/forge/forge-lint#unsafe-typecast

warning[unsafe-typecast]: typecasts that can truncate values should be checked
    ╭▸ contracts/test/v4/PaymasterV4.t.sol:212:38
    │
212 │         address authorizer = address(uint160(validationData));
    │                                      ━━━━━━━━━━━━━━━━━━━━━━━
    │
    ├ note: consider disabling this lint if you're certain the cast is safe
    │       
    │       // casting to 'uint160' is safe because [explain why]
    │       // forge-lint: disable-next-line(unsafe-typecast)
    │       
    │       
    ╰ help: https://book.getfoundry.sh/reference/forge/forge-lint#unsafe-typecast

warning[unsafe-typecast]: typecasts that can truncate values should be checked
    ╭▸ contracts/test/v4/PaymasterV4Security.t.sol:112:42
    │
112 │         paymaster.setCachedPrice(3000e8, uint48(nowTime));
    │                                          ━━━━━━━━━━━━━━━
    │
    ├ note: consider disabling this lint if you're certain the cast is safe
    │       
    │       // casting to 'uint48' is safe because [explain why]
    │       // forge-lint: disable-next-line(unsafe-typecast)
    │       
    │       
    ╰ help: https://book.getfoundry.sh/reference/forge/forge-lint#unsafe-typecast

warning[unsafe-typecast]: typecasts that can truncate values should be checked
    ╭▸ contracts/test/paymasters/superpaymaster/v3/SuperPaymasterPricingV2.t.sol:270:18
    │
270 │         assertEq(uint160(validationData), 0, "not a sigFail: staleness is expressed via validUntil");
    │                  ━━━━━━━━━━━━━━━━━━━━━━━
    │
    ├ note: consider disabling this lint if you're certain the cast is safe
    │       
    │       // casting to 'uint160' is safe because [explain why]
    │       // forge-lint: disable-next-line(unsafe-typecast)
    │       
    │       
    ╰ help: https://book.getfoundry.sh/reference/forge/forge-lint#unsafe-typecast

warning[erc20-unchecked-transfer]: ERC20 'transfer' and 'transferFrom' calls should check the return value
   ╭▸ contracts/test/v2/xPNTsTokenV2.t.sol:81:9
   │
81 │         t.transferFrom(user, address(factory), 1 ether);
   │         ━━━━━━━━━━━━━━━━━━━━━━━━━━━━━━━━━━━━━━━━━━━━━━━
   │
   ╰ help: https://book.getfoundry.sh/reference/forge/forge-lint#erc20-unchecked-transfer

warning[erc20-unchecked-transfer]: ERC20 'transfer' and 'transferFrom' calls should check the return value
   ╭▸ contracts/test/v2/xPNTsTokenV2.t.sol:93:9
   │
93 │         t.transferFrom(user, sp, 1 ether);
   │         ━━━━━━━━━━━━━━━━━━━━━━━━━━━━━━━━━
   │
   ╰ help: https://book.getfoundry.sh/reference/forge/forge-lint#erc20-unchecked-transfer

warning[erc20-unchecked-transfer]: ERC20 'transfer' and 'transferFrom' calls should check the return value
    ╭▸ contracts/test/v2/xPNTsTokenV2.t.sol:153:9
    │
153 │         t.transfer(address(1), 6_001 ether);
    │         ━━━━━━━━━━━━━━━━━━━━━━━━━━━━━━━━━━━
    │
    ╰ help: https://book.getfoundry.sh/reference/forge/forge-lint#erc20-unchecked-transfer

warning[erc20-unchecked-transfer]: ERC20 'transfer' and 'transferFrom' calls should check the return value
    ╭▸ contracts/test/paymasters/superpaymaster/v3/SuperPaymasterV3.t.sol:257:9
    │
257 │         apnts.transferFrom(operator, user, 100 ether);
    │         ━━━━━━━━━━━━━━━━━━━━━━━━━━━━━━━━━━━━━━━━━━━━━
    │
    ╰ help: https://book.getfoundry.sh/reference/forge/forge-lint#erc20-unchecked-transfer

warning[unsafe-typecast]: typecasts that can truncate values should be checked
    ╭▸ contracts/test/paymasters/superpaymaster/v3/SuperPaymasterV3.t.sol:429:18
    │
429 │         assertEq(uint160(vd), 0, "validation must pass");
    │                  ━━━━━━━━━━━
    │
    ├ note: consider disabling this lint if you're certain the cast is safe
    │       
    │       // casting to 'uint160' is safe because [explain why]
    │       // forge-lint: disable-next-line(unsafe-typecast)
    │       
    │       
    ╰ help: https://book.getfoundry.sh/reference/forge/forge-lint#unsafe-typecast

warning[unsafe-typecast]: typecasts that can truncate values should be checked
    ╭▸ contracts/test/v3/RegistryUpgradeTo580.t.sol:123:24
    │
123 │         return address(uint160(0xB000 + i));
    │                        ━━━━━━━━━━━━━━━━━━━
    │
    ├ note: consider disabling this lint if you're certain the cast is safe
    │       
    │       // casting to 'uint160' is safe because [explain why]
    │       // forge-lint: disable-next-line(unsafe-typecast)
    │       
    │       
    ╰ help: https://book.getfoundry.sh/reference/forge/forge-lint#unsafe-typecast

warning[unsafe-typecast]: typecasts that can truncate values should be checked
    ╭▸ contracts/test/paymasters/superpaymaster/v3/SuperPaymasterPricingV2.t.sol:271:38
    │
271 │         uint48 extractedValidUntil = uint48(validationData >> 160);
    │                                      ━━━━━━━━━━━━━━━━━━━━━━━━━━━━━
    │
    ├ note: consider disabling this lint if you're certain the cast is safe
    │       
    │       // casting to 'uint48' is safe because [explain why]
    │       // forge-lint: disable-next-line(unsafe-typecast)
    │       
    │       
    ╰ help: https://book.getfoundry.sh/reference/forge/forge-lint#unsafe-typecast

warning[unsafe-typecast]: typecasts that can truncate values should be checked
    ╭▸ contracts/test/paymasters/superpaymaster/v3/SuperPaymasterPricingV2.t.sol:311:18
    │
311 │         assertEq(uint160(vd), 0);
    │                  ━━━━━━━━━━━
    │
    ├ note: consider disabling this lint if you're certain the cast is safe
    │       
    │       // casting to 'uint160' is safe because [explain why]
    │       // forge-lint: disable-next-line(unsafe-typecast)
    │       
    │       
    ╰ help: https://book.getfoundry.sh/reference/forge/forge-lint#unsafe-typecast

warning[block-timestamp]: usage of `block.timestamp` in a comparison may be manipulated by validators
    ╭▸ contracts/src/paymasters/superpaymaster/v3/X402Facilitator.sol:299:13
    │
299 │         if (block.timestamp > validBefore) revert X402AuthExpired();
    │             ━━━━━━━━━━━━━━━━━━━━━━━━━━━━━
    │
    ╰ help: https://book.getfoundry.sh/reference/forge/forge-lint#block-timestamp

warning[erc20-unchecked-transfer]: ERC20 'transfer' and 'transferFrom' calls should check the return value
   ╭▸ contracts/test/v3/xPNTs_AuditH2_TransferFromFirewall.t.sol:43:9
   │
43 │         token.transferFrom(user, facilitator, 100 ether);
   │         ━━━━━━━━━━━━━━━━━━━━━━━━━━━━━━━━━━━━━━━━━━━━━━━━
   │
   ╰ help: https://book.getfoundry.sh/reference/forge/forge-lint#erc20-unchecked-transfer

warning[erc20-unchecked-transfer]: ERC20 'transfer' and 'transferFrom' calls should check the return value
   ╭▸ contracts/test/v3/xPNTs_AuditH2_TransferFromFirewall.t.sol:58:9
   │
58 │         token.transferFrom(user, paymaster, 100 ether);
   │         ━━━━━━━━━━━━━━━━━━━━━━━━━━━━━━━━━━━━━━━━━━━━━━
   │
   ╰ help: https://book.getfoundry.sh/reference/forge/forge-lint#erc20-unchecked-transfer

warning[erc20-unchecked-transfer]: ERC20 'transfer' and 'transferFrom' calls should check the return value
   ╭▸ contracts/test/v3/xPNTs_AuditH2_TransferFromFirewall.t.sol:69:13
   │
69 │             token.transferFrom(user, facilitator, chunk);
   │             ━━━━━━━━━━━━━━━━━━━━━━━━━━━━━━━━━━━━━━━━━━━━
   │
   ╰ help: https://book.getfoundry.sh/reference/forge/forge-lint#erc20-unchecked-transfer

warning[unsafe-typecast]: typecasts that can truncate values should be checked
    ╭▸ contracts/test/v4/PaymasterV4Security.t.sol:151:29
    │
151 │         uint48 validUntil = uint48(validationData >> 160);
    │                             ━━━━━━━━━━━━━━━━━━━━━━━━━━━━━
    │
    ├ note: consider disabling this lint if you're certain the cast is safe
    │       
    │       // casting to 'uint48' is safe because [explain why]
    │       // forge-lint: disable-next-line(unsafe-typecast)
    │       
    │       
    ╰ help: https://book.getfoundry.sh/reference/forge/forge-lint#unsafe-typecast

warning[erc20-unchecked-transfer]: ERC20 'transfer' and 'transferFrom' calls should check the return value
    ╭▸ contracts/test/paymasters/superpaymaster/v3/SuperPaymasterV3.t.sol:487:13
    │
487 │             xtok.transfer(address(0xdead), bal);
    │             ━━━━━━━━━━━━━━━━━━━━━━━━━━━━━━━━━━━
    │
    ╰ help: https://book.getfoundry.sh/reference/forge/forge-lint#erc20-unchecked-transfer

warning[unsafe-typecast]: typecasts that can truncate values should be checked
    ╭▸ contracts/test/paymasters/superpaymaster/v3/SuperPaymasterV3.t.sol:526:18
    │
526 │         assertEq(uint160(validationData), 0, "Validation should pass via Credit");
    │                  ━━━━━━━━━━━━━━━━━━━━━━━
    │
    ├ note: consider disabling this lint if you're certain the cast is safe
    │       
    │       // casting to 'uint160' is safe because [explain why]
    │       // forge-lint: disable-next-line(unsafe-typecast)
    │       
    │       
    ╰ help: https://book.getfoundry.sh/reference/forge/forge-lint#unsafe-typecast

warning[unsafe-typecast]: typecasts that can truncate values should be checked
    ╭▸ contracts/test/paymasters/superpaymaster/v3/SuperPaymasterV3.t.sol:567:18
    │
567 │         assertEq(uint160(vd), 0);
    │                  ━━━━━━━━━━━
    │
    ├ note: consider disabling this lint if you're certain the cast is safe
    │       
    │       // casting to 'uint160' is safe because [explain why]
    │       // forge-lint: disable-next-line(unsafe-typecast)
    │       
    │       
    ╰ help: https://book.getfoundry.sh/reference/forge/forge-lint#unsafe-typecast

warning[unsafe-typecast]: typecasts that can truncate values should be checked
    ╭▸ contracts/test/paymasters/superpaymaster/v3/SuperPaymasterV3.t.sol:592:18
    │
592 │         assertEq(uint160(vd), 0);
    │                  ━━━━━━━━━━━
    │
    ├ note: consider disabling this lint if you're certain the cast is safe
    │       
    │       // casting to 'uint160' is safe because [explain why]
    │       // forge-lint: disable-next-line(unsafe-typecast)
    │       
    │       
    ╰ help: https://book.getfoundry.sh/reference/forge/forge-lint#unsafe-typecast

warning[unsafe-typecast]: typecasts that can truncate values should be checked
    ╭▸ contracts/test/paymasters/superpaymaster/v3/SuperPaymasterV3.t.sol:619:18
    │
619 │         assertEq(uint160(vd), 0, "validation passes");
    │                  ━━━━━━━━━━━
    │
    ├ note: consider disabling this lint if you're certain the cast is safe
    │       
    │       // casting to 'uint160' is safe because [explain why]
    │       // forge-lint: disable-next-line(unsafe-typecast)
    │       
    │       
    ╰ help: https://book.getfoundry.sh/reference/forge/forge-lint#unsafe-typecast

warning[erc20-unchecked-transfer]: ERC20 'transfer' and 'transferFrom' calls should check the return value
    ╭▸ contracts/test/v2/xPNTsTokenV2.t.sol:155:9
    │
155 │         t.transfer(address(1), 6_000 ether); // exactly the free part is fine
    │         ━━━━━━━━━━━━━━━━━━━━━━━━━━━━━━━━━━━
    │
    ╰ help: https://book.getfoundry.sh/reference/forge/forge-lint#erc20-unchecked-transfer

warning[unsafe-typecast]: typecasts that can truncate values should be checked
    ╭▸ contracts/test/v4/PaymasterV4Security.t.sol:152:29
    │
152 │         uint48 validAfter = uint48(validationData >> (160 + 48));
    │                             ━━━━━━━━━━━━━━━━━━━━━━━━━━━━━━━━━━━━
    │
    ├ note: consider disabling this lint if you're certain the cast is safe
    │       
    │       // casting to 'uint48' is safe because [explain why]
    │       // forge-lint: disable-next-line(unsafe-typecast)
    │       
    │       
    ╰ help: https://book.getfoundry.sh/reference/forge/forge-lint#unsafe-typecast

warning[unsafe-typecast]: typecasts that can truncate values should be checked
    ╭▸ contracts/test/v4/PaymasterV4Security.t.sol:153:38
    │
153 │         address authorizer = address(uint160(validationData));
    │                                      ━━━━━━━━━━━━━━━━━━━━━━━
    │
    ├ note: consider disabling this lint if you're certain the cast is safe
    │       
    │       // casting to 'uint160' is safe because [explain why]
    │       // forge-lint: disable-next-line(unsafe-typecast)
    │       
    │       
    ╰ help: https://book.getfoundry.sh/reference/forge/forge-lint#unsafe-typecast

warning[block-timestamp]: usage of `block.timestamp` in a comparison may be manipulated by validators
    ╭▸ contracts/src/paymasters/v4/PaymasterBase.sol:338:13
    │
338 │             cachedPrice.updatedAt > block.timestamp ||
    │             ━━━━━━━━━━━━━━━━━━━━━━━━━━━━━━━━━━━━━━━
    │
    ╰ help: https://book.getfoundry.sh/reference/forge/forge-lint#block-timestamp

warning[erc20-unchecked-transfer]: ERC20 'transfer' and 'transferFrom' calls should check the return value
   ╭▸ contracts/test/v3/xPNTs_AuditH2_TransferFromFirewall.t.sol:74:9
   │
74 │         token.transferFrom(user, facilitator, chunk);
   │         ━━━━━━━━━━━━━━━━━━━━━━━━━━━━━━━━━━━━━━━━━━━━
   │
   ╰ help: https://book.getfoundry.sh/reference/forge/forge-lint#erc20-unchecked-transfer

warning[erc20-unchecked-transfer]: ERC20 'transfer' and 'transferFrom' calls should check the return value
   ╭▸ contracts/test/v3/xPNTs_AuditH2_TransferFromFirewall.t.sol:83:9
   │
83 │         token.transferFrom(user, facilitator, 5_000 ether);
   │         ━━━━━━━━━━━━━━━━━━━━━━━━━━━━━━━━━━━━━━━━━━━━━━━━━━
   │
   ╰ help: https://book.getfoundry.sh/reference/forge/forge-lint#erc20-unchecked-transfer

warning[erc20-unchecked-transfer]: ERC20 'transfer' and 'transferFrom' calls should check the return value
   ╭▸ contracts/test/v3/xPNTs_AuditH2_TransferFromFirewall.t.sol:89:9
   │
89 │         token.transferFrom(user, facilitator, 5_000 ether);
   │         ━━━━━━━━━━━━━━━━━━━━━━━━━━━━━━━━━━━━━━━━━━━━━━━━━━
   │
   ╰ help: https://book.getfoundry.sh/reference/forge/forge-lint#erc20-unchecked-transfer

warning[erc20-unchecked-transfer]: ERC20 'transfer' and 'transferFrom' calls should check the return value
   ╭▸ contracts/test/v3/xPNTs_AuditH2_TransferFromFirewall.t.sol:96:9
   │
96 │         token.transferFrom(user, facilitator, 1_000 ether);
   │         ━━━━━━━━━━━━━━━━━━━━━━━━━━━━━━━━━━━━━━━━━━━━━━━━━━
   │
   ╰ help: https://book.getfoundry.sh/reference/forge/forge-lint#erc20-unchecked-transfer

warning[erc20-unchecked-transfer]: ERC20 'transfer' and 'transferFrom' calls should check the return value
    ╭▸ contracts/test/v3/xPNTs_AuditH2_TransferFromFirewall.t.sol:103:9
    │
103 │         token.transferFrom(user, paymaster, 1_000 ether);
    │         ━━━━━━━━━━━━━━━━━━━━━━━━━━━━━━━━━━━━━━━━━━━━━━━━
    │
    ╰ help: https://book.getfoundry.sh/reference/forge/forge-lint#erc20-unchecked-transfer

warning[erc20-unchecked-transfer]: ERC20 'transfer' and 'transferFrom' calls should check the return value
    ╭▸ contracts/test/v3/xPNTs_AuditH2_TransferFromFirewall.t.sol:112:9
    │
112 │         token.transferFrom(user, paymaster, 5_000 ether);
    │         ━━━━━━━━━━━━━━━━━━━━━━━━━━━━━━━━━━━━━━━━━━━━━━━━
    │
    ╰ help: https://book.getfoundry.sh/reference/forge/forge-lint#erc20-unchecked-transfer

warning[erc20-unchecked-transfer]: ERC20 'transfer' and 'transferFrom' calls should check the return value
    ╭▸ contracts/test/v3/xPNTs_AuditH2_TransferFromFirewall.t.sol:113:9
    │
113 │         token.transferFrom(user, paymaster, 5_000 ether);
    │         ━━━━━━━━━━━━━━━━━━━━━━━━━━━━━━━━━━━━━━━━━━━━━━━━
    │
    ╰ help: https://book.getfoundry.sh/reference/forge/forge-lint#erc20-unchecked-transfer

warning[erc20-unchecked-transfer]: ERC20 'transfer' and 'transferFrom' calls should check the return value
    ╭▸ contracts/test/v3/xPNTs_AuditH2_TransferFromFirewall.t.sol:122:13
    │
122 │             token.transferFrom(user2, facilitator, chunk);
    │             ━━━━━━━━━━━━━━━━━━━━━━━━━━━━━━━━━━━━━━━━━━━━━
    │
    ╰ help: https://book.getfoundry.sh/reference/forge/forge-lint#erc20-unchecked-transfer

warning[erc20-unchecked-transfer]: ERC20 'transfer' and 'transferFrom' calls should check the return value
    ╭▸ contracts/test/paymasters/superpaymaster/v3/SuperPaymasterV3_Security.t.sol:109:9
    │
109 │         token.transfer(operator, 100 ether);
    │         ━━━━━━━━━━━━━━━━━━━━━━━━━━━━━━━━━━━
    │
    ╰ help: https://book.getfoundry.sh/reference/forge/forge-lint#erc20-unchecked-transfer

warning[unsafe-typecast]: typecasts that can truncate values should be checked
    ╭▸ contracts/test/paymasters/superpaymaster/v3/SuperPaymasterV3_Security.t.sol:159:18
    │
159 │         assertEq(uint160(valData), 0, "First tx valid");
    │                  ━━━━━━━━━━━━━━━━
    │
    ├ note: consider disabling this lint if you're certain the cast is safe
    │       
    │       // casting to 'uint160' is safe because [explain why]
    │       // forge-lint: disable-next-line(unsafe-typecast)
    │       
    │       
    ╰ help: https://book.getfoundry.sh/reference/forge/forge-lint#unsafe-typecast

warning[unsafe-typecast]: typecasts that can truncate values should be checked
    ╭▸ contracts/test/paymasters/superpaymaster/v3/SuperPaymasterV3_Security.t.sol:170:29
    │
170 │         uint48 validAfter = uint48(valData >> 208);
    │                             ━━━━━━━━━━━━━━━━━━━━━━
    │
    ├ note: consider disabling this lint if you're certain the cast is safe
    │       
    │       // casting to 'uint48' is safe because [explain why]
    │       // forge-lint: disable-next-line(unsafe-typecast)
    │       
    │       
    ╰ help: https://book.getfoundry.sh/reference/forge/forge-lint#unsafe-typecast

warning[unsafe-typecast]: typecasts that can truncate values should be checked
    ╭▸ contracts/test/paymasters/superpaymaster/v3/SuperPaymasterV3_Security.t.sol:185:18
    │
185 │         assertEq(uint160(vd1), 0, "First tx valid");
    │                  ━━━━━━━━━━━━
    │
    ├ note: consider disabling this lint if you're certain the cast is safe
    │       
    │       // casting to 'uint160' is safe because [explain why]
    │       // forge-lint: disable-next-line(unsafe-typecast)
    │       
    │       
    ╰ help: https://book.getfoundry.sh/reference/forge/forge-lint#unsafe-typecast

warning[unsafe-typecast]: typecasts that can truncate values should be checked
    ╭▸ contracts/test/paymasters/superpaymaster/v3/SuperPaymasterV3_Security.t.sol:196:29
    │
196 │         uint48 validAfter = uint48(valData >> 208);
    │                             ━━━━━━━━━━━━━━━━━━━━━━
    │
    ├ note: consider disabling this lint if you're certain the cast is safe
    │       
    │       // casting to 'uint48' is safe because [explain why]
    │       // forge-lint: disable-next-line(unsafe-typecast)
    │       
    │       
    ╰ help: https://book.getfoundry.sh/reference/forge/forge-lint#unsafe-typecast

warning[unsafe-typecast]: typecasts that can truncate values should be checked
    ╭▸ contracts/test/paymasters/superpaymaster/v3/SuperPaymasterV3_Security.t.sol:210:18
    │
210 │         assertEq(uint160(vd1), 0, "First tx valid");
    │                  ━━━━━━━━━━━━
    │
    ├ note: consider disabling this lint if you're certain the cast is safe
    │       
    │       // casting to 'uint160' is safe because [explain why]
    │       // forge-lint: disable-next-line(unsafe-typecast)
    │       
    │       
    ╰ help: https://book.getfoundry.sh/reference/forge/forge-lint#unsafe-typecast

warning[unsafe-typecast]: typecasts that can truncate values should be checked
    ╭▸ contracts/test/paymasters/superpaymaster/v3/SuperPaymasterV3_Security.t.sol:221:29
    │
221 │         uint48 validAfter = uint48(valData >> 208);
    │                             ━━━━━━━━━━━━━━━━━━━━━━
    │
    ├ note: consider disabling this lint if you're certain the cast is safe
    │       
    │       // casting to 'uint48' is safe because [explain why]
    │       // forge-lint: disable-next-line(unsafe-typecast)
    │       
    │       
    ╰ help: https://book.getfoundry.sh/reference/forge/forge-lint#unsafe-typecast

warning[unsafe-typecast]: typecasts that can truncate values should be checked
    ╭▸ contracts/test/paymasters/superpaymaster/v3/SuperPaymasterV3_Security.t.sol:223:18
    │
223 │         assertEq(uint160(valData), 0, "Tx after interval should have valid sig");
    │                  ━━━━━━━━━━━━━━━━
    │
    ├ note: consider disabling this lint if you're certain the cast is safe
    │       
    │       // casting to 'uint160' is safe because [explain why]
    │       // forge-lint: disable-next-line(unsafe-typecast)
    │       
    │       
    ╰ help: https://book.getfoundry.sh/reference/forge/forge-lint#unsafe-typecast

warning[unsafe-typecast]: typecasts that can truncate values should be checked
    ╭▸ contracts/test/paymasters/superpaymaster/v3/SuperPaymasterV3_Security.t.sol:240:18
    │
240 │         assertEq(uint160(vd1), 0, "First tx valid");
    │                  ━━━━━━━━━━━━
    │
    ├ note: consider disabling this lint if you're certain the cast is safe
    │       
    │       // casting to 'uint160' is safe because [explain why]
    │       // forge-lint: disable-next-line(unsafe-typecast)
    │       
    │       
    ╰ help: https://book.getfoundry.sh/reference/forge/forge-lint#unsafe-typecast

warning[unsafe-typecast]: typecasts that can truncate values should be checked
    ╭▸ contracts/test/paymasters/superpaymaster/v3/SuperPaymasterV3_Security.t.sol:256:29
    │
256 │         uint48 validAfter = uint48(valData >> 208);
    │                             ━━━━━━━━━━━━━━━━━━━━━━
    │
    ├ note: consider disabling this lint if you're certain the cast is safe
    │       
    │       // casting to 'uint48' is safe because [explain why]
    │       // forge-lint: disable-next-line(unsafe-typecast)
    │       
    │       
    ╰ help: https://book.getfoundry.sh/reference/forge/forge-lint#unsafe-typecast

warning[unsafe-typecast]: typecasts that can truncate values should be checked
    ╭▸ contracts/test/paymasters/superpaymaster/v3/SuperPaymasterV3_Security.t.sol:281:18
    │
281 │         assertEq(uint160(okData), 0, "control: unblocked user validates");
    │                  ━━━━━━━━━━━━━━━
    │
    ├ note: consider disabling this lint if you're certain the cast is safe
    │       
    │       // casting to 'uint160' is safe because [explain why]
    │       // forge-lint: disable-next-line(unsafe-typecast)
    │       
    │       
    ╰ help: https://book.getfoundry.sh/reference/forge/forge-lint#unsafe-typecast

warning[unsafe-typecast]: typecasts that can truncate values should be checked
    ╭▸ contracts/test/paymasters/superpaymaster/v3/SuperPaymasterV3_Security.t.sol:294:20
    │
294 │         assertTrue(uint160(valData) != 0, "Blocked user should be rejected");
    │                    ━━━━━━━━━━━━━━━━
    │
    ├ note: consider disabling this lint if you're certain the cast is safe
    │       
    │       // casting to 'uint160' is safe because [explain why]
    │       // forge-lint: disable-next-line(unsafe-typecast)
    │       
    │       
    ╰ help: https://book.getfoundry.sh/reference/forge/forge-lint#unsafe-typecast

warning[unsafe-typecast]: typecasts that can truncate values should be checked
    ╭▸ contracts/test/paymasters/superpaymaster/v3/SuperPaymasterV3.t.sol:646:18
    │
646 │         assertEq(uint160(validationData), 1, "C-01a: zero-credit user must fail validation (policy OFF)");
    │                  ━━━━━━━━━━━━━━━━━━━━━━━
    │
    ├ note: consider disabling this lint if you're certain the cast is safe
    │       
    │       // casting to 'uint160' is safe because [explain why]
    │       // forge-lint: disable-next-line(unsafe-typecast)
    │       
    │       
    ╰ help: https://book.getfoundry.sh/reference/forge/forge-lint#unsafe-typecast

warning[unsafe-typecast]: typecasts that can truncate values should be checked
    ╭▸ contracts/test/paymasters/superpaymaster/v3/SuperPaymasterV3.t.sol:653:18
    │
653 │         assertEq(uint160(validationData), 1, "C-01a: zero-tier user must fail validation (policy AUTO)");
    │                  ━━━━━━━━━━━━━━━━━━━━━━━
    │
    ├ note: consider disabling this lint if you're certain the cast is safe
    │       
    │       // casting to 'uint160' is safe because [explain why]
    │       // forge-lint: disable-next-line(unsafe-typecast)
    │       
    │       
    ╰ help: https://book.getfoundry.sh/reference/forge/forge-lint#unsafe-typecast

warning[unsafe-typecast]: typecasts that can truncate values should be checked
    ╭▸ contracts/test/paymasters/superpaymaster/v3/SuperPaymasterV3.t.sol:682:18
    │
682 │         assertEq(uint160(vd1), 0, "positive control: first op fits the ceiling exactly");
    │                  ━━━━━━━━━━━━
    │
    ├ note: consider disabling this lint if you're certain the cast is safe
    │       
    │       // casting to 'uint160' is safe because [explain why]
    │       // forge-lint: disable-next-line(unsafe-typecast)
    │       
    │       
    ╰ help: https://book.getfoundry.sh/reference/forge/forge-lint#unsafe-typecast

warning[unsafe-typecast]: typecasts that can truncate values should be checked
    ╭▸ contracts/test/paymasters/superpaymaster/v3/SuperPaymasterV3.t.sol:687:18
    │
687 │         assertEq(uint160(vd2), 1, "C-01b: same-bundle second reservation exceeds the ceiling");
    │                  ━━━━━━━━━━━━
    │
    ├ note: consider disabling this lint if you're certain the cast is safe
    │       
    │       // casting to 'uint160' is safe because [explain why]
    │       // forge-lint: disable-next-line(unsafe-typecast)
    │       
    │       
    ╰ help: https://book.getfoundry.sh/reference/forge/forge-lint#unsafe-typecast

warning[block-timestamp]: usage of `block.timestamp` in a comparison may be manipulated by validators
    ╭▸ contracts/src/paymasters/v4/PaymasterBase.sol:339:13
    │
339 │             block.timestamp - cachedPrice.updatedAt > priceStalenessThreshold
    │             ━━━━━━━━━━━━━━━━━━━━━━━━━━━━━━━━━━━━━━━━━━━━━━━━━━━━━━━━━━━━━━━━━
    │
    ╰ help: https://book.getfoundry.sh/reference/forge/forge-lint#block-timestamp

warning[block-timestamp]: usage of `block.timestamp` in a comparison may be manipulated by validators
    ╭▸ contracts/src/paymasters/v4/PaymasterBase.sol:398:35
    │
398 │             if (updatedAt == 0 || updatedAt > block.timestamp ||
    │                                   ━━━━━━━━━━━━━━━━━━━━━━━━━━━
    │
    ╰ help: https://book.getfoundry.sh/reference/forge/forge-lint#block-timestamp

warning[block-timestamp]: usage of `block.timestamp` in a comparison may be manipulated by validators
    ╭▸ contracts/src/paymasters/v4/PaymasterBase.sol:399:17
    │
399 │                 block.timestamp - updatedAt > priceStalenessThreshold) revert Paymaster__InvalidOraclePrice();
    │                 ━━━━━━━━━━━━━━━━━━━━━━━━━━━━━━━━━━━━━━━━━━━━━━━━━━━━━
    │
    ╰ help: https://book.getfoundry.sh/reference/forge/forge-lint#block-timestamp

warning[block-timestamp]: usage of `block.timestamp` in a comparison may be manipulated by validators
    ╭▸ contracts/src/paymasters/v4/PaymasterBase.sol:506:31
    │
506 │         if (updatedAt == 0 || updatedAt > block.timestamp) revert Paymaster__InvalidOraclePrice();
    │                               ━━━━━━━━━━━━━━━━━━━━━━━━━━━
    │
    ╰ help: https://book.getfoundry.sh/reference/forge/forge-lint#block-timestamp

warning[block-timestamp]: usage of `block.timestamp` in a comparison may be manipulated by validators
    ╭▸ contracts/src/paymasters/v4/PaymasterBase.sol:508:13
    │
508 │         if (block.timestamp - updatedAt > priceStalenessThreshold) revert Paymaster__InvalidOraclePrice();
    │             ━━━━━━━━━━━━━━━━━━━━━━━━━━━━━━━━━━━━━━━━━━━━━━━━━━━━━
    │
    ╰ help: https://book.getfoundry.sh/reference/forge/forge-lint#block-timestamp

warning[block-timestamp]: usage of `block.timestamp` in a comparison may be manipulated by validators
    ╭▸ contracts/src/paymasters/v4/PaymasterBase.sol:531:13
    │
531 │         if (timestamp > block.timestamp) revert Paymaster__InvalidOraclePrice(); // admin: no grace period
    │             ━━━━━━━━━━━━━━━━━━━━━━━━━━━
    │
    ╰ help: https://book.getfoundry.sh/reference/forge/forge-lint#block-timestamp

warning[unsafe-typecast]: typecasts that can truncate values should be checked
    ╭▸ contracts/test/paymasters/superpaymaster/v3/SuperPaymasterV3.t.sol:697:18
    │
697 │         assertEq(uint160(vd3), 1, "C-01b: over-ceiling charge must fail validation");
    │                  ━━━━━━━━━━━━
    │
    ├ note: consider disabling this lint if you're certain the cast is safe
    │       
    │       // casting to 'uint160' is safe because [explain why]
    │       // forge-lint: disable-next-line(unsafe-typecast)
    │       
    │       
    ╰ help: https://book.getfoundry.sh/reference/forge/forge-lint#unsafe-typecast

warning[unsafe-typecast]: typecasts that can truncate values should be checked
    ╭▸ contracts/test/paymasters/superpaymaster/v3/SuperPaymasterV3.t.sol:725:18
    │
725 │         assertEq(uint160(validationData), 0, "C-01c: in-credit user must pass validation");
    │                  ━━━━━━━━━━━━━━━━━━━━━━━
    │
    ├ note: consider disabling this lint if you're certain the cast is safe
    │       
    │       // casting to 'uint160' is safe because [explain why]
    │       // forge-lint: disable-next-line(unsafe-typecast)
    │       
    │       
    ╰ help: https://book.getfoundry.sh/reference/forge/forge-lint#unsafe-typecast

warning[unsafe-typecast]: typecasts that can truncate values should be checked
    ╭▸ contracts/test/paymasters/superpaymaster/v3/SuperPaymasterV3.t.sol:743:18
    │
743 │         assertEq(uint160(validationData), 0, "C-01d: balance-backed op is sponsored");
    │                  ━━━━━━━━━━━━━━━━━━━━━━━
    │
    ├ note: consider disabling this lint if you're certain the cast is safe
    │       
    │       // casting to 'uint160' is safe because [explain why]
    │       // forge-lint: disable-next-line(unsafe-typecast)
    │       
    │       
    ╰ help: https://book.getfoundry.sh/reference/forge/forge-lint#unsafe-typecast

warning[erc20-unchecked-transfer]: ERC20 'transfer' and 'transferFrom' calls should check the return value
    ╭▸ contracts/test/paymasters/superpaymaster/v3/SuperPaymasterV3.t.sol:752:9
    │
752 │         xtok.transfer(address(0xdead), balBefore);
    │         ━━━━━━━━━━━━━━━━━━━━━━━━━━━━━━━━━━━━━━━━━
    │
    ╰ help: https://book.getfoundry.sh/reference/forge/forge-lint#erc20-unchecked-transfer

warning[erc20-unchecked-transfer]: ERC20 'transfer' and 'transferFrom' calls should check the return value
    ╭▸ contracts/test/paymasters/superpaymaster/v3/SuperPaymasterV3.t.sol:755:9
    │
755 │         xtok.transfer(address(0xdead), balBefore - locked);
    │         ━━━━━━━━━━━━━━━━━━━━━━━━━━━━━━━━━━━━━━━━━━━━━━━━━━
    │
    ╰ help: https://book.getfoundry.sh/reference/forge/forge-lint#erc20-unchecked-transfer

warning[unsafe-typecast]: typecasts that can truncate values should be checked
    ╭▸ contracts/src/paymasters/v4/PaymasterBase.sol:300:29
    │
300 │         uint48 validUntil = uint48(cachedPrice.updatedAt + priceStalenessThreshold);
    │                             ━━━━━━━━━━━━━━━━━━━━━━━━━━━━━━━━━━━━━━━━━━━━━━━━━━━━━━━
    │
    ├ note: consider disabling this lint if you're certain the cast is safe
    │       
    │       // casting to 'uint48' is safe because [explain why]
    │       // forge-lint: disable-next-line(unsafe-typecast)
    │       
    │       
    ╰ help: https://book.getfoundry.sh/reference/forge/forge-lint#unsafe-typecast

warning[unsafe-typecast]: typecasts that can truncate values should be checked
    ╭▸ contracts/src/paymasters/v4/PaymasterBase.sol:485:38
    │
485 │         uint256 partA = gasCostWei * uint256(ethUsdPrice) * totalRate;
    │                                      ━━━━━━━━━━━━━━━━━━━━
    │
    ├ note: consider disabling this lint if you're certain the cast is safe
    │       
    │       // casting to 'uint256' is safe because [explain why]
    │       // forge-lint: disable-next-line(unsafe-typecast)
    │       
    │       
    ╰ help: https://book.getfoundry.sh/reference/forge/forge-lint#unsafe-typecast

warning[unsafe-typecast]: typecasts that can truncate values should be checked
    ╭▸ contracts/src/paymasters/v4/PaymasterBase.sol:509:43
    │
509 │         cachedPrice = PriceCache({ price: uint208(uint256(price)), updatedAt: uint48(updatedAt) });
    │                                           ━━━━━━━━━━━━━━━━━━━━━━━
    │
    ├ note: consider disabling this lint if you're certain the cast is safe
    │       
    │       // casting to 'uint208' is safe because [explain why]
    │       // forge-lint: disable-next-line(unsafe-typecast)
    │       
    │       
    ╰ help: https://book.getfoundry.sh/reference/forge/forge-lint#unsafe-typecast

warning[unsafe-typecast]: typecasts that can truncate values should be checked
    ╭▸ contracts/src/paymasters/v4/PaymasterBase.sol:509:51
    │
509 │         cachedPrice = PriceCache({ price: uint208(uint256(price)), updatedAt: uint48(updatedAt) });
    │                                                   ━━━━━━━━━━━━━━
    │
    ├ note: consider disabling this lint if you're certain the cast is safe
    │       
    │       // casting to 'uint256' is safe because [explain why]
    │       // forge-lint: disable-next-line(unsafe-typecast)
    │       
    │       
    ╰ help: https://book.getfoundry.sh/reference/forge/forge-lint#unsafe-typecast

warning[unsafe-typecast]: typecasts that can truncate values should be checked
    ╭▸ contracts/src/paymasters/v4/PaymasterBase.sol:509:79
    │
509 │         cachedPrice = PriceCache({ price: uint208(uint256(price)), updatedAt: uint48(updatedAt) });
    │                                                                               ━━━━━━━━━━━━━━━━━
    │
    ├ note: consider disabling this lint if you're certain the cast is safe
    │       
    │       // casting to 'uint48' is safe because [explain why]
    │       // forge-lint: disable-next-line(unsafe-typecast)
    │       
    │       
    ╰ help: https://book.getfoundry.sh/reference/forge/forge-lint#unsafe-typecast

warning[unsafe-typecast]: typecasts that can truncate values should be checked
    ╭▸ contracts/src/paymasters/v4/PaymasterBase.sol:510:27
    │
510 │         emit PriceUpdated(uint256(price), updatedAt);
    │                           ━━━━━━━━━━━━━━
    │
    ├ note: consider disabling this lint if you're certain the cast is safe
    │       
    │       // casting to 'uint256' is safe because [explain why]
    │       // forge-lint: disable-next-line(unsafe-typecast)
    │       
    │       
    ╰ help: https://book.getfoundry.sh/reference/forge/forge-lint#unsafe-typecast

warning[unsafe-typecast]: typecasts that can truncate values should be checked
    ╭▸ contracts/src/paymasters/v4/PaymasterBase.sol:538:43
    │
538 │         cachedPrice = PriceCache({ price: uint208(price), updatedAt: timestamp });
    │                                           ━━━━━━━━━━━━━━
    │
    ├ note: consider disabling this lint if you're certain the cast is safe
    │       
    │       // casting to 'uint208' is safe because [explain why]
    │       // forge-lint: disable-next-line(unsafe-typecast)
    │       
    │       
    ╰ help: https://book.getfoundry.sh/reference/forge/forge-lint#unsafe-typecast

warning[block-timestamp]: usage of `block.timestamp` in a comparison may be manipulated by validators
    ╭▸ contracts/src/modules/reputation/ReputationSystem.sol:163:34
    │
163 │             if (holdStart > 0 && block.timestamp >= holdStart + 7 days) {
    │                                  ━━━━━━━━━━━━━━━━━━━━━━━━━━━━━━━━━━━━━
    │
    ╰ help: https://book.getfoundry.sh/reference/forge/forge-lint#block-timestamp

warning[block-timestamp]: usage of `block.timestamp` in a comparison may be manipulated by validators
     ╭▸ contracts/src/modules/monitoring/BLSAggregator.sol:1292:37
     │
1292 │             if (exitReadyAt != 0 && block.timestamp >= uint256(exitReadyAt)) {
     │                                     ━━━━━━━━━━━━━━━━━━━━━━━━━━━━━━━━━━━━━━━
     │
     ╰ help: https://book.getfoundry.sh/reference/forge/forge-lint#block-timestamp

warning[block-timestamp]: usage of `block.timestamp` in a comparison may be manipulated by validators
     ╭▸ contracts/src/modules/monitoring/BLSAggregator.sol:1628:13
     │
1628 │         if (block.timestamp < uint256(readyAt)) revert VerifierRotationNotReady(uint256(readyAt));
     │             ━━━━━━━━━━━━━━━━━━━━━━━━━━━━━━━━━━
     │
     ╰ help: https://book.getfoundry.sh/reference/forge/forge-lint#block-timestamp

warning[block-timestamp]: usage of `block.timestamp` in a comparison may be manipulated by validators
     ╭▸ contracts/src/modules/monitoring/BLSAggregator.sol:1732:13
     │
1732 │         if (block.timestamp < uint256(cooldownUntil)) {
     │             ━━━━━━━━━━━━━━━━━━━━━━━━━━━━━━━━━━━━━━━━
     │
     ╰ help: https://book.getfoundry.sh/reference/forge/forge-lint#block-timestamp

warning[block-timestamp]: usage of `block.timestamp` in a comparison may be manipulated by validators
     ╭▸ contracts/src/modules/monitoring/BLSAggregator.sol:1869:13
     │
1869 │         if (block.timestamp < request.readyAt) revert GuardianExitNotReady(guardian, request.readyAt);
     │             ━━━━━━━━━━━━━━━━━━━━━━━━━━━━━━━━━
     │
     ╰ help: https://book.getfoundry.sh/reference/forge/forge-lint#block-timestamp

warning[block-timestamp]: usage of `block.timestamp` in a comparison may be manipulated by validators
     ╭▸ contracts/src/modules/monitoring/BLSAggregator.sol:1870:13
     │
1870 │         if (block.timestamp > request.expiresAt) revert GuardianExitRequestExpired(guardian, request.expiresAt);
     │             ━━━━━━━━━━━━━━━━━━━━━━━━━━━━━━━━━━━
     │
     ╰ help: https://book.getfoundry.sh/reference/forge/forge-lint#block-timestamp

warning[block-timestamp]: usage of `block.timestamp` in a comparison may be manipulated by validators
     ╭▸ contracts/src/modules/monitoring/BLSAggregator.sol:1938:13
     │
1938 │         if (block.timestamp <= slashCase.deadline) {
     │             ━━━━━━━━━━━━━━━━━━━━━━━━━━━━━━━━━━━━━
     │
     ╰ help: https://book.getfoundry.sh/reference/forge/forge-lint#block-timestamp

warning[block-timestamp]: usage of `block.timestamp` in a comparison may be manipulated by validators
     ╭▸ contracts/src/modules/monitoring/BLSAggregator.sol:2022:13
     │
2022 │         if (block.timestamp > slashCase.deadline) {
     │             ━━━━━━━━━━━━━━━━━━━━━━━━━━━━━━━━━━━━
     │
     ╰ help: https://book.getfoundry.sh/reference/forge/forge-lint#block-timestamp

warning[unsafe-typecast]: typecasts that can truncate values should be checked
    ╭▸ contracts/src/modules/monitoring/BLSAggregator.sol:876:38
    │
876 │         for (uint8 slot = 1; slot <= uint8(MAX_VALIDATORS);) {
    │                                      ━━━━━━━━━━━━━━━━━━━━━
    │
    ├ note: consider disabling this lint if you're certain the cast is safe
    │       
    │       // casting to 'uint8' is safe because [explain why]
    │       // forge-lint: disable-next-line(unsafe-typecast)
    │       
    │       
    ╰ help: https://book.getfoundry.sh/reference/forge/forge-lint#unsafe-typecast

warning[unsafe-typecast]: typecasts that can truncate values should be checked
     ╭▸ contracts/src/modules/monitoring/BLSAggregator.sol:1251:35
     │
1251 │             revert SlotOutOfRange(uint8(MAX_VALIDATORS + 1));
     │                                   ━━━━━━━━━━━━━━━━━━━━━━━━━
     │
     ├ note: consider disabling this lint if you're certain the cast is safe
     │       
     │       // casting to 'uint8' is safe because [explain why]
     │       // forge-lint: disable-next-line(unsafe-typecast)
     │       
     │       
     ╰ help: https://book.getfoundry.sh/reference/forge/forge-lint#unsafe-typecast

warning[unsafe-typecast]: typecasts that can truncate values should be checked
     ╭▸ contracts/src/modules/monitoring/BLSAggregator.sol:1462:31
     │
1462 │         revert SlotOutOfRange(uint8(MAX_VALIDATORS + 1));
     │                               ━━━━━━━━━━━━━━━━━━━━━━━━━
     │
     ├ note: consider disabling this lint if you're certain the cast is safe
     │       
     │       // casting to 'uint8' is safe because [explain why]
     │       // forge-lint: disable-next-line(unsafe-typecast)
     │       
     │       
     ╰ help: https://book.getfoundry.sh/reference/forge/forge-lint#unsafe-typecast

warning[unsafe-typecast]: typecasts that can truncate values should be checked
     ╭▸ contracts/src/modules/monitoring/BLSAggregator.sol:1607:26
     │
1607 │         uint64 readyAt = uint64(block.timestamp + VERIFIER_ROTATION_DELAY);
     │                          ━━━━━━━━━━━━━━━━━━━━━━━━━━━━━━━━━━━━━━━━━━━━━━━━━
     │
     ├ note: consider disabling this lint if you're certain the cast is safe
     │       
     │       // casting to 'uint64' is safe because [explain why]
     │       // forge-lint: disable-next-line(unsafe-typecast)
     │       
     │       
     ╰ help: https://book.getfoundry.sh/reference/forge/forge-lint#unsafe-typecast

warning[unsafe-typecast]: typecasts that can truncate values should be checked
     ╭▸ contracts/src/modules/monitoring/BLSAggregator.sol:1736:26
     │
1736 │         uint64 readyAt = uint64(block.timestamp + GUARDIAN_EXIT_DELAY);
     │                          ━━━━━━━━━━━━━━━━━━━━━━━━━━━━━━━━━━━━━━━━━━━━━
     │
     ├ note: consider disabling this lint if you're certain the cast is safe
     │       
     │       // casting to 'uint64' is safe because [explain why]
     │       // forge-lint: disable-next-line(unsafe-typecast)
     │       
     │       
     ╰ help: https://book.getfoundry.sh/reference/forge/forge-lint#unsafe-typecast

warning[unsafe-typecast]: typecasts that can truncate values should be checked
     ╭▸ contracts/src/modules/monitoring/BLSAggregator.sol:1737:28
     │
1737 │         uint64 expiresAt = uint64(uint256(readyAt) + GUARDIAN_EXIT_WINDOW);
     │                            ━━━━━━━━━━━━━━━━━━━━━━━━━━━━━━━━━━━━━━━━━━━━━━━
     │
     ├ note: consider disabling this lint if you're certain the cast is safe
     │       
     │       // casting to 'uint64' is safe because [explain why]
     │       // forge-lint: disable-next-line(unsafe-typecast)
     │       
     │       
     ╰ help: https://book.getfoundry.sh/reference/forge/forge-lint#unsafe-typecast

warning[unsafe-typecast]: typecasts that can truncate values should be checked
     ╭▸ contracts/src/modules/monitoring/BLSAggregator.sol:1754:32
     │
1754 │         uint64 cooldownUntil = uint64(block.timestamp + GUARDIAN_EXIT_COOLDOWN);
     │                                ━━━━━━━━━━━━━━━━━━━━━━━━━━━━━━━━━━━━━━━━━━━━━━━━
     │
     ├ note: consider disabling this lint if you're certain the cast is safe
     │       
     │       // casting to 'uint64' is safe because [explain why]
     │       // forge-lint: disable-next-line(unsafe-typecast)
     │       
     │       
     ╰ help: https://book.getfoundry.sh/reference/forge/forge-lint#unsafe-typecast

warning[unsafe-typecast]: typecasts that can truncate values should be checked
     ╭▸ contracts/src/modules/monitoring/BLSAggregator.sol:1910:27
     │
1910 │         uint64 deadline = uint64(block.timestamp + GUARDIAN_SLASH_CASE_WINDOW);
     │                           ━━━━━━━━━━━━━━━━━━━━━━━━━━━━━━━━━━━━━━━━━━━━━━━━━━━━
     │
     ├ note: consider disabling this lint if you're certain the cast is safe
     │       
     │       // casting to 'uint64' is safe because [explain why]
     │       // forge-lint: disable-next-line(unsafe-typecast)
     │       
     │       
     ╰ help: https://book.getfoundry.sh/reference/forge/forge-lint#unsafe-typecast

warning[unsafe-typecast]: typecasts that can truncate values should be checked
     ╭▸ contracts/src/modules/monitoring/BLSAggregator.sol:2115:57
     │
2115 │             uint16 resolved = slashCase.resolvedCount + uint16(released);
     │                                                         ━━━━━━━━━━━━━━━━
     │
     ├ note: consider disabling this lint if you're certain the cast is safe
     │       
     │       // casting to 'uint16' is safe because [explain why]
     │       // forge-lint: disable-next-line(unsafe-typecast)
     │       
     │       
     ╰ help: https://book.getfoundry.sh/reference/forge/forge-lint#unsafe-typecast

warning[block-timestamp]: usage of `block.timestamp` in a comparison may be manipulated by validators
    ╭▸ contracts/src/tokens/MySBT.sol:506:26
    │
506 │         if (last != 0 && block.timestamp < last + MIN_INT) revert ActivityTooSoon();
    │                          ━━━━━━━━━━━━━━━━━━━━━━━━━━━━━━━━
    │
    ╰ help: https://book.getfoundry.sh/reference/forge/forge-lint#block-timestamp

warning[block-timestamp]: usage of `block.timestamp` in a comparison may be manipulated by validators
    ╭▸ contracts/src/tokens/GTokenAuthorization.sol:246:13
    │
246 │         if (block.timestamp <= validAfter)                  revert AuthorizationNotYetValid();
    │             ━━━━━━━━━━━━━━━━━━━━━━━━━━━━━
    │
    ╰ help: https://book.getfoundry.sh/reference/forge/forge-lint#block-timestamp

warning[block-timestamp]: usage of `block.timestamp` in a comparison may be manipulated by validators
    ╭▸ contracts/src/tokens/GTokenAuthorization.sol:247:13
    │
247 │         if (block.timestamp >= validBefore)                 revert AuthorizationExpired();
    │             ━━━━━━━━━━━━━━━━━━━━━━━━━━━━━━
    │
    ╰ help: https://book.getfoundry.sh/reference/forge/forge-lint#block-timestamp

