Compiling 218 files with Solc 0.8.33
Compiling 250 files with Solc 0.8.33
Solc 0.8.33 finished in 164.33s
Solc 0.8.33 finished in 232.51s
Compiler run successful with warnings:
Warning (2519): This declaration shadows an existing declaration.
  --> contracts/test/modules/GuardianSlashIntegration.t.sol:52:5:
   |
52 |     bytes32 constant ROLE_DVT = keccak256("DVT");
   |     ^^^^^^^^^^^^^^^^^^^^^^^^^^^^^^^^^^^^^^^^^^^^
Note: The shadowed declaration is here:
  --> contracts/src/interfaces/v3/IRegistry.sol:11:1:
   |
11 | bytes32 constant ROLE_DVT             = keccak256("DVT");
   | ^^^^^^^^^^^^^^^^^^^^^^^^^^^^^^^^^^^^^^^^^^^^^^^^^^^^^^^^

Warning (2519): This declaration shadows an existing declaration.
  --> contracts/test/tokens/XPNTsOverIssue.t.sol:20:5:
   |
20 |     bytes32 constant ROLE_COMMUNITY = keccak256("COMMUNITY");
   |     ^^^^^^^^^^^^^^^^^^^^^^^^^^^^^^^^^^^^^^^^^^^^^^^^^^^^^^^^
Note: The shadowed declaration is here:
 --> contracts/src/interfaces/v3/IRegistry.sol:7:1:
  |
7 | bytes32 constant ROLE_COMMUNITY       = keccak256("COMMUNITY");
  | ^^^^^^^^^^^^^^^^^^^^^^^^^^^^^^^^^^^^^^^^^^^^^^^^^^^^^^^^^^^^^^

Warning (2519): This declaration shadows an existing declaration.
  --> contracts/test/tokens/xPNTsFactory.t.sol:26:5:
   |
26 |     bytes32 constant ROLE_COMMUNITY = keccak256("COMMUNITY");
   |     ^^^^^^^^^^^^^^^^^^^^^^^^^^^^^^^^^^^^^^^^^^^^^^^^^^^^^^^^
Note: The shadowed declaration is here:
 --> contracts/src/interfaces/v3/IRegistry.sol:7:1:
  |
7 | bytes32 constant ROLE_COMMUNITY       = keccak256("COMMUNITY");
  | ^^^^^^^^^^^^^^^^^^^^^^^^^^^^^^^^^^^^^^^^^^^^^^^^^^^^^^^^^^^^^^

Warning (2519): This declaration shadows an existing declaration.
  --> contracts/test/v3/GTokenStaking.t.sol:51:5:
   |
51 |     bytes32 internal constant ROLE_PAYMASTER_SUPER = keccak256("PAYMASTER_SUPER");
   |     ^^^^^^^^^^^^^^^^^^^^^^^^^^^^^^^^^^^^^^^^^^^^^^^^^^^^^^^^^^^^^^^^^^^^^^^^^^^^^
Note: The shadowed declaration is here:
  --> contracts/src/interfaces/v3/IRegistry.sol:10:1:
   |
10 | bytes32 constant ROLE_PAYMASTER_SUPER = keccak256("PAYMASTER_SUPER");
   | ^^^^^^^^^^^^^^^^^^^^^^^^^^^^^^^^^^^^^^^^^^^^^^^^^^^^^^^^^^^^^^^^^^^^

Warning (2519): This declaration shadows an existing declaration.
  --> contracts/test/v3/MySBT_Complete.t.sol:58:5:
   |
58 |     bytes32 public constant ROLE_ENDUSER = keccak256("ENDUSER");
   |     ^^^^^^^^^^^^^^^^^^^^^^^^^^^^^^^^^^^^^^^^^^^^^^^^^^^^^^^^^^^
Note: The shadowed declaration is here:
 --> contracts/src/interfaces/v3/IRegistry.sol:8:1:
  |
8 | bytes32 constant ROLE_ENDUSER         = keccak256("ENDUSER");
  | ^^^^^^^^^^^^^^^^^^^^^^^^^^^^^^^^^^^^^^^^^^^^^^^^^^^^^^^^^^^^

Warning (2519): This declaration shadows an existing declaration.
  --> contracts/test/v3/MySBT_Complete.t.sol:59:5:
   |
59 |     bytes32 public constant ROLE_COMMUNITY = keccak256("COMMUNITY");
   |     ^^^^^^^^^^^^^^^^^^^^^^^^^^^^^^^^^^^^^^^^^^^^^^^^^^^^^^^^^^^^^^^
Note: The shadowed declaration is here:
 --> contracts/src/interfaces/v3/IRegistry.sol:7:1:
  |
7 | bytes32 constant ROLE_COMMUNITY       = keccak256("COMMUNITY");
  | ^^^^^^^^^^^^^^^^^^^^^^^^^^^^^^^^^^^^^^^^^^^^^^^^^^^^^^^^^^^^^^

Warning (2519): This declaration shadows an existing declaration.
   --> contracts/test/v3/X402Facilitator.t.sol:290:5:
    |
290 |     bytes32 public constant ROLE_PAYMASTER_SUPER = keccak256("PAYMASTER_SUPER");
    |     ^^^^^^^^^^^^^^^^^^^^^^^^^^^^^^^^^^^^^^^^^^^^^^^^^^^^^^^^^^^^^^^^^^^^^^^^^^^
Note: The shadowed declaration is here:
  --> contracts/src/interfaces/v3/IRegistry.sol:10:1:
   |
10 | bytes32 constant ROLE_PAYMASTER_SUPER = keccak256("PAYMASTER_SUPER");
   | ^^^^^^^^^^^^^^^^^^^^^^^^^^^^^^^^^^^^^^^^^^^^^^^^^^^^^^^^^^^^^^^^^^^^

Warning (2519): This declaration shadows an existing declaration.
  --> contracts/test/v3/xPNTs_EmergencyDisabled.t.sol:16:5:
   |
16 |     bytes32 public constant ROLE_COMMUNITY = keccak256("COMMUNITY");
   |     ^^^^^^^^^^^^^^^^^^^^^^^^^^^^^^^^^^^^^^^^^^^^^^^^^^^^^^^^^^^^^^^
Note: The shadowed declaration is here:
 --> contracts/src/interfaces/v3/IRegistry.sol:7:1:
  |
7 | bytes32 constant ROLE_COMMUNITY       = keccak256("COMMUNITY");
  | ^^^^^^^^^^^^^^^^^^^^^^^^^^^^^^^^^^^^^^^^^^^^^^^^^^^^^^^^^^^^^^

Warning (2519): This declaration shadows an existing declaration.
  --> contracts/test/v4/PaymasterFactory_Coverage.t.sol:47:5:
   |
47 |     bytes32 public constant ROLE_PAYMASTER_AOA = keccak256("PAYMASTER_AOA");
   |     ^^^^^^^^^^^^^^^^^^^^^^^^^^^^^^^^^^^^^^^^^^^^^^^^^^^^^^^^^^^^^^^^^^^^^^^
Note: The shadowed declaration is here:
 --> contracts/src/interfaces/v3/IRegistry.sol:9:1:
  |
9 | bytes32 constant ROLE_PAYMASTER_AOA   = keccak256("PAYMASTER_AOA");
  | ^^^^^^^^^^^^^^^^^^^^^^^^^^^^^^^^^^^^^^^^^^^^^^^^^^^^^^^^^^^^^^^^^^

Warning (2519): This declaration shadows an existing declaration.
  --> contracts/test/v4/PaymasterV4_RegistryV3.t.sol:48:5:
   |
48 |     bytes32 public constant ROLE_PAYMASTER_AOA = keccak256("PAYMASTER_AOA");
   |     ^^^^^^^^^^^^^^^^^^^^^^^^^^^^^^^^^^^^^^^^^^^^^^^^^^^^^^^^^^^^^^^^^^^^^^^
Note: The shadowed declaration is here:
 --> contracts/src/interfaces/v3/IRegistry.sol:9:1:
  |
9 | bytes32 constant ROLE_PAYMASTER_AOA   = keccak256("PAYMASTER_AOA");
  | ^^^^^^^^^^^^^^^^^^^^^^^^^^^^^^^^^^^^^^^^^^^^^^^^^^^^^^^^^^^^^^^^^^

Warning (4591): There are more than 256 warnings. Ignoring the rest.
Warning (2519): This declaration shadows an existing declaration.
   --> contracts/test/core/RegistryV3_Changes.t.sol:181:9:
    |
181 |         bytes32 ROLE_KMS = keccak256("KMS");
    |         ^^^^^^^^^^^^^^^^
Note: The shadowed declaration is here:
  --> contracts/src/interfaces/v3/IRegistry.sol:13:1:
   |
13 | bytes32 constant ROLE_KMS             = keccak256("KMS");
   | ^^^^^^^^^^^^^^^^^^^^^^^^^^^^^^^^^^^^^^^^^^^^^^^^^^^^^^^^

Warning (2519): This declaration shadows an existing declaration.
  --> contracts/test/core/RegistryV3_Changes.t.sol:54:5:
   |
54 |     bytes32 constant ROLE_COMMUNITY = keccak256("COMMUNITY");
   |     ^^^^^^^^^^^^^^^^^^^^^^^^^^^^^^^^^^^^^^^^^^^^^^^^^^^^^^^^
Note: The shadowed declaration is here:
 --> contracts/src/interfaces/v3/IRegistry.sol:7:1:
  |
7 | bytes32 constant ROLE_COMMUNITY       = keccak256("COMMUNITY");
  | ^^^^^^^^^^^^^^^^^^^^^^^^^^^^^^^^^^^^^^^^^^^^^^^^^^^^^^^^^^^^^^

Warning (2519): This declaration shadows an existing declaration.
   --> contracts/test/invariant/SuperPaymasterFundConservation.invariant.t.sol:109:5:
    |
109 |     bytes32 constant ROLE_PAYMASTER_SUPER = keccak256("PAYMASTER_SUPER");
    |     ^^^^^^^^^^^^^^^^^^^^^^^^^^^^^^^^^^^^^^^^^^^^^^^^^^^^^^^^^^^^^^^^^^^^
Note: The shadowed declaration is here:
  --> contracts/src/interfaces/v3/IRegistry.sol:10:1:
   |
10 | bytes32 constant ROLE_PAYMASTER_SUPER = keccak256("PAYMASTER_SUPER");
   | ^^^^^^^^^^^^^^^^^^^^^^^^^^^^^^^^^^^^^^^^^^^^^^^^^^^^^^^^^^^^^^^^^^^^

Warning (2519): This declaration shadows an existing declaration.
   --> contracts/test/invariant/SuperPaymasterFundConservation.invariant.t.sol:110:5:
    |
110 |     bytes32 constant ROLE_COMMUNITY = keccak256("COMMUNITY");
    |     ^^^^^^^^^^^^^^^^^^^^^^^^^^^^^^^^^^^^^^^^^^^^^^^^^^^^^^^^
Note: The shadowed declaration is here:
 --> contracts/src/interfaces/v3/IRegistry.sol:7:1:
  |
7 | bytes32 constant ROLE_COMMUNITY       = keccak256("COMMUNITY");
  | ^^^^^^^^^^^^^^^^^^^^^^^^^^^^^^^^^^^^^^^^^^^^^^^^^^^^^^^^^^^^^^

Warning (2519): This declaration shadows an existing declaration.
  --> contracts/test/v3/Coverage_Supplement.t.sol:99:5:
   |
99 |     bytes32 constant ROLE_COMMUNITY = keccak256("COMMUNITY");
   |     ^^^^^^^^^^^^^^^^^^^^^^^^^^^^^^^^^^^^^^^^^^^^^^^^^^^^^^^^
Note: The shadowed declaration is here:
 --> contracts/src/interfaces/v3/IRegistry.sol:7:1:
  |
7 | bytes32 constant ROLE_COMMUNITY       = keccak256("COMMUNITY");
  | ^^^^^^^^^^^^^^^^^^^^^^^^^^^^^^^^^^^^^^^^^^^^^^^^^^^^^^^^^^^^^^

Warning (2519): This declaration shadows an existing declaration.
   --> contracts/test/v3/Coverage_Supplement.t.sol:100:5:
    |
100 |     bytes32 constant ROLE_ENDUSER = keccak256("ENDUSER");
    |     ^^^^^^^^^^^^^^^^^^^^^^^^^^^^^^^^^^^^^^^^^^^^^^^^^^^^
Note: The shadowed declaration is here:
 --> contracts/src/interfaces/v3/IRegistry.sol:8:1:
  |
8 | bytes32 constant ROLE_ENDUSER         = keccak256("ENDUSER");
  | ^^^^^^^^^^^^^^^^^^^^^^^^^^^^^^^^^^^^^^^^^^^^^^^^^^^^^^^^^^^^

Warning (2519): This declaration shadows an existing declaration.
   --> contracts/test/v3/Coverage_Supplement.t.sol:101:5:
    |
101 |     bytes32 constant ROLE_PAYMASTER_SUPER = keccak256("PAYMASTER_SUPER");
    |     ^^^^^^^^^^^^^^^^^^^^^^^^^^^^^^^^^^^^^^^^^^^^^^^^^^^^^^^^^^^^^^^^^^^^
Note: The shadowed declaration is here:
  --> contracts/src/interfaces/v3/IRegistry.sol:10:1:
   |
10 | bytes32 constant ROLE_PAYMASTER_SUPER = keccak256("PAYMASTER_SUPER");
   | ^^^^^^^^^^^^^^^^^^^^^^^^^^^^^^^^^^^^^^^^^^^^^^^^^^^^^^^^^^^^^^^^^^^^

Warning (2519): This declaration shadows an existing declaration.
  --> contracts/test/v3/DVTSlash.t.sol:30:5:
   |
30 |     bytes32 constant ROLE_PAYMASTER_SUPER = keccak256("PAYMASTER_SUPER");
   |     ^^^^^^^^^^^^^^^^^^^^^^^^^^^^^^^^^^^^^^^^^^^^^^^^^^^^^^^^^^^^^^^^^^^^
Note: The shadowed declaration is here:
  --> contracts/src/interfaces/v3/IRegistry.sol:10:1:
   |
10 | bytes32 constant ROLE_PAYMASTER_SUPER = keccak256("PAYMASTER_SUPER");
   | ^^^^^^^^^^^^^^^^^^^^^^^^^^^^^^^^^^^^^^^^^^^^^^^^^^^^^^^^^^^^^^^^^^^^

Warning (2519): This declaration shadows an existing declaration.
  --> contracts/test/v3/GTokenStaking_Coverage.t.sol:35:5:
   |
35 |     bytes32 constant ROLE_COMMUNITY      = keccak256("COMMUNITY");
   |     ^^^^^^^^^^^^^^^^^^^^^^^^^^^^^^^^^^^^^^^^^^^^^^^^^^^^^^^^^^^^^
Note: The shadowed declaration is here:
 --> contracts/src/interfaces/v3/IRegistry.sol:7:1:
  |
7 | bytes32 constant ROLE_COMMUNITY       = keccak256("COMMUNITY");
  | ^^^^^^^^^^^^^^^^^^^^^^^^^^^^^^^^^^^^^^^^^^^^^^^^^^^^^^^^^^^^^^

Warning (2519): This declaration shadows an existing declaration.
  --> contracts/test/v3/GTokenStaking_Coverage.t.sol:36:5:
   |
36 |     bytes32 constant ROLE_PAYMASTER_SUPER = keccak256("PAYMASTER_SUPER");
   |     ^^^^^^^^^^^^^^^^^^^^^^^^^^^^^^^^^^^^^^^^^^^^^^^^^^^^^^^^^^^^^^^^^^^^
Note: The shadowed declaration is here:
  --> contracts/src/interfaces/v3/IRegistry.sol:10:1:
   |
10 | bytes32 constant ROLE_PAYMASTER_SUPER = keccak256("PAYMASTER_SUPER");
   | ^^^^^^^^^^^^^^^^^^^^^^^^^^^^^^^^^^^^^^^^^^^^^^^^^^^^^^^^^^^^^^^^^^^^

Warning (2519): This declaration shadows an existing declaration.
  --> contracts/test/v3/GTokenStaking_Coverage.t.sol:37:5:
   |
37 |     bytes32 constant ROLE_DVT            = keccak256("DVT");
   |     ^^^^^^^^^^^^^^^^^^^^^^^^^^^^^^^^^^^^^^^^^^^^^^^^^^^^^^^
Note: The shadowed declaration is here:
  --> contracts/src/interfaces/v3/IRegistry.sol:11:1:
   |
11 | bytes32 constant ROLE_DVT             = keccak256("DVT");
   | ^^^^^^^^^^^^^^^^^^^^^^^^^^^^^^^^^^^^^^^^^^^^^^^^^^^^^^^^

Warning (2519): This declaration shadows an existing declaration.
  --> contracts/test/v3/Registry.t.sol:38:5:
   |
38 |     bytes32 constant ROLE_ENDUSER = keccak256("ENDUSER");
   |     ^^^^^^^^^^^^^^^^^^^^^^^^^^^^^^^^^^^^^^^^^^^^^^^^^^^^
Note: The shadowed declaration is here:
 --> contracts/src/interfaces/v3/IRegistry.sol:8:1:
  |
8 | bytes32 constant ROLE_ENDUSER         = keccak256("ENDUSER");
  | ^^^^^^^^^^^^^^^^^^^^^^^^^^^^^^^^^^^^^^^^^^^^^^^^^^^^^^^^^^^^

Warning (2519): This declaration shadows an existing declaration.
  --> contracts/test/v3/Registry.t.sol:39:5:
   |
39 |     bytes32 constant ROLE_COMMUNITY = keccak256("COMMUNITY");
   |     ^^^^^^^^^^^^^^^^^^^^^^^^^^^^^^^^^^^^^^^^^^^^^^^^^^^^^^^^
Note: The shadowed declaration is here:
 --> contracts/src/interfaces/v3/IRegistry.sol:7:1:
  |
7 | bytes32 constant ROLE_COMMUNITY       = keccak256("COMMUNITY");
  | ^^^^^^^^^^^^^^^^^^^^^^^^^^^^^^^^^^^^^^^^^^^^^^^^^^^^^^^^^^^^^^

Warning (2519): This declaration shadows an existing declaration.
   --> contracts/test/v3/RegistryUpgradeTo580.t.sol:335:9:
    |
335 |         GTokenStaking staking = new GTokenStaking(address(gtoken), address(this), address(registry));
    |         ^^^^^^^^^^^^^^^^^^^^^
Note: The shadowed declaration is here:
   --> contracts/test/v3/RegistryUpgradeTo580.t.sol:119:5:
    |
119 |     UpgradeMockStaking staking;
    |     ^^^^^^^^^^^^^^^^^^^^^^^^^^

Warning (2519): This declaration shadows an existing declaration.
  --> contracts/test/v3/RegistryV3NewFeatures.t.sol:37:5:
   |
37 |     bytes32 constant ROLE_COMMUNITY = keccak256("COMMUNITY");
   |     ^^^^^^^^^^^^^^^^^^^^^^^^^^^^^^^^^^^^^^^^^^^^^^^^^^^^^^^^
Note: The shadowed declaration is here:
 --> contracts/src/interfaces/v3/IRegistry.sol:7:1:
  |
7 | bytes32 constant ROLE_COMMUNITY       = keccak256("COMMUNITY");
  | ^^^^^^^^^^^^^^^^^^^^^^^^^^^^^^^^^^^^^^^^^^^^^^^^^^^^^^^^^^^^^^

Warning (2519): This declaration shadows an existing declaration.
  --> contracts/test/v3/RegistryV3NewFeatures.t.sol:38:5:
   |
38 |     bytes32 constant ROLE_ENDUSER = keccak256("ENDUSER");
   |     ^^^^^^^^^^^^^^^^^^^^^^^^^^^^^^^^^^^^^^^^^^^^^^^^^^^^
Note: The shadowed declaration is here:
 --> contracts/src/interfaces/v3/IRegistry.sol:8:1:
  |
8 | bytes32 constant ROLE_ENDUSER         = keccak256("ENDUSER");
  | ^^^^^^^^^^^^^^^^^^^^^^^^^^^^^^^^^^^^^^^^^^^^^^^^^^^^^^^^^^^^

Warning (2519): This declaration shadows an existing declaration.
  --> contracts/test/v3/Registry_MultiCommunity.t.sol:28:5:
   |
28 |     bytes32 public constant ROLE_COMMUNITY = keccak256("COMMUNITY");
   |     ^^^^^^^^^^^^^^^^^^^^^^^^^^^^^^^^^^^^^^^^^^^^^^^^^^^^^^^^^^^^^^^
Note: The shadowed declaration is here:
 --> contracts/src/interfaces/v3/IRegistry.sol:7:1:
  |
7 | bytes32 constant ROLE_COMMUNITY       = keccak256("COMMUNITY");
  | ^^^^^^^^^^^^^^^^^^^^^^^^^^^^^^^^^^^^^^^^^^^^^^^^^^^^^^^^^^^^^^

Warning (2519): This declaration shadows an existing declaration.
  --> contracts/test/v3/Registry_MultiCommunity.t.sol:29:5:
   |
29 |     bytes32 public constant ROLE_ENDUSER = keccak256("ENDUSER");
   |     ^^^^^^^^^^^^^^^^^^^^^^^^^^^^^^^^^^^^^^^^^^^^^^^^^^^^^^^^^^^
Note: The shadowed declaration is here:
 --> contracts/src/interfaces/v3/IRegistry.sol:8:1:
  |
8 | bytes32 constant ROLE_ENDUSER         = keccak256("ENDUSER");
  | ^^^^^^^^^^^^^^^^^^^^^^^^^^^^^^^^^^^^^^^^^^^^^^^^^^^^^^^^^^^^

Warning (2519): This declaration shadows an existing declaration.
  --> contracts/test/v3/SecurityFixes_M4_M5_M7.t.sol:72:5:
   |
72 |     bytes32 internal constant ROLE_PAYMASTER_SUPER = keccak256("PAYMASTER_SUPER");
   |     ^^^^^^^^^^^^^^^^^^^^^^^^^^^^^^^^^^^^^^^^^^^^^^^^^^^^^^^^^^^^^^^^^^^^^^^^^^^^^
Note: The shadowed declaration is here:
  --> contracts/src/interfaces/v3/IRegistry.sol:10:1:
   |
10 | bytes32 constant ROLE_PAYMASTER_SUPER = keccak256("PAYMASTER_SUPER");
   | ^^^^^^^^^^^^^^^^^^^^^^^^^^^^^^^^^^^^^^^^^^^^^^^^^^^^^^^^^^^^^^^^^^^^

Warning (2519): This declaration shadows an existing declaration.
  --> contracts/test/v3/SecurityFixes_M4_M5_M7.t.sol:73:5:
   |
73 |     bytes32 internal constant ROLE_COMMUNITY       = keccak256("COMMUNITY");
   |     ^^^^^^^^^^^^^^^^^^^^^^^^^^^^^^^^^^^^^^^^^^^^^^^^^^^^^^^^^^^^^^^^^^^^^^^
Note: The shadowed declaration is here:
 --> contracts/src/interfaces/v3/IRegistry.sol:7:1:
  |
7 | bytes32 constant ROLE_COMMUNITY       = keccak256("COMMUNITY");
  | ^^^^^^^^^^^^^^^^^^^^^^^^^^^^^^^^^^^^^^^^^^^^^^^^^^^^^^^^^^^^^^

Warning (2519): This declaration shadows an existing declaration.
   --> contracts/test/v3/SecurityFixes_M4_M5_M7.t.sol:245:5:
    |
245 |     function ROLE_COMMUNITY()       external pure returns (bytes32) { return keccak256("COMMUNITY"); }
    |     ^^^^^^^^^^^^^^^^^^^^^^^^^^^^^^^^^^^^^^^^^^^^^^^^^^^^^^^^^^^^^^^^^^^^^^^^^^^^^^^^^^^^^^^^^^^^^^^^^^
Note: The shadowed declaration is here:
 --> contracts/src/interfaces/v3/IRegistry.sol:7:1:
  |
7 | bytes32 constant ROLE_COMMUNITY       = keccak256("COMMUNITY");
  | ^^^^^^^^^^^^^^^^^^^^^^^^^^^^^^^^^^^^^^^^^^^^^^^^^^^^^^^^^^^^^^

Warning (2519): This declaration shadows an existing declaration.
   --> contracts/test/v3/SecurityFixes_M4_M5_M7.t.sol:246:5:
    |
246 |     function ROLE_ENDUSER()         external pure returns (bytes32) { return keccak256("ENDUSER"); }
    |     ^^^^^^^^^^^^^^^^^^^^^^^^^^^^^^^^^^^^^^^^^^^^^^^^^^^^^^^^^^^^^^^^^^^^^^^^^^^^^^^^^^^^^^^^^^^^^^^^
Note: The shadowed declaration is here:
 --> contracts/src/interfaces/v3/IRegistry.sol:8:1:
  |
8 | bytes32 constant ROLE_ENDUSER         = keccak256("ENDUSER");
  | ^^^^^^^^^^^^^^^^^^^^^^^^^^^^^^^^^^^^^^^^^^^^^^^^^^^^^^^^^^^^

Warning (2519): This declaration shadows an existing declaration.
   --> contracts/test/v3/SecurityFixes_M4_M5_M7.t.sol:247:5:
    |
247 |     function ROLE_PAYMASTER_SUPER() external pure returns (bytes32) { return keccak256("PAYMASTER_SUPER"); }
    |     ^^^^^^^^^^^^^^^^^^^^^^^^^^^^^^^^^^^^^^^^^^^^^^^^^^^^^^^^^^^^^^^^^^^^^^^^^^^^^^^^^^^^^^^^^^^^^^^^^^^^^^^^
Note: The shadowed declaration is here:
  --> contracts/src/interfaces/v3/IRegistry.sol:10:1:
   |
10 | bytes32 constant ROLE_PAYMASTER_SUPER = keccak256("PAYMASTER_SUPER");
   | ^^^^^^^^^^^^^^^^^^^^^^^^^^^^^^^^^^^^^^^^^^^^^^^^^^^^^^^^^^^^^^^^^^^^

Warning (2519): This declaration shadows an existing declaration.
   --> contracts/test/v3/SecurityFixes_M4_M5_M7.t.sol:248:5:
    |
248 |     function ROLE_PAYMASTER_AOA()   external pure returns (bytes32) { return keccak256("PAYMASTER_AOA"); }
    |     ^^^^^^^^^^^^^^^^^^^^^^^^^^^^^^^^^^^^^^^^^^^^^^^^^^^^^^^^^^^^^^^^^^^^^^^^^^^^^^^^^^^^^^^^^^^^^^^^^^^^^^
Note: The shadowed declaration is here:
 --> contracts/src/interfaces/v3/IRegistry.sol:9:1:
  |
9 | bytes32 constant ROLE_PAYMASTER_AOA   = keccak256("PAYMASTER_AOA");
  | ^^^^^^^^^^^^^^^^^^^^^^^^^^^^^^^^^^^^^^^^^^^^^^^^^^^^^^^^^^^^^^^^^^

Warning (2519): This declaration shadows an existing declaration.
   --> contracts/test/v3/SecurityFixes_M4_M5_M7.t.sol:249:5:
    |
249 |     function ROLE_KMS()             external pure returns (bytes32) { return keccak256("KMS"); }
    |     ^^^^^^^^^^^^^^^^^^^^^^^^^^^^^^^^^^^^^^^^^^^^^^^^^^^^^^^^^^^^^^^^^^^^^^^^^^^^^^^^^^^^^^^^^^^^
Note: The shadowed declaration is here:
  --> contracts/src/interfaces/v3/IRegistry.sol:13:1:
   |
13 | bytes32 constant ROLE_KMS             = keccak256("KMS");
   | ^^^^^^^^^^^^^^^^^^^^^^^^^^^^^^^^^^^^^^^^^^^^^^^^^^^^^^^^

Warning (2519): This declaration shadows an existing declaration.
   --> contracts/test/v3/SecurityFixes_M4_M5_M7.t.sol:250:5:
    |
250 |     function ROLE_DVT()             external pure returns (bytes32) { return keccak256("DVT"); }
    |     ^^^^^^^^^^^^^^^^^^^^^^^^^^^^^^^^^^^^^^^^^^^^^^^^^^^^^^^^^^^^^^^^^^^^^^^^^^^^^^^^^^^^^^^^^^^^
Note: The shadowed declaration is here:
  --> contracts/src/interfaces/v3/IRegistry.sol:11:1:
   |
11 | bytes32 constant ROLE_DVT             = keccak256("DVT");
   | ^^^^^^^^^^^^^^^^^^^^^^^^^^^^^^^^^^^^^^^^^^^^^^^^^^^^^^^^

Warning (2519): This declaration shadows an existing declaration.
   --> contracts/test/v3/SecurityFixes_M4_M5_M7.t.sol:251:5:
    |
251 |     function ROLE_ANODE()           external pure returns (bytes32) { return keccak256("ANODE"); }
    |     ^^^^^^^^^^^^^^^^^^^^^^^^^^^^^^^^^^^^^^^^^^^^^^^^^^^^^^^^^^^^^^^^^^^^^^^^^^^^^^^^^^^^^^^^^^^^^^
Note: The shadowed declaration is here:
  --> contracts/src/interfaces/v3/IRegistry.sol:12:1:
   |
12 | bytes32 constant ROLE_ANODE           = keccak256("ANODE");
   | ^^^^^^^^^^^^^^^^^^^^^^^^^^^^^^^^^^^^^^^^^^^^^^^^^^^^^^^^^^

Warning (2519): This declaration shadows an existing declaration.
   --> contracts/test/v3/SecurityFixes_M4_M5_M7.t.sol:287:5:
    |
287 |     bytes32 internal constant ROLE_COMMUNITY = keccak256("COMMUNITY");
    |     ^^^^^^^^^^^^^^^^^^^^^^^^^^^^^^^^^^^^^^^^^^^^^^^^^^^^^^^^^^^^^^^^^
Note: The shadowed declaration is here:
 --> contracts/src/interfaces/v3/IRegistry.sol:7:1:
  |
7 | bytes32 constant ROLE_COMMUNITY       = keccak256("COMMUNITY");
  | ^^^^^^^^^^^^^^^^^^^^^^^^^^^^^^^^^^^^^^^^^^^^^^^^^^^^^^^^^^^^^^

Warning (2519): This declaration shadows an existing declaration.
  --> contracts/test/v3/SlashSync_RegistryStaking.t.sol:43:5:
   |
43 |     bytes32 constant ROLE_PAYMASTER_SUPER = keccak256("PAYMASTER_SUPER");
   |     ^^^^^^^^^^^^^^^^^^^^^^^^^^^^^^^^^^^^^^^^^^^^^^^^^^^^^^^^^^^^^^^^^^^^
Note: The shadowed declaration is here:
  --> contracts/src/interfaces/v3/IRegistry.sol:10:1:
   |
10 | bytes32 constant ROLE_PAYMASTER_SUPER = keccak256("PAYMASTER_SUPER");
   | ^^^^^^^^^^^^^^^^^^^^^^^^^^^^^^^^^^^^^^^^^^^^^^^^^^^^^^^^^^^^^^^^^^^^

Warning (2519): This declaration shadows an existing declaration.
  --> contracts/test/v3/SlashSync_RegistryStaking.t.sol:44:5:
   |
44 |     bytes32 constant ROLE_DVT = keccak256("DVT");
   |     ^^^^^^^^^^^^^^^^^^^^^^^^^^^^^^^^^^^^^^^^^^^^
Note: The shadowed declaration is here:
  --> contracts/src/interfaces/v3/IRegistry.sol:11:1:
   |
11 | bytes32 constant ROLE_DVT             = keccak256("DVT");
   | ^^^^^^^^^^^^^^^^^^^^^^^^^^^^^^^^^^^^^^^^^^^^^^^^^^^^^^^^

Warning (2519): This declaration shadows an existing declaration.
  --> contracts/test/v3/SlashSync_RegistryStaking.t.sol:45:5:
   |
45 |     bytes32 constant ROLE_COMMUNITY = keccak256("COMMUNITY");
   |     ^^^^^^^^^^^^^^^^^^^^^^^^^^^^^^^^^^^^^^^^^^^^^^^^^^^^^^^^
Note: The shadowed declaration is here:
 --> contracts/src/interfaces/v3/IRegistry.sol:7:1:
  |
7 | bytes32 constant ROLE_COMMUNITY       = keccak256("COMMUNITY");
  | ^^^^^^^^^^^^^^^^^^^^^^^^^^^^^^^^^^^^^^^^^^^^^^^^^^^^^^^^^^^^^^

Warning (2519): This declaration shadows an existing declaration.
  --> contracts/test/v3/SuperPaymasterV3_Admin.t.sol:71:5:
   |
71 |     bytes32 public constant ROLE_PAYMASTER_SUPER = keccak256("PAYMASTER_SUPER");
   |     ^^^^^^^^^^^^^^^^^^^^^^^^^^^^^^^^^^^^^^^^^^^^^^^^^^^^^^^^^^^^^^^^^^^^^^^^^^^
Note: The shadowed declaration is here:
  --> contracts/src/interfaces/v3/IRegistry.sol:10:1:
   |
10 | bytes32 constant ROLE_PAYMASTER_SUPER = keccak256("PAYMASTER_SUPER");
   | ^^^^^^^^^^^^^^^^^^^^^^^^^^^^^^^^^^^^^^^^^^^^^^^^^^^^^^^^^^^^^^^^^^^^

Warning (2519): This declaration shadows an existing declaration.
  --> contracts/test/v3/SuperPaymasterV3_Admin.t.sol:72:5:
   |
72 |     bytes32 public constant ROLE_COMMUNITY = keccak256("COMMUNITY");
   |     ^^^^^^^^^^^^^^^^^^^^^^^^^^^^^^^^^^^^^^^^^^^^^^^^^^^^^^^^^^^^^^^
Note: The shadowed declaration is here:
 --> contracts/src/interfaces/v3/IRegistry.sol:7:1:
  |
7 | bytes32 constant ROLE_COMMUNITY       = keccak256("COMMUNITY");
  | ^^^^^^^^^^^^^^^^^^^^^^^^^^^^^^^^^^^^^^^^^^^^^^^^^^^^^^^^^^^^^^

Warning (2519): This declaration shadows an existing declaration.
   --> contracts/test/v3/SuperPaymasterV3_Pricing.t.sol:130:5:
    |
130 |     bytes32 public constant ROLE_PAYMASTER_SUPER = keccak256("PAYMASTER_SUPER");
    |     ^^^^^^^^^^^^^^^^^^^^^^^^^^^^^^^^^^^^^^^^^^^^^^^^^^^^^^^^^^^^^^^^^^^^^^^^^^^
Note: The shadowed declaration is here:
  --> contracts/src/interfaces/v3/IRegistry.sol:10:1:
   |
10 | bytes32 constant ROLE_PAYMASTER_SUPER = keccak256("PAYMASTER_SUPER");
   | ^^^^^^^^^^^^^^^^^^^^^^^^^^^^^^^^^^^^^^^^^^^^^^^^^^^^^^^^^^^^^^^^^^^^

Warning (2519): This declaration shadows an existing declaration.
   --> contracts/test/v3/SuperPaymasterV3_Pricing.t.sol:131:5:
    |
131 |     bytes32 public constant ROLE_COMMUNITY = keccak256("COMMUNITY");
    |     ^^^^^^^^^^^^^^^^^^^^^^^^^^^^^^^^^^^^^^^^^^^^^^^^^^^^^^^^^^^^^^^
Note: The shadowed declaration is here:
 --> contracts/src/interfaces/v3/IRegistry.sol:7:1:
  |
7 | bytes32 constant ROLE_COMMUNITY       = keccak256("COMMUNITY");
  | ^^^^^^^^^^^^^^^^^^^^^^^^^^^^^^^^^^^^^^^^^^^^^^^^^^^^^^^^^^^^^^

Warning (2519): This declaration shadows an existing declaration.
   --> contracts/test/v3/SuperPaymasterV5Features.t.sol:361:5:
    |
361 |     bytes32 public constant ROLE_PAYMASTER_SUPER = keccak256("PAYMASTER_SUPER");
    |     ^^^^^^^^^^^^^^^^^^^^^^^^^^^^^^^^^^^^^^^^^^^^^^^^^^^^^^^^^^^^^^^^^^^^^^^^^^^
Note: The shadowed declaration is here:
  --> contracts/src/interfaces/v3/IRegistry.sol:10:1:
   |
10 | bytes32 constant ROLE_PAYMASTER_SUPER = keccak256("PAYMASTER_SUPER");
   | ^^^^^^^^^^^^^^^^^^^^^^^^^^^^^^^^^^^^^^^^^^^^^^^^^^^^^^^^^^^^^^^^^^^^

Warning (2519): This declaration shadows an existing declaration.
   --> contracts/test/v3/SuperPaymasterV5Features.t.sol:362:5:
    |
362 |     bytes32 public constant ROLE_COMMUNITY = keccak256("COMMUNITY");
    |     ^^^^^^^^^^^^^^^^^^^^^^^^^^^^^^^^^^^^^^^^^^^^^^^^^^^^^^^^^^^^^^^
Note: The shadowed declaration is here:
 --> contracts/src/interfaces/v3/IRegistry.sol:7:1:
  |
7 | bytes32 constant ROLE_COMMUNITY       = keccak256("COMMUNITY");
  | ^^^^^^^^^^^^^^^^^^^^^^^^^^^^^^^^^^^^^^^^^^^^^^^^^^^^^^^^^^^^^^

Warning (2519): This declaration shadows an existing declaration.
   --> contracts/test/v3/SuperPaymaster_BurnRestore.t.sol:108:5:
    |
108 |     bytes32 constant ROLE_PAYMASTER_SUPER = keccak256("PAYMASTER_SUPER");
    |     ^^^^^^^^^^^^^^^^^^^^^^^^^^^^^^^^^^^^^^^^^^^^^^^^^^^^^^^^^^^^^^^^^^^^
Note: The shadowed declaration is here:
  --> contracts/src/interfaces/v3/IRegistry.sol:10:1:
   |
10 | bytes32 constant ROLE_PAYMASTER_SUPER = keccak256("PAYMASTER_SUPER");
   | ^^^^^^^^^^^^^^^^^^^^^^^^^^^^^^^^^^^^^^^^^^^^^^^^^^^^^^^^^^^^^^^^^^^^

Warning (2519): This declaration shadows an existing declaration.
   --> contracts/test/v3/SuperPaymaster_BurnRestore.t.sol:109:5:
    |
109 |     bytes32 constant ROLE_COMMUNITY       = keccak256("COMMUNITY");
    |     ^^^^^^^^^^^^^^^^^^^^^^^^^^^^^^^^^^^^^^^^^^^^^^^^^^^^^^^^^^^^^^
Note: The shadowed declaration is here:
 --> contracts/src/interfaces/v3/IRegistry.sol:7:1:
  |
7 | bytes32 constant ROLE_COMMUNITY       = keccak256("COMMUNITY");
  | ^^^^^^^^^^^^^^^^^^^^^^^^^^^^^^^^^^^^^^^^^^^^^^^^^^^^^^^^^^^^^^

Warning (2519): This declaration shadows an existing declaration.
   --> contracts/test/v3/SuperPaymaster_Coverage.t.sol:268:5:
    |
268 |     bytes32 constant ROLE_PAYMASTER_SUPER = keccak256("PAYMASTER_SUPER");
    |     ^^^^^^^^^^^^^^^^^^^^^^^^^^^^^^^^^^^^^^^^^^^^^^^^^^^^^^^^^^^^^^^^^^^^
Note: The shadowed declaration is here:
  --> contracts/src/interfaces/v3/IRegistry.sol:10:1:
   |
10 | bytes32 constant ROLE_PAYMASTER_SUPER = keccak256("PAYMASTER_SUPER");
   | ^^^^^^^^^^^^^^^^^^^^^^^^^^^^^^^^^^^^^^^^^^^^^^^^^^^^^^^^^^^^^^^^^^^^

Warning (2519): This declaration shadows an existing declaration.
   --> contracts/test/v3/SuperPaymaster_Coverage.t.sol:269:5:
    |
269 |     bytes32 constant ROLE_COMMUNITY       = keccak256("COMMUNITY");
    |     ^^^^^^^^^^^^^^^^^^^^^^^^^^^^^^^^^^^^^^^^^^^^^^^^^^^^^^^^^^^^^^
Note: The shadowed declaration is here:
 --> contracts/src/interfaces/v3/IRegistry.sol:7:1:
  |
7 | bytes32 constant ROLE_COMMUNITY       = keccak256("COMMUNITY");
  | ^^^^^^^^^^^^^^^^^^^^^^^^^^^^^^^^^^^^^^^^^^^^^^^^^^^^^^^^^^^^^^

Warning (2519): This declaration shadows an existing declaration.
  --> contracts/test/v3/SupplementaryLifecycle.t.sol:91:5:
   |
91 |     bytes32 constant ROLE_COMMUNITY = keccak256("COMMUNITY");
   |     ^^^^^^^^^^^^^^^^^^^^^^^^^^^^^^^^^^^^^^^^^^^^^^^^^^^^^^^^
Note: The shadowed declaration is here:
 --> contracts/src/interfaces/v3/IRegistry.sol:7:1:
  |
7 | bytes32 constant ROLE_COMMUNITY       = keccak256("COMMUNITY");
  | ^^^^^^^^^^^^^^^^^^^^^^^^^^^^^^^^^^^^^^^^^^^^^^^^^^^^^^^^^^^^^^

Warning (2519): This declaration shadows an existing declaration.
  --> contracts/test/v3/SupplementaryLifecycle.t.sol:92:5:
   |
92 |     bytes32 constant ROLE_ENDUSER = keccak256("ENDUSER");
   |     ^^^^^^^^^^^^^^^^^^^^^^^^^^^^^^^^^^^^^^^^^^^^^^^^^^^^
Note: The shadowed declaration is here:
 --> contracts/src/interfaces/v3/IRegistry.sol:8:1:
  |
8 | bytes32 constant ROLE_ENDUSER         = keccak256("ENDUSER");
  | ^^^^^^^^^^^^^^^^^^^^^^^^^^^^^^^^^^^^^^^^^^^^^^^^^^^^^^^^^^^^

Warning (2519): This declaration shadows an existing declaration.
  --> contracts/test/v3/SupplementaryLifecycle.t.sol:93:5:
   |
93 |     bytes32 constant ROLE_PAYMASTER_SUPER = keccak256("PAYMASTER_SUPER");
   |     ^^^^^^^^^^^^^^^^^^^^^^^^^^^^^^^^^^^^^^^^^^^^^^^^^^^^^^^^^^^^^^^^^^^^
Note: The shadowed declaration is here:
  --> contracts/src/interfaces/v3/IRegistry.sol:10:1:
   |
10 | bytes32 constant ROLE_PAYMASTER_SUPER = keccak256("PAYMASTER_SUPER");
   | ^^^^^^^^^^^^^^^^^^^^^^^^^^^^^^^^^^^^^^^^^^^^^^^^^^^^^^^^^^^^^^^^^^^^

Warning (2519): This declaration shadows an existing declaration.
  --> contracts/test/v3/SupplementaryLifecycle.t.sol:94:5:
   |
94 |     bytes32 constant ROLE_PAYMASTER_AOA = keccak256("PAYMASTER_AOA");
   |     ^^^^^^^^^^^^^^^^^^^^^^^^^^^^^^^^^^^^^^^^^^^^^^^^^^^^^^^^^^^^^^^^
Note: The shadowed declaration is here:
 --> contracts/src/interfaces/v3/IRegistry.sol:9:1:
  |
9 | bytes32 constant ROLE_PAYMASTER_AOA   = keccak256("PAYMASTER_AOA");
  | ^^^^^^^^^^^^^^^^^^^^^^^^^^^^^^^^^^^^^^^^^^^^^^^^^^^^^^^^^^^^^^^^^^

Warning (2519): This declaration shadows an existing declaration.
   --> contracts/test/v3/UUPSUpgrade.t.sol:587:9:
    |
587 |         bytes32 ROLE_COMMUNITY = keccak256("COMMUNITY");
    |         ^^^^^^^^^^^^^^^^^^^^^^
Note: The shadowed declaration is here:
 --> contracts/src/interfaces/v3/IRegistry.sol:7:1:
  |
7 | bytes32 constant ROLE_COMMUNITY       = keccak256("COMMUNITY");
  | ^^^^^^^^^^^^^^^^^^^^^^^^^^^^^^^^^^^^^^^^^^^^^^^^^^^^^^^^^^^^^^

Warning (2519): This declaration shadows an existing declaration.
   --> contracts/test/v3/UUPSUpgrade.t.sol:592:9:
    |
592 |         bytes32 ROLE_ENDUSER = keccak256("ENDUSER");
    |         ^^^^^^^^^^^^^^^^^^^^
Note: The shadowed declaration is here:
 --> contracts/src/interfaces/v3/IRegistry.sol:8:1:
  |
8 | bytes32 constant ROLE_ENDUSER         = keccak256("ENDUSER");
  | ^^^^^^^^^^^^^^^^^^^^^^^^^^^^^^^^^^^^^^^^^^^^^^^^^^^^^^^^^^^^

Warning (2519): This declaration shadows an existing declaration.
   --> contracts/test/v3/UUPSUpgrade.t.sol:598:9:
    |
598 |         bytes32 ROLE_PAYMASTER_AOA = keccak256("PAYMASTER_AOA");
    |         ^^^^^^^^^^^^^^^^^^^^^^^^^^
Note: The shadowed declaration is here:
 --> contracts/src/interfaces/v3/IRegistry.sol:9:1:
  |
9 | bytes32 constant ROLE_PAYMASTER_AOA   = keccak256("PAYMASTER_AOA");
  | ^^^^^^^^^^^^^^^^^^^^^^^^^^^^^^^^^^^^^^^^^^^^^^^^^^^^^^^^^^^^^^^^^^

Warning (2519): This declaration shadows an existing declaration.
  --> contracts/test/v3/X402Direct_AssetWhitelist.t.sol:51:5:
   |
51 |     bytes32 constant ROLE_PAYMASTER_SUPER = keccak256("PAYMASTER_SUPER");
   |     ^^^^^^^^^^^^^^^^^^^^^^^^^^^^^^^^^^^^^^^^^^^^^^^^^^^^^^^^^^^^^^^^^^^^
Note: The shadowed declaration is here:
  --> contracts/src/interfaces/v3/IRegistry.sol:10:1:
   |
10 | bytes32 constant ROLE_PAYMASTER_SUPER = keccak256("PAYMASTER_SUPER");
   | ^^^^^^^^^^^^^^^^^^^^^^^^^^^^^^^^^^^^^^^^^^^^^^^^^^^^^^^^^^^^^^^^^^^^

Warning (2519): This declaration shadows an existing declaration.
  --> contracts/test/v3/X402Direct_AssetWhitelist.t.sol:52:5:
   |
52 |     bytes32 constant ROLE_COMMUNITY = keccak256("COMMUNITY");
   |     ^^^^^^^^^^^^^^^^^^^^^^^^^^^^^^^^^^^^^^^^^^^^^^^^^^^^^^^^
Note: The shadowed declaration is here:
 --> contracts/src/interfaces/v3/IRegistry.sol:7:1:
  |
7 | bytes32 constant ROLE_COMMUNITY       = keccak256("COMMUNITY");
  | ^^^^^^^^^^^^^^^^^^^^^^^^^^^^^^^^^^^^^^^^^^^^^^^^^^^^^^^^^^^^^^

Warning (2519): This declaration shadows an existing declaration.
  --> contracts/test/v3/X402Direct_FacilitatorWhitelist.t.sol:45:5:
   |
45 |     bytes32 constant ROLE_PAYMASTER_SUPER = keccak256("PAYMASTER_SUPER");
   |     ^^^^^^^^^^^^^^^^^^^^^^^^^^^^^^^^^^^^^^^^^^^^^^^^^^^^^^^^^^^^^^^^^^^^
Note: The shadowed declaration is here:
  --> contracts/src/interfaces/v3/IRegistry.sol:10:1:
   |
10 | bytes32 constant ROLE_PAYMASTER_SUPER = keccak256("PAYMASTER_SUPER");
   | ^^^^^^^^^^^^^^^^^^^^^^^^^^^^^^^^^^^^^^^^^^^^^^^^^^^^^^^^^^^^^^^^^^^^

Warning (2519): This declaration shadows an existing declaration.
  --> contracts/test/v3/X402Direct_FacilitatorWhitelist.t.sol:46:5:
   |
46 |     bytes32 constant ROLE_COMMUNITY = keccak256("COMMUNITY");
   |     ^^^^^^^^^^^^^^^^^^^^^^^^^^^^^^^^^^^^^^^^^^^^^^^^^^^^^^^^
Note: The shadowed declaration is here:
 --> contracts/src/interfaces/v3/IRegistry.sol:7:1:
  |
7 | bytes32 constant ROLE_COMMUNITY       = keccak256("COMMUNITY");
  | ^^^^^^^^^^^^^^^^^^^^^^^^^^^^^^^^^^^^^^^^^^^^^^^^^^^^^^^^^^^^^^

Warning (4591): There are more than 256 warnings. Ignoring the rest.
warning[block-timestamp]: usage of `block.timestamp` in a comparison may be manipulated by validators
    ╭▸ contracts/src/tokens/MySBT.sol:506:26
    │
506 │         if (last != 0 && block.timestamp < last + MIN_INT) revert ActivityTooSoon();
    │                          ━━━━━━━━━━━━━━━━━━━━━━━━━━━━━━━━
    │
    ╰ help: https://book.getfoundry.sh/reference/forge/forge-lint#block-timestamp

warning[erc20-unchecked-transfer]: ERC20 'transfer' and 'transferFrom' calls should check the return value
   ╭▸ contracts/test/halmos/D5c1Replay.t.sol:98:9
   │
98 │         tok.transferFrom(user, sp, 1 ether);
   │         ━━━━━━━━━━━━━━━━━━━━━━━━━━━━━━━━━━━
   │
   ╰ help: https://book.getfoundry.sh/reference/forge/forge-lint#erc20-unchecked-transfer

warning[erc20-unchecked-transfer]: ERC20 'transfer' and 'transferFrom' calls should check the return value
    ╭▸ contracts/test/halmos/D5c1Replay.t.sol:137:9
    │
137 │         tok.transfer(sp, 5 ether);              // an SP can hold xPNTs like anyone else
    │         ━━━━━━━━━━━━━━━━━━━━━━━━━
    │
    ╰ help: https://book.getfoundry.sh/reference/forge/forge-lint#erc20-unchecked-transfer

warning[unsafe-typecast]: typecasts that can truncate values should be checked
    ╭▸ contracts/test/v2/SuperPaymasterV55Gas.t.sol:150:42
    │
150 │         uint256 w1 = _probeSingle(0, "", uint128(MIN_POST_OP_GAS));          // opSucceeded, no call
    │                                          ━━━━━━━━━━━━━━━━━━━━━━━━
    │
    ├ note: consider disabling this lint if you're certain the cast is safe
    │       
    │       // casting to 'uint128' is safe because [explain why]
    │       // forge-lint: disable-next-line(unsafe-typecast)
    │       
    │       
    ╰ help: https://book.getfoundry.sh/reference/forge/forge-lint#unsafe-typecast

warning[unsafe-typecast]: typecasts that can truncate values should be checked
    ╭▸ contracts/test/v2/SuperPaymasterV55Gas.t.sol:152:53
    │
152 │         uint256 w3 = _probeSingle(50_000, burnCall, uint128(MIN_POST_OP_GAS)); // opReverted (call OOG)
    │                                                     ━━━━━━━━━━━━━━━━━━━━━━━━
    │
    ├ note: consider disabling this lint if you're certain the cast is safe
    │       
    │       // casting to 'uint128' is safe because [explain why]
    │       // forge-lint: disable-next-line(unsafe-typecast)
    │       
    │       
    ╰ help: https://book.getfoundry.sh/reference/forge/forge-lint#unsafe-typecast

warning[unsafe-typecast]: typecasts that can truncate values should be checked
    ╭▸ contracts/test/v2/SuperPaymasterV55Gas.t.sol:153:50
    │
153 │         uint256 w4 = _probeSingle(3_000_000, "", uint128(MIN_POST_OP_GAS));    // big unused callGas → penalty
    │                                                  ━━━━━━━━━━━━━━━━━━━━━━━━
    │
    ├ note: consider disabling this lint if you're certain the cast is safe
    │       
    │       // casting to 'uint128' is safe because [explain why]
    │       // forge-lint: disable-next-line(unsafe-typecast)
    │       
    │       
    ╰ help: https://book.getfoundry.sh/reference/forge/forge-lint#unsafe-typecast

warning[unsafe-typecast]: typecasts that can truncate values should be checked
    ╭▸ contracts/test/crossrepo/CC115GenuinePragueCrossRepo.t.sol:137:44
    │
137 │             staking.setLock(validators[i], uint128(MIN_STAKE));
    │                                            ━━━━━━━━━━━━━━━━━━
    │
    ├ note: consider disabling this lint if you're certain the cast is safe
    │       
    │       // casting to 'uint128' is safe because [explain why]
    │       // forge-lint: disable-next-line(unsafe-typecast)
    │       
    │       
    ╰ help: https://book.getfoundry.sh/reference/forge/forge-lint#unsafe-typecast

warning[erc20-unchecked-transfer]: ERC20 'transfer' and 'transferFrom' calls should check the return value
    ╭▸ contracts/test/halmos/D5c1Replay.t.sol:439:9
    │
439 │         tok.transferFrom(from, victim, half);
    │         ━━━━━━━━━━━━━━━━━━━━━━━━━━━━━━━━━━━━
    │
    ╰ help: https://book.getfoundry.sh/reference/forge/forge-lint#erc20-unchecked-transfer

warning[unsafe-typecast]: typecasts that can truncate values should be checked
   ╭▸ contracts/test/security/CC48VerifierConformance.t.sol:35:43
   │
35 │         return fraudProof.length == 32 && bytes32(fraudProof) == expected;
   │                                           ━━━━━━━━━━━━━━━━━━━
   │
   ├ note: consider disabling this lint if you're certain the cast is safe
   │       
   │       // casting to 'bytes32' is safe because [explain why]
   │       // forge-lint: disable-next-line(unsafe-typecast)
   │       
   │       
   ╰ help: https://book.getfoundry.sh/reference/forge/forge-lint#unsafe-typecast

warning[unsafe-typecast]: typecasts that can truncate values should be checked
   ╭▸ contracts/test/security/CC48VerifierConformance.t.sol:59:51
   │
59 │         return fraudProof.length == 32 && uint256(bytes32(fraudProof)) == fraudProofId;
   │                                                   ━━━━━━━━━━━━━━━━━━━
   │
   ├ note: consider disabling this lint if you're certain the cast is safe
   │       
   │       // casting to 'bytes32' is safe because [explain why]
   │       // forge-lint: disable-next-line(unsafe-typecast)
   │       
   │       
   ╰ help: https://book.getfoundry.sh/reference/forge/forge-lint#unsafe-typecast

warning[unsafe-typecast]: typecasts that can truncate values should be checked
    ╭▸ contracts/test/security/CC48VerifierConformance.t.sol:316:18
    │
316 │         assertEq(bytes4(ret), Conformance.VerifierAcceptsGuardianSuperset.selector);
    │                  ━━━━━━━━━━━
    │
    ├ note: consider disabling this lint if you're certain the cast is safe
    │       
    │       // casting to 'bytes4' is safe because [explain why]
    │       // forge-lint: disable-next-line(unsafe-typecast)
    │       
    │       
    ╰ help: https://book.getfoundry.sh/reference/forge/forge-lint#unsafe-typecast

warning[unsafe-typecast]: typecasts that can truncate values should be checked
    ╭▸ contracts/src/paymasters/superpaymaster/v3/SuperPaymaster.sol:199:47
    │
199 │         operators[msg.sender].aPNTsBalance -= uint128(amount);
    │                                               ━━━━━━━━━━━━━━━
    │
    ├ note: consider disabling this lint if you're certain the cast is safe
    │       
    │       // casting to 'uint128' is safe because [explain why]
    │       // forge-lint: disable-next-line(unsafe-typecast)
    │       
    │       
    ╰ help: https://book.getfoundry.sh/reference/forge/forge-lint#unsafe-typecast

warning[unsafe-typecast]: typecasts that can truncate values should be checked
    ╭▸ contracts/src/paymasters/superpaymaster/v3/SuperPaymaster.sol:214:28
    │
214 │             ethAmountWei * uint256(ethUsdPrice),
    │                            ━━━━━━━━━━━━━━━━━━━━
    │
    ├ note: consider disabling this lint if you're certain the cast is safe
    │       
    │       // casting to 'uint256' is safe because [explain why]
    │       // forge-lint: disable-next-line(unsafe-typecast)
    │       
    │       
    ╰ help: https://book.getfoundry.sh/reference/forge/forge-lint#unsafe-typecast

warning[unsafe-typecast]: typecasts that can truncate values should be checked
    ╭▸ contracts/src/paymasters/superpaymaster/v3/SuperPaymaster.sol:243:29
    │
243 │         uint48 validUntil = uint48(cachedPrice.updatedAt + priceStalenessThreshold);
    │                             ━━━━━━━━━━━━━━━━━━━━━━━━━━━━━━━━━━━━━━━━━━━━━━━━━━━━━━━
    │
    ├ note: consider disabling this lint if you're certain the cast is safe
    │       
    │       // casting to 'uint48' is safe because [explain why]
    │       // forge-lint: disable-next-line(unsafe-typecast)
    │       
    │       
    ╰ help: https://book.getfoundry.sh/reference/forge/forge-lint#unsafe-typecast

warning[unsafe-typecast]: typecasts that can truncate values should be checked
    ╭▸ contracts/src/paymasters/superpaymaster/v3/SuperPaymaster.sol:263:31
    │
263 │             if (pmPostOpGas < uint32(gpRaw)) {
    │                               ━━━━━━━━━━━━━
    │
    ├ note: consider disabling this lint if you're certain the cast is safe
    │       
    │       // casting to 'uint32' is safe because [explain why]
    │       // forge-lint: disable-next-line(unsafe-typecast)
    │       
    │       
    ╰ help: https://book.getfoundry.sh/reference/forge/forge-lint#unsafe-typecast

warning[unsafe-typecast]: typecasts that can truncate values should be checked
    ╭▸ contracts/src/paymasters/superpaymaster/v3/SuperPaymaster.sol:314:32
    │
314 │         config.aPNTsBalance -= uint128(aPNTsAmount); // Safe cast due to check above
    │                                ━━━━━━━━━━━━━━━━━━━━
    │
    ├ note: consider disabling this lint if you're certain the cast is safe
    │       
    │       // casting to 'uint128' is safe because [explain why]
    │       // forge-lint: disable-next-line(unsafe-typecast)
    │       
    │       
    ╰ help: https://book.getfoundry.sh/reference/forge/forge-lint#unsafe-typecast

warning[unsafe-typecast]: typecasts that can truncate values should be checked
    ╭▸ contracts/src/paymasters/superpaymaster/v3/SuperPaymaster.sol:316:52
    │
316 │         _inflight[userOpHash] = Inflight(operator, uint96(aPNTsAmount));
    │                                                    ━━━━━━━━━━━━━━━━━━━
    │
    ├ note: consider disabling this lint if you're certain the cast is safe
    │       
    │       // casting to 'uint96' is safe because [explain why]
    │       // forge-lint: disable-next-line(unsafe-typecast)
    │       
    │       
    ╰ help: https://book.getfoundry.sh/reference/forge/forge-lint#unsafe-typecast

warning[unsafe-typecast]: typecasts that can truncate values should be checked
    ╭▸ contracts/src/paymasters/superpaymaster/v3/SuperPaymaster.sol:388:30
    │
388 │         uint256 snapSettle = uint32(snap >> 32);
    │                              ━━━━━━━━━━━━━━━━━━
    │
    ├ note: consider disabling this lint if you're certain the cast is safe
    │       
    │       // casting to 'uint32' is safe because [explain why]
    │       // forge-lint: disable-next-line(unsafe-typecast)
    │       
    │       
    ╰ help: https://book.getfoundry.sh/reference/forge/forge-lint#unsafe-typecast

warning[unsafe-typecast]: typecasts that can truncate values should be checked
    ╭▸ contracts/src/paymasters/superpaymaster/v3/SuperPaymaster.sol:408:23
    │
408 │             : uint256(uint32(snap >> 96)) + uint32(snap >> 64);
    │                       ━━━━━━━━━━━━━━━━━━
    │
    ├ note: consider disabling this lint if you're certain the cast is safe
    │       
    │       // casting to 'uint32' is safe because [explain why]
    │       // forge-lint: disable-next-line(unsafe-typecast)
    │       
    │       
    ╰ help: https://book.getfoundry.sh/reference/forge/forge-lint#unsafe-typecast

warning[unsafe-typecast]: typecasts that can truncate values should be checked
    ╭▸ contracts/src/paymasters/superpaymaster/v3/SuperPaymaster.sol:408:45
    │
408 │             : uint256(uint32(snap >> 96)) + uint32(snap >> 64);
    │                                             ━━━━━━━━━━━━━━━━━━
    │
    ├ note: consider disabling this lint if you're certain the cast is safe
    │       
    │       // casting to 'uint32' is safe because [explain why]
    │       // forge-lint: disable-next-line(unsafe-typecast)
    │       
    │       
    ╰ help: https://book.getfoundry.sh/reference/forge/forge-lint#unsafe-typecast

warning[unsafe-typecast]: typecasts that can truncate values should be checked
    ╭▸ contracts/src/paymasters/superpaymaster/v3/SuperPaymaster.sol:427:47
    │
427 │         operators[c.operator].aPNTsBalance += uint128(c.a0 - charge);
    │                                               ━━━━━━━━━━━━━━━━━━━━━━
    │
    ├ note: consider disabling this lint if you're certain the cast is safe
    │       
    │       // casting to 'uint128' is safe because [explain why]
    │       // forge-lint: disable-next-line(unsafe-typecast)
    │       
    │       
    ╰ help: https://book.getfoundry.sh/reference/forge/forge-lint#unsafe-typecast

warning[block-timestamp]: usage of `block.timestamp` in a comparison may be manipulated by validators
    ╭▸ contracts/src/tokens/GTokenAuthorization.sol:246:13
    │
246 │         if (block.timestamp <= validAfter)                  revert AuthorizationNotYetValid();
    │             ━━━━━━━━━━━━━━━━━━━━━━━━━━━━━
    │
    ╰ help: https://book.getfoundry.sh/reference/forge/forge-lint#block-timestamp

warning[block-timestamp]: usage of `block.timestamp` in a comparison may be manipulated by validators
    ╭▸ contracts/src/tokens/GTokenAuthorization.sol:247:13
    │
247 │         if (block.timestamp >= validBefore)                 revert AuthorizationExpired();
    │             ━━━━━━━━━━━━━━━━━━━━━━━━━━━━━━
    │
    ╰ help: https://book.getfoundry.sh/reference/forge/forge-lint#block-timestamp

warning[unsafe-typecast]: typecasts that can truncate values should be checked
    ╭▸ contracts/src/core/GTokenStaking.sol:132:25
    │
132 │                 amount: uint128(stakeAmount),
    │                         ━━━━━━━━━━━━━━━━━━━━
    │
    ├ note: consider disabling this lint if you're certain the cast is safe
    │       
    │       // casting to 'uint128' is safe because [explain why]
    │       // forge-lint: disable-next-line(unsafe-typecast)
    │       
    │       
    ╰ help: https://book.getfoundry.sh/reference/forge/forge-lint#unsafe-typecast

warning[unsafe-typecast]: typecasts that can truncate values should be checked
    ╭▸ contracts/src/core/GTokenStaking.sol:133:30
    │
133 │                 ticketPrice: uint128(ticketPrice),
    │                              ━━━━━━━━━━━━━━━━━━━━
    │
    ├ note: consider disabling this lint if you're certain the cast is safe
    │       
    │       // casting to 'uint128' is safe because [explain why]
    │       // forge-lint: disable-next-line(unsafe-typecast)
    │       
    │       
    ╰ help: https://book.getfoundry.sh/reference/forge/forge-lint#unsafe-typecast

warning[unsafe-typecast]: typecasts that can truncate values should be checked
    ╭▸ contracts/src/core/GTokenStaking.sol:200:24
    │
200 │         lock.amount += uint128(stakeAmount);
    │                        ━━━━━━━━━━━━━━━━━━━━
    │
    ├ note: consider disabling this lint if you're certain the cast is safe
    │       
    │       // casting to 'uint128' is safe because [explain why]
    │       // forge-lint: disable-next-line(unsafe-typecast)
    │       
    │       
    ╰ help: https://book.getfoundry.sh/reference/forge/forge-lint#unsafe-typecast

warning[unsafe-typecast]: typecasts that can truncate values should be checked
    ╭▸ contracts/test/crossrepo/CC115CrossRepoConformance.t.sol:150:44
    │
150 │             staking.setLock(validators[i], uint128(MIN_STAKE));
    │                                            ━━━━━━━━━━━━━━━━━━
    │
    ├ note: consider disabling this lint if you're certain the cast is safe
    │       
    │       // casting to 'uint128' is safe because [explain why]
    │       // forge-lint: disable-next-line(unsafe-typecast)
    │       
    │       
    ╰ help: https://book.getfoundry.sh/reference/forge/forge-lint#unsafe-typecast

warning[block-timestamp]: usage of `block.timestamp` in a comparison may be manipulated by validators
    ╭▸ contracts/src/paymasters/superpaymaster/v3/SuperPaymasterAdmin.sol:203:13
    │
203 │         if (block.timestamp < pendingAPNTsTokenEta) revert InvalidConfiguration();
    │             ━━━━━━━━━━━━━━━━━━━━━━━━━━━━━━━━━━━━━━
    │
    ╰ help: https://book.getfoundry.sh/reference/forge/forge-lint#block-timestamp

warning[unsafe-typecast]: typecasts that can truncate values should be checked
    ╭▸ contracts/src/core/GTokenStaking.sol:307:36
    │
307 │                     lock.amount -= uint128(deduct);
    │                                    ━━━━━━━━━━━━━━━
    │
    ├ note: consider disabling this lint if you're certain the cast is safe
    │       
    │       // casting to 'uint128' is safe because [explain why]
    │       // forge-lint: disable-next-line(unsafe-typecast)
    │       
    │       
    ╰ help: https://book.getfoundry.sh/reference/forge/forge-lint#unsafe-typecast

warning[unsafe-typecast]: typecasts that can truncate values should be checked
    ╭▸ contracts/src/core/GTokenStaking.sol:322:41
    │
322 │                         dLock.amount -= uint128(take);
    │                                         ━━━━━━━━━━━━━
    │
    ├ note: consider disabling this lint if you're certain the cast is safe
    │       
    │       // casting to 'uint128' is safe because [explain why]
    │       // forge-lint: disable-next-line(unsafe-typecast)
    │       
    │       
    ╰ help: https://book.getfoundry.sh/reference/forge/forge-lint#unsafe-typecast

warning[block-timestamp]: usage of `block.timestamp` in a comparison may be manipulated by validators
    ╭▸ contracts/src/paymasters/superpaymaster/v3/SuperPaymasterAdmin.sol:317:27
    │
317 │         if (q.eta == 0 || block.timestamp < q.eta) revert GasParamsTimelock();
    │                           ━━━━━━━━━━━━━━━━━━━━━━━
    │
    ╰ help: https://book.getfoundry.sh/reference/forge/forge-lint#block-timestamp

warning[block-timestamp]: usage of `block.timestamp` in a comparison may be manipulated by validators
    ╭▸ contracts/src/paymasters/superpaymaster/v3/SuperPaymasterAdmin.sol:345:20
    │
345 │             return block.timestamp > chainlinkUpdatedAt + CHAINLINK_STALE_THRESHOLD;
    │                    ━━━━━━━━━━━━━━━━━━━━━━━━━━━━━━━━━━━━━━━━━━━━━━━━━━━━━━━━━━━━━━━━
    │
    ╰ help: https://book.getfoundry.sh/reference/forge/forge-lint#block-timestamp

warning[block-timestamp]: usage of `block.timestamp` in a comparison may be manipulated by validators
    ╭▸ contracts/src/paymasters/superpaymaster/v3/SuperPaymasterAdmin.sol:365:42
    │
365 │         if (emergencyActivatedAt != 0 && block.timestamp > emergencyActivatedAt + EMERGENCY_EXPIRY) {
    │                                          ━━━━━━━━━━━━━━━━━━━━━━━━━━━━━━━━━━━━━━━━━━━━━━━━━━━━━━━━━
    │
    ╰ help: https://book.getfoundry.sh/reference/forge/forge-lint#block-timestamp

warning[block-timestamp]: usage of `block.timestamp` in a comparison may be manipulated by validators
    ╭▸ contracts/src/paymasters/superpaymaster/v3/SuperPaymasterAdmin.sol:394:13
    │
394 │         if (block.timestamp < emergencyQueuedAt + EMERGENCY_TIMELOCK) {
    │             ━━━━━━━━━━━━━━━━━━━━━━━━━━━━━━━━━━━━━━━━━━━━━━━━━━━━━━━━
    │
    ╰ help: https://book.getfoundry.sh/reference/forge/forge-lint#block-timestamp

warning[block-timestamp]: usage of `block.timestamp` in a comparison may be manipulated by validators
    ╭▸ contracts/src/paymasters/superpaymaster/v3/SuperPaymasterAdmin.sol:433:13
    │
433 │         if (updatedAt < block.timestamp - 2 hours) revert OracleError(); // Must be recent
    │             ━━━━━━━━━━━━━━━━━━━━━━━━━━━━━━━━━━━━━
    │
    ╰ help: https://book.getfoundry.sh/reference/forge/forge-lint#block-timestamp

warning[block-timestamp]: usage of `block.timestamp` in a comparison may be manipulated by validators
    ╭▸ contracts/src/paymasters/superpaymaster/v3/SuperPaymasterAdmin.sol:435:13
    │
435 │         if (updatedAt > block.timestamp + TIMESTAMP_GRACE_SECONDS) revert OracleError();
    │             ━━━━━━━━━━━━━━━━━━━━━━━━━━━━━━━━━━━━━━━━━━━━━━━━━━━━━
    │
    ╰ help: https://book.getfoundry.sh/reference/forge/forge-lint#block-timestamp

warning[block-timestamp]: usage of `block.timestamp` in a comparison may be manipulated by validators
    ╭▸ contracts/src/paymasters/superpaymaster/v3/SuperPaymasterAdmin.sol:445:39
    │
445 │             if (chainlinkPrice > 0 && block.timestamp - chainlinkUpdatedAt < 2 hours) {
    │                                       ━━━━━━━━━━━━━━━━━━━━━━━━━━━━━━━━━━━━━━━━━━━━━━
    │
    ╰ help: https://book.getfoundry.sh/reference/forge/forge-lint#block-timestamp

warning[unsafe-typecast]: typecasts that can truncate values should be checked
    ╭▸ contracts/src/core/GTokenStaking.sol:510:24
    │
510 │         lock.amount -= uint128(penaltyAmount);
    │                        ━━━━━━━━━━━━━━━━━━━━━━
    │
    ├ note: consider disabling this lint if you're certain the cast is safe
    │       
    │       // casting to 'uint128' is safe because [explain why]
    │       // forge-lint: disable-next-line(unsafe-typecast)
    │       
    │       
    ╰ help: https://book.getfoundry.sh/reference/forge/forge-lint#unsafe-typecast

warning[unsafe-typecast]: typecasts that can truncate values should be checked
    ╭▸ contracts/test/v2/SuperPaymasterV55Gas.t.sol:175:68
    │
175 │         for (uint256 i; i < n; i++) ops[i] = _probeOp(a, i, 0, "", uint128(MIN_POST_OP_GAS));
    │                                                                    ━━━━━━━━━━━━━━━━━━━━━━━━
    │
    ├ note: consider disabling this lint if you're certain the cast is safe
    │       
    │       // casting to 'uint128' is safe because [explain why]
    │       // forge-lint: disable-next-line(unsafe-typecast)
    │       
    │       
    ╰ help: https://book.getfoundry.sh/reference/forge/forge-lint#unsafe-typecast

warning[unsafe-typecast]: typecasts that can truncate values should be checked
    ╭▸ contracts/test/v2/SuperPaymasterV55Gas.t.sol:258:48
    │
258 │         uint256 a = Math.mulDiv(finalCostWei * uint256(price), 1e18, (10 ** uint256(dec)) * sp.aPNTsPriceUSD(), Math.Rounding.Ceil);
    │                                                ━━━━━━━━━━━━━━
    │
    ├ note: consider disabling this lint if you're certain the cast is safe
    │       
    │       // casting to 'uint256' is safe because [explain why]
    │       // forge-lint: disable-next-line(unsafe-typecast)
    │       
    │       
    ╰ help: https://book.getfoundry.sh/reference/forge/forge-lint#unsafe-typecast

warning[unsafe-typecast]: typecasts that can truncate values should be checked
    ╭▸ contracts/test/security/PoC_C01_CreditCeiling.t.sol:144:48
    │
144 │         (, uint256 validationData) = _validate(bytes32("c01"));
    │                                                ━━━━━━━━━━━━━━
    │
    ├ note: consider disabling this lint if you're certain the cast is safe
    │       
    │       // casting to 'bytes32' is safe because [explain why]
    │       // forge-lint: disable-next-line(unsafe-typecast)
    │       
    │       
    ╰ help: https://book.getfoundry.sh/reference/forge/forge-lint#unsafe-typecast

warning[unsafe-typecast]: typecasts that can truncate values should be checked
    ╭▸ contracts/test/security/PoC_C01_CreditCeiling.t.sol:149:18
    │
149 │         assertEq(uint160(validationData), 1, "zero-credit zero-balance user must be rejected");
    │                  ━━━━━━━━━━━━━━━━━━━━━━━
    │
    ├ note: consider disabling this lint if you're certain the cast is safe
    │       
    │       // casting to 'uint160' is safe because [explain why]
    │       // forge-lint: disable-next-line(unsafe-typecast)
    │       
    │       
    ╰ help: https://book.getfoundry.sh/reference/forge/forge-lint#unsafe-typecast

warning[unsafe-typecast]: typecasts that can truncate values should be checked
    ╭▸ contracts/test/security/PoC_C01_CreditCeiling.t.sol:153:45
    │
153 │         (address f,) = paymaster.inflightOf(bytes32("c01"));
    │                                             ━━━━━━━━━━━━━━
    │
    ├ note: consider disabling this lint if you're certain the cast is safe
    │       
    │       // casting to 'bytes32' is safe because [explain why]
    │       // forge-lint: disable-next-line(unsafe-typecast)
    │       
    │       
    ╰ help: https://book.getfoundry.sh/reference/forge/forge-lint#unsafe-typecast

warning[unsafe-typecast]: typecasts that can truncate values should be checked
    ╭▸ contracts/test/security/PoC_C01_CreditCeiling.t.sol:165:48
    │
165 │         (, uint256 validationData) = _validate(bytes32("c01-auto-0"));
    │                                                ━━━━━━━━━━━━━━━━━━━━━
    │
    ├ note: consider disabling this lint if you're certain the cast is safe
    │       
    │       // casting to 'bytes32' is safe because [explain why]
    │       // forge-lint: disable-next-line(unsafe-typecast)
    │       
    │       
    ╰ help: https://book.getfoundry.sh/reference/forge/forge-lint#unsafe-typecast

warning[unsafe-typecast]: typecasts that can truncate values should be checked
    ╭▸ contracts/test/security/PoC_C01_CreditCeiling.t.sol:167:18
    │
167 │         assertEq(uint160(validationData), 1, "AUTO with a zero tier must still reject");
    │                  ━━━━━━━━━━━━━━━━━━━━━━━
    │
    ├ note: consider disabling this lint if you're certain the cast is safe
    │       
    │       // casting to 'uint160' is safe because [explain why]
    │       // forge-lint: disable-next-line(unsafe-typecast)
    │       
    │       
    ╰ help: https://book.getfoundry.sh/reference/forge/forge-lint#unsafe-typecast

warning[unsafe-typecast]: typecasts that can truncate values should be checked
    ╭▸ contracts/test/security/PoC_C01_CreditCeiling.t.sol:180:52
    │
180 │         (bytes memory ctx, uint256 vd) = _validate(bytes32("c01-ok"));
    │                                                    ━━━━━━━━━━━━━━━━━
    │
    ├ note: consider disabling this lint if you're certain the cast is safe
    │       
    │       // casting to 'bytes32' is safe because [explain why]
    │       // forge-lint: disable-next-line(unsafe-typecast)
    │       
    │       
    ╰ help: https://book.getfoundry.sh/reference/forge/forge-lint#unsafe-typecast

warning[unsafe-typecast]: typecasts that can truncate values should be checked
    ╭▸ contracts/test/security/PoC_C01_CreditCeiling.t.sol:181:18
    │
181 │         assertEq(uint160(vd), 0, "within ceiling -> sponsored");
    │                  ━━━━━━━━━━━
    │
    ├ note: consider disabling this lint if you're certain the cast is safe
    │       
    │       // casting to 'uint160' is safe because [explain why]
    │       // forge-lint: disable-next-line(unsafe-typecast)
    │       
    │       
    ╰ help: https://book.getfoundry.sh/reference/forge/forge-lint#unsafe-typecast

warning[unsafe-typecast]: typecasts that can truncate values should be checked
    ╭▸ contracts/test/security/PoC_C01_CreditCeiling.t.sol:187:64
    │
187 │         (address f, uint256 inflightA0) = paymaster.inflightOf(bytes32("c01-ok"));
    │                                                                ━━━━━━━━━━━━━━━━━
    │
    ├ note: consider disabling this lint if you're certain the cast is safe
    │       
    │       // casting to 'bytes32' is safe because [explain why]
    │       // forge-lint: disable-next-line(unsafe-typecast)
    │       
    │       
    ╰ help: https://book.getfoundry.sh/reference/forge/forge-lint#unsafe-typecast

warning[unsafe-typecast]: typecasts that can truncate values should be checked
    ╭▸ contracts/test/security/PoC_C01_CreditCeiling.t.sol:211:18
    │
211 │         assertEq(uint160(vd1), 0, "op1 admitted");
    │                  ━━━━━━━━━━━━
    │
    ├ note: consider disabling this lint if you're certain the cast is safe
    │       
    │       // casting to 'uint160' is safe because [explain why]
    │       // forge-lint: disable-next-line(unsafe-typecast)
    │       
    │       
    ╰ help: https://book.getfoundry.sh/reference/forge/forge-lint#unsafe-typecast

warning[unsafe-typecast]: typecasts that can truncate values should be checked
    ╭▸ contracts/test/security/PoC_C01_CreditCeiling.t.sol:212:18
    │
212 │         assertEq(uint160(vd2), 0, "op2 admitted");
    │                  ━━━━━━━━━━━━
    │
    ├ note: consider disabling this lint if you're certain the cast is safe
    │       
    │       // casting to 'uint160' is safe because [explain why]
    │       // forge-lint: disable-next-line(unsafe-typecast)
    │       
    │       
    ╰ help: https://book.getfoundry.sh/reference/forge/forge-lint#unsafe-typecast

warning[unsafe-typecast]: typecasts that can truncate values should be checked
    ╭▸ contracts/test/security/PoC_C01_CreditCeiling.t.sol:213:18
    │
213 │         assertEq(uint160(vd3), 1, "op3 (k-th) rejected: debts + reserved + a0 > cap");
    │                  ━━━━━━━━━━━━
    │
    ├ note: consider disabling this lint if you're certain the cast is safe
    │       
    │       // casting to 'uint160' is safe because [explain why]
    │       // forge-lint: disable-next-line(unsafe-typecast)
    │       
    │       
    ╰ help: https://book.getfoundry.sh/reference/forge/forge-lint#unsafe-typecast

warning[unsafe-typecast]: typecasts that can truncate values should be checked
    ╭▸ contracts/test/security/PoC_C01_CreditCeiling.t.sol:232:18
    │
232 │         assertEq(uint160(vd1), 0, "op1 admitted");
    │                  ━━━━━━━━━━━━
    │
    ├ note: consider disabling this lint if you're certain the cast is safe
    │       
    │       // casting to 'uint160' is safe because [explain why]
    │       // forge-lint: disable-next-line(unsafe-typecast)
    │       
    │       
    ╰ help: https://book.getfoundry.sh/reference/forge/forge-lint#unsafe-typecast

warning[unsafe-typecast]: typecasts that can truncate values should be checked
    ╭▸ contracts/test/security/PoC_C01_CreditCeiling.t.sol:243:18
    │
243 │         assertEq(uint160(vdLow), 1, "debts + a0 > cap -> rejected");
    │                  ━━━━━━━━━━━━━━
    │
    ├ note: consider disabling this lint if you're certain the cast is safe
    │       
    │       // casting to 'uint160' is safe because [explain why]
    │       // forge-lint: disable-next-line(unsafe-typecast)
    │       
    │       
    ╰ help: https://book.getfoundry.sh/reference/forge/forge-lint#unsafe-typecast

warning[unsafe-typecast]: typecasts that can truncate values should be checked
    ╭▸ contracts/test/security/PoC_C01_CreditCeiling.t.sol:249:18
    │
249 │         assertEq(uint160(vdEq), 0, "debts + a0 == cap -> admitted");
    │                  ━━━━━━━━━━━━━
    │
    ├ note: consider disabling this lint if you're certain the cast is safe
    │       
    │       // casting to 'uint160' is safe because [explain why]
    │       // forge-lint: disable-next-line(unsafe-typecast)
    │       
    │       
    ╰ help: https://book.getfoundry.sh/reference/forge/forge-lint#unsafe-typecast

warning[unsafe-typecast]: typecasts that can truncate values should be checked
    ╭▸ contracts/test/security/PoC_C01_CreditCeiling.t.sol:265:17
    │
265 │             if (uint160(vd) == 0) ctxs[admitted++] = ctx;
    │                 ━━━━━━━━━━━
    │
    ├ note: consider disabling this lint if you're certain the cast is safe
    │       
    │       // casting to 'uint160' is safe because [explain why]
    │       // forge-lint: disable-next-line(unsafe-typecast)
    │       
    │       
    ╰ help: https://book.getfoundry.sh/reference/forge/forge-lint#unsafe-typecast

warning[unsafe-typecast]: typecasts that can truncate values should be checked
    ╭▸ contracts/test/security/PoC_C01_CreditCeiling.t.sol:303:46
    │
303 │ …     uint256 aGas = Math.mulDiv(maxCost * uint256(price), 1e18, (10 ** uint256(dec)) * paymaster.aPNTsPriceUSD(), Math.Rounding.Ceil…
    │                                            ━━━━━━━━━━━━━━
    │
    ├ note: consider disabling this lint if you're certain the cast is safe
    │       
    │       // casting to 'uint256' is safe because [explain why]
    │       // forge-lint: disable-next-line(unsafe-typecast)
    │       
    │       
    ╰ help: https://book.getfoundry.sh/reference/forge/forge-lint#unsafe-typecast

warning[unsafe-typecast]: typecasts that can truncate values should be checked
    ╭▸ contracts/test/security/CC48CoreFixes.t.sol:166:24
    │
166 │         return address(uint160(0xA000 + i));
    │                        ━━━━━━━━━━━━━━━━━━━
    │
    ├ note: consider disabling this lint if you're certain the cast is safe
    │       
    │       // casting to 'uint160' is safe because [explain why]
    │       // forge-lint: disable-next-line(unsafe-typecast)
    │       
    │       
    ╰ help: https://book.getfoundry.sh/reference/forge/forge-lint#unsafe-typecast

warning[block-timestamp]: usage of `block.timestamp` in a comparison may be manipulated by validators
    ╭▸ contracts/src/tokens/xPNTsToken.sol:943:36
    │
943 │         if (rl.windowStart == 0 || block.timestamp >= uint256(rl.windowStart) + 1 days) {
    │                                    ━━━━━━━━━━━━━━━━━━━━━━━━━━━━━━━━━━━━━━━━━━━━━━━━━━━
    │
    ╰ help: https://book.getfoundry.sh/reference/forge/forge-lint#block-timestamp

warning[unsafe-typecast]: typecasts that can truncate values should be checked
    ╭▸ contracts/test/v2/SuperPaymasterV55Adversarial.t.sol:246:56
    │
246 │         op.accountGasLimits = bytes32(abi.encodePacked(uint128(VERIF_GAS), uint128(CALL_GAS)));
    │                                                        ━━━━━━━━━━━━━━━━━━
    │
    ├ note: consider disabling this lint if you're certain the cast is safe
    │       
    │       // casting to 'uint128' is safe because [explain why]
    │       // forge-lint: disable-next-line(unsafe-typecast)
    │       
    │       
    ╰ help: https://book.getfoundry.sh/reference/forge/forge-lint#unsafe-typecast

warning[unsafe-typecast]: typecasts that can truncate values should be checked
    ╭▸ contracts/test/v2/SuperPaymasterV55Adversarial.t.sol:246:76
    │
246 │         op.accountGasLimits = bytes32(abi.encodePacked(uint128(VERIF_GAS), uint128(CALL_GAS)));
    │                                                                            ━━━━━━━━━━━━━━━━━
    │
    ├ note: consider disabling this lint if you're certain the cast is safe
    │       
    │       // casting to 'uint128' is safe because [explain why]
    │       // forge-lint: disable-next-line(unsafe-typecast)
    │       
    │       
    ╰ help: https://book.getfoundry.sh/reference/forge/forge-lint#unsafe-typecast

warning[block-timestamp]: usage of `block.timestamp` in a comparison may be manipulated by validators
    ╭▸ contracts/src/paymasters/superpaymaster/v3/SuperPaymasterAdmin.sol:482:17
    │
482 │             if (updatedAt < block.timestamp - priceStalenessThreshold) revert OracleError();
    │                 ━━━━━━━━━━━━━━━━━━━━━━━━━━━━━━━━━━━━━━━━━━━━━━━━━━━━━
    │
    ╰ help: https://book.getfoundry.sh/reference/forge/forge-lint#block-timestamp

warning[block-timestamp]: usage of `block.timestamp` in a comparison may be manipulated by validators
    ╭▸ contracts/src/paymasters/superpaymaster/v3/SuperPaymasterAdmin.sol:536:45
    │
536 │         if (msg.sender == BLS_AGGREGATOR && uint48(block.timestamp) < _blsCooldownEnd(operator)) revert SlashCooldown();
    │                                             ━━━━━━━━━━━━━━━━━━━━━━━━━━━━━━━━━━━━━━━━━━━━━━━━━━━
    │
    ╰ help: https://book.getfoundry.sh/reference/forge/forge-lint#block-timestamp

warning[block-timestamp]: usage of `block.timestamp` in a comparison may be manipulated by validators
    ╭▸ contracts/src/paymasters/superpaymaster/v3/SuperPaymasterAdmin.sol:570:13
    │
570 │         if (uint48(block.timestamp) < _slashCd[operator]) revert SlashCooldown();
    │             ━━━━━━━━━━━━━━━━━━━━━━━━━━━━━━━━━━━━━━━━━━━━
    │
    ╰ help: https://book.getfoundry.sh/reference/forge/forge-lint#block-timestamp

warning[block-timestamp]: usage of `block.timestamp` in a comparison may be manipulated by validators
    ╭▸ contracts/src/paymasters/superpaymaster/v3/SuperPaymasterAdmin.sol:589:13
    │
589 │         if (uint48(block.timestamp) < _blsCooldownEnd(operator)) revert SlashCooldown();
    │             ━━━━━━━━━━━━━━━━━━━━━━━━━━━━━━━━━━━━━━━━━━━━━━━━━━━
    │
    ╰ help: https://book.getfoundry.sh/reference/forge/forge-lint#block-timestamp

warning[block-timestamp]: usage of `block.timestamp` in a comparison may be manipulated by validators
     ╭▸ contracts/src/tokens/xPNTsToken.sol:1134:43
     │
1134 │         if (exchangeRateUpdatedAt != 0 && block.timestamp < exchangeRateUpdatedAt + EXCHANGE_RATE_COOLDOWN) {
     │                                           ━━━━━━━━━━━━━━━━━━━━━━━━━━━━━━━━━━━━━━━━━━━━━━━━━━━━━━━━━━━━━━━━
     │
     ╰ help: https://book.getfoundry.sh/reference/forge/forge-lint#block-timestamp

warning[unsafe-typecast]: typecasts that can truncate values should be checked
   ╭▸ contracts/test/security/CC48CreditScheduleControls.t.sol:78:24
   │
78 │         return address(uint160(0xC000 + i));
   │                        ━━━━━━━━━━━━━━━━━━━
   │
   ├ note: consider disabling this lint if you're certain the cast is safe
   │       
   │       // casting to 'uint160' is safe because [explain why]
   │       // forge-lint: disable-next-line(unsafe-typecast)
   │       
   │       
   ╰ help: https://book.getfoundry.sh/reference/forge/forge-lint#unsafe-typecast

warning[unsafe-typecast]: typecasts that can truncate values should be checked
     ╭▸ contracts/test/security/CC48CoreFixes.t.sol:1087:35
     │
1087 │                 err.length < 4 || bytes4(err) != BLSAggregator.VerifierIsDelegatedEoa.selector,
     │                                   ━━━━━━━━━━━
     │
     ├ note: consider disabling this lint if you're certain the cast is safe
     │       
     │       // casting to 'bytes4' is safe because [explain why]
     │       // forge-lint: disable-next-line(unsafe-typecast)
     │       
     │       
     ╰ help: https://book.getfoundry.sh/reference/forge/forge-lint#unsafe-typecast

warning[block-timestamp]: usage of `block.timestamp` in a comparison may be manipulated by validators
    ╭▸ contracts/src/paymasters/superpaymaster/v3/SuperPaymasterAdmin.sol:674:13
    │
674 │         if (uint48(block.timestamp) < pendingBLSAggEta) revert InvalidConfiguration();
    │             ━━━━━━━━━━━━━━━━━━━━━━━━━━━━━━━━━━━━━━━━━━
    │
    ╰ help: https://book.getfoundry.sh/reference/forge/forge-lint#block-timestamp

warning[block-timestamp]: usage of `block.timestamp` in a comparison may be manipulated by validators
    ╭▸ contracts/src/core/Registry.sol:409:21
    │
409 │                 if (block.timestamp < lockedAt + lockDuration) revert LockNotMet();
    │                     ━━━━━━━━━━━━━━━━━━━━━━━━━━━━━━━━━━━━━━━━━
    │
    ╰ help: https://book.getfoundry.sh/reference/forge/forge-lint#block-timestamp

warning[unsafe-typecast]: typecasts that can truncate values should be checked
    ╭▸ contracts/src/tokens/xPNTsToken.sol:878:37
    │
878 │         return score >= 100 ? 100 : uint8(score);
    │                                     ━━━━━━━━━━━━
    │
    ├ note: consider disabling this lint if you're certain the cast is safe
    │       
    │       // casting to 'uint8' is safe because [explain why]
    │       // forge-lint: disable-next-line(unsafe-typecast)
    │       
    │       
    ╰ help: https://book.getfoundry.sh/reference/forge/forge-lint#unsafe-typecast

warning[unsafe-typecast]: typecasts that can truncate values should be checked
    ╭▸ contracts/src/tokens/xPNTsToken.sol:964:29
    │
964 │         rl.dailyBurnTotal = uint128(newTotal);
    │                             ━━━━━━━━━━━━━━━━━
    │
    ├ note: consider disabling this lint if you're certain the cast is safe
    │       
    │       // casting to 'uint128' is safe because [explain why]
    │       // forge-lint: disable-next-line(unsafe-typecast)
    │       
    │       
    ╰ help: https://book.getfoundry.sh/reference/forge/forge-lint#unsafe-typecast

warning[unsafe-typecast]: typecasts that can truncate values should be checked
    ╭▸ contracts/src/paymasters/superpaymaster/v3/SuperPaymasterAdmin.sol:294:23
    │
294 │         p = GasParams(uint32(r), uint32(r >> 32), uint32(r >> 64), uint32(r >> 96));
    │                       ━━━━━━━━━
    │
    ├ note: consider disabling this lint if you're certain the cast is safe
    │       
    │       // casting to 'uint32' is safe because [explain why]
    │       // forge-lint: disable-next-line(unsafe-typecast)
    │       
    │       
    ╰ help: https://book.getfoundry.sh/reference/forge/forge-lint#unsafe-typecast

warning[unsafe-typecast]: typecasts that can truncate values should be checked
    ╭▸ contracts/src/paymasters/superpaymaster/v3/SuperPaymasterAdmin.sol:294:34
    │
294 │         p = GasParams(uint32(r), uint32(r >> 32), uint32(r >> 64), uint32(r >> 96));
    │                                  ━━━━━━━━━━━━━━━
    │
    ├ note: consider disabling this lint if you're certain the cast is safe
    │       
    │       // casting to 'uint32' is safe because [explain why]
    │       // forge-lint: disable-next-line(unsafe-typecast)
    │       
    │       
    ╰ help: https://book.getfoundry.sh/reference/forge/forge-lint#unsafe-typecast

warning[unsafe-typecast]: typecasts that can truncate values should be checked
    ╭▸ contracts/src/paymasters/superpaymaster/v3/SuperPaymasterAdmin.sol:294:51
    │
294 │         p = GasParams(uint32(r), uint32(r >> 32), uint32(r >> 64), uint32(r >> 96));
    │                                                   ━━━━━━━━━━━━━━━
    │
    ├ note: consider disabling this lint if you're certain the cast is safe
    │       
    │       // casting to 'uint32' is safe because [explain why]
    │       // forge-lint: disable-next-line(unsafe-typecast)
    │       
    │       
    ╰ help: https://book.getfoundry.sh/reference/forge/forge-lint#unsafe-typecast

warning[unsafe-typecast]: typecasts that can truncate values should be checked
    ╭▸ contracts/src/paymasters/superpaymaster/v3/SuperPaymasterAdmin.sol:294:68
    │
294 │         p = GasParams(uint32(r), uint32(r >> 32), uint32(r >> 64), uint32(r >> 96));
    │                                                                    ━━━━━━━━━━━━━━━
    │
    ├ note: consider disabling this lint if you're certain the cast is safe
    │       
    │       // casting to 'uint32' is safe because [explain why]
    │       // forge-lint: disable-next-line(unsafe-typecast)
    │       
    │       
    ╰ help: https://book.getfoundry.sh/reference/forge/forge-lint#unsafe-typecast

warning[unsafe-typecast]: typecasts that can truncate values should be checked
    ╭▸ contracts/src/paymasters/superpaymaster/v3/SuperPaymasterAdmin.sol:307:22
    │
307 │         uint64 eta = uint64(block.timestamp + GP_TIMELOCK);
    │                      ━━━━━━━━━━━━━━━━━━━━━━━━━━━━━━━━━━━━━
    │
    ├ note: consider disabling this lint if you're certain the cast is safe
    │       
    │       // casting to 'uint64' is safe because [explain why]
    │       // forge-lint: disable-next-line(unsafe-typecast)
    │       
    │       
    ╰ help: https://book.getfoundry.sh/reference/forge/forge-lint#unsafe-typecast

warning[unsafe-typecast]: typecasts that can truncate values should be checked
    ╭▸ contracts/src/paymasters/superpaymaster/v3/SuperPaymasterAdmin.sol:356:16
    │
356 │         return uint48(cachedPrice.updatedAt + priceStalenessThreshold);
    │                ━━━━━━━━━━━━━━━━━━━━━━━━━━━━━━━━━━━━━━━━━━━━━━━━━━━━━━━
    │
    ├ note: consider disabling this lint if you're certain the cast is safe
    │       
    │       // casting to 'uint48' is safe because [explain why]
    │       // forge-lint: disable-next-line(unsafe-typecast)
    │       
    │       
    ╰ help: https://book.getfoundry.sh/reference/forge/forge-lint#unsafe-typecast

warning[unsafe-typecast]: typecasts that can truncate values should be checked
    ╭▸ contracts/src/paymasters/superpaymaster/v3/SuperPaymasterAdmin.sol:372:31
    │
372 │ …     int256 lower = (ref * int256(int256(uint256(BPS_DENOMINATOR - EMERGENCY_PRICE_DEVIATION_BPS)))) / int256(uint256(BPS_DENOMINATO…
    │                             ━━━━━━━━━━━━━━━━━━━━━━━━━━━━━━━━━━━━━━━━━━━━━━━━━━━━━━━━━━━━━━━━━━━━━━━━
    │
    ├ note: consider disabling this lint if you're certain the cast is safe
    │       
    │       // casting to 'int256' is safe because [explain why]
    │       // forge-lint: disable-next-line(unsafe-typecast)
    │       
    │       
    ╰ help: https://book.getfoundry.sh/reference/forge/forge-lint#unsafe-typecast

warning[unsafe-typecast]: typecasts that can truncate values should be checked
    ╭▸ contracts/src/paymasters/superpaymaster/v3/SuperPaymasterAdmin.sol:372:38
    │
372 │ …     int256 lower = (ref * int256(int256(uint256(BPS_DENOMINATOR - EMERGENCY_PRICE_DEVIATION_BPS)))) / int256(uint256(BPS_DENOMINATO…
    │                                    ━━━━━━━━━━━━━━━━━━━━━━━━━━━━━━━━━━━━━━━━━━━━━━━━━━━━━━━━━━━━━━━━
    │
    ├ note: consider disabling this lint if you're certain the cast is safe
    │       
    │       // casting to 'int256' is safe because [explain why]
    │       // forge-lint: disable-next-line(unsafe-typecast)
    │       
    │       
    ╰ help: https://book.getfoundry.sh/reference/forge/forge-lint#unsafe-typecast

warning[unsafe-typecast]: typecasts that can truncate values should be checked
    ╭▸ contracts/test/v2/SuperPaymasterV55Gas.t.sol:287:24
    │
287 │         _spCase(0, "", uint128(MIN_POST_OP_GAS));
    │                        ━━━━━━━━━━━━━━━━━━━━━━━━
    │
    ├ note: consider disabling this lint if you're certain the cast is safe
    │       
    │       // casting to 'uint128' is safe because [explain why]
    │       // forge-lint: disable-next-line(unsafe-typecast)
    │       
    │       
    ╰ help: https://book.getfoundry.sh/reference/forge/forge-lint#unsafe-typecast

warning[unsafe-typecast]: typecasts that can truncate values should be checked
    ╭▸ contracts/test/v2/SuperPaymasterV55Gas.t.sol:297:13
    │
297 │             uint128(MIN_POST_OP_GAS));
    │             ━━━━━━━━━━━━━━━━━━━━━━━━
    │
    ├ note: consider disabling this lint if you're certain the cast is safe
    │       
    │       // casting to 'uint128' is safe because [explain why]
    │       // forge-lint: disable-next-line(unsafe-typecast)
    │       
    │       
    ╰ help: https://book.getfoundry.sh/reference/forge/forge-lint#unsafe-typecast

warning[unsafe-typecast]: typecasts that can truncate values should be checked
    ╭▸ contracts/test/invariant/SuperPaymasterFundConservation.invariant.t.sol:123:39
    │
123 │             _registerOperator(address(uint160(0x1000 + i)));
    │                                       ━━━━━━━━━━━━━━━━━━━
    │
    ├ note: consider disabling this lint if you're certain the cast is safe
    │       
    │       // casting to 'uint160' is safe because [explain why]
    │       // forge-lint: disable-next-line(unsafe-typecast)
    │       
    │       
    ╰ help: https://book.getfoundry.sh/reference/forge/forge-lint#unsafe-typecast

warning[unsafe-typecast]: typecasts that can truncate values should be checked
    ╭▸ contracts/test/invariant/SuperPaymasterFundConservation.invariant.t.sol:185:33
    │
185 │         _setOperatorBalance(op, uint128(uint256(bal) - amount));
    │                                 ━━━━━━━━━━━━━━━━━━━━━━━━━━━━━━
    │
    ├ note: consider disabling this lint if you're certain the cast is safe
    │       
    │       // casting to 'uint128' is safe because [explain why]
    │       // forge-lint: disable-next-line(unsafe-typecast)
    │       
    │       
    ╰ help: https://book.getfoundry.sh/reference/forge/forge-lint#unsafe-typecast

warning[unsafe-typecast]: typecasts that can truncate values should be checked
    ╭▸ contracts/test/security/PoC_C04_ForcedPostOpOOG.t.sol:336:56
    │
336 │         op.accountGasLimits = bytes32(abi.encodePacked(uint128(ACCOUNT_VERIFICATION_GAS), uint128(CALL_GAS_LIMIT)));
    │                                                        ━━━━━━━━━━━━━━━━━━━━━━━━━━━━━━━━━
    │
    ├ note: consider disabling this lint if you're certain the cast is safe
    │       
    │       // casting to 'uint128' is safe because [explain why]
    │       // forge-lint: disable-next-line(unsafe-typecast)
    │       
    │       
    ╰ help: https://book.getfoundry.sh/reference/forge/forge-lint#unsafe-typecast

warning[unsafe-typecast]: typecasts that can truncate values should be checked
    ╭▸ contracts/test/security/PoC_C04_ForcedPostOpOOG.t.sol:336:91
    │
336 │         op.accountGasLimits = bytes32(abi.encodePacked(uint128(ACCOUNT_VERIFICATION_GAS), uint128(CALL_GAS_LIMIT)));
    │                                                                                           ━━━━━━━━━━━━━━━━━━━━━━━
    │
    ├ note: consider disabling this lint if you're certain the cast is safe
    │       
    │       // casting to 'uint128' is safe because [explain why]
    │       // forge-lint: disable-next-line(unsafe-typecast)
    │       
    │       
    ╰ help: https://book.getfoundry.sh/reference/forge/forge-lint#unsafe-typecast

warning[unsafe-typecast]: typecasts that can truncate values should be checked
    ╭▸ contracts/src/paymasters/superpaymaster/v3/SuperPaymasterAdmin.sol:372:107
    │
372 │ …DENOMINATOR - EMERGENCY_PRICE_DEVIATION_BPS)))) / int256(uint256(BPS_DENOMINATOR));
    │                                                    ━━━━━━━━━━━━━━━━━━━━━━━━━━━━━━━━
    │
    ├ note: consider disabling this lint if you're certain the cast is safe
    │       
    │       // casting to 'int256' is safe because [explain why]
    │       // forge-lint: disable-next-line(unsafe-typecast)
    │       
    │       
    ╰ help: https://book.getfoundry.sh/reference/forge/forge-lint#unsafe-typecast

warning[unsafe-typecast]: typecasts that can truncate values should be checked
    ╭▸ contracts/src/paymasters/superpaymaster/v3/SuperPaymasterAdmin.sol:373:31
    │
373 │ …     int256 upper = (ref * int256(int256(uint256(BPS_DENOMINATOR + EMERGENCY_PRICE_DEVIATION_BPS)))) / int256(uint256(BPS_DENOMINATO…
    │                             ━━━━━━━━━━━━━━━━━━━━━━━━━━━━━━━━━━━━━━━━━━━━━━━━━━━━━━━━━━━━━━━━━━━━━━━━
    │
    ├ note: consider disabling this lint if you're certain the cast is safe
    │       
    │       // casting to 'int256' is safe because [explain why]
    │       // forge-lint: disable-next-line(unsafe-typecast)
    │       
    │       
    ╰ help: https://book.getfoundry.sh/reference/forge/forge-lint#unsafe-typecast

warning[unsafe-typecast]: typecasts that can truncate values should be checked
    ╭▸ contracts/src/paymasters/superpaymaster/v3/SuperPaymasterAdmin.sol:373:38
    │
373 │ …     int256 upper = (ref * int256(int256(uint256(BPS_DENOMINATOR + EMERGENCY_PRICE_DEVIATION_BPS)))) / int256(uint256(BPS_DENOMINATO…
    │                                    ━━━━━━━━━━━━━━━━━━━━━━━━━━━━━━━━━━━━━━━━━━━━━━━━━━━━━━━━━━━━━━━━
    │
    ├ note: consider disabling this lint if you're certain the cast is safe
    │       
    │       // casting to 'int256' is safe because [explain why]
    │       // forge-lint: disable-next-line(unsafe-typecast)
    │       
    │       
    ╰ help: https://book.getfoundry.sh/reference/forge/forge-lint#unsafe-typecast

warning[unsafe-typecast]: typecasts that can truncate values should be checked
    ╭▸ contracts/src/paymasters/superpaymaster/v3/SuperPaymasterAdmin.sol:373:107
    │
373 │ …DENOMINATOR + EMERGENCY_PRICE_DEVIATION_BPS)))) / int256(uint256(BPS_DENOMINATOR));
    │                                                    ━━━━━━━━━━━━━━━━━━━━━━━━━━━━━━━━
    │
    ├ note: consider disabling this lint if you're certain the cast is safe
    │       
    │       // casting to 'int256' is safe because [explain why]
    │       // forge-lint: disable-next-line(unsafe-typecast)
    │       
    │       
    ╰ help: https://book.getfoundry.sh/reference/forge/forge-lint#unsafe-typecast

warning[block-timestamp]: usage of `block.timestamp` in a comparison may be manipulated by validators
    ╭▸ contracts/src/core/PolicyRegistry.sol:127:13
    │
127 │         if (block.timestamp >= uint256(c.windowStart) + w) return 0;
    │             ━━━━━━━━━━━━━━━━━━━━━━━━━━━━━━━━━━━━━━━━━━━━━
    │
    ╰ help: https://book.getfoundry.sh/reference/forge/forge-lint#block-timestamp

warning[block-timestamp]: usage of `block.timestamp` in a comparison may be manipulated by validators
    ╭▸ contracts/src/tokens/v2/xPNTsTokenV2.sol:169:36
    │
169 │         if (rl.windowStart == 0 || block.timestamp >= uint256(rl.windowStart) + 1 days) {
    │                                    ━━━━━━━━━━━━━━━━━━━━━━━━━━━━━━━━━━━━━━━━━━━━━━━━━━━
    │
    ╰ help: https://book.getfoundry.sh/reference/forge/forge-lint#block-timestamp

warning[unsafe-typecast]: typecasts that can truncate values should be checked
    ╭▸ contracts/test/security/PoC_C04_ForcedPostOpOOG.t.sol:341:13
    │
341 │             uint128(PM_VERIFICATION_GAS),
    │             ━━━━━━━━━━━━━━━━━━━━━━━━━━━━
    │
    ├ note: consider disabling this lint if you're certain the cast is safe
    │       
    │       // casting to 'uint128' is safe because [explain why]
    │       // forge-lint: disable-next-line(unsafe-typecast)
    │       
    │       
    ╰ help: https://book.getfoundry.sh/reference/forge/forge-lint#unsafe-typecast

warning[unsafe-typecast]: typecasts that can truncate values should be checked
    ╭▸ contracts/test/security/PoC_C04_ForcedPostOpOOG.t.sol:342:13
    │
342 │             uint128(postOpGasLimit),
    │             ━━━━━━━━━━━━━━━━━━━━━━━
    │
    ├ note: consider disabling this lint if you're certain the cast is safe
    │       
    │       // casting to 'uint128' is safe because [explain why]
    │       // forge-lint: disable-next-line(unsafe-typecast)
    │       
    │       
    ╰ help: https://book.getfoundry.sh/reference/forge/forge-lint#unsafe-typecast

warning[unsafe-typecast]: typecasts that can truncate values should be checked
    ╭▸ contracts/test/v2/SuperPaymasterV55Adversarial.t.sol:248:47
    │
248 │         op.gasFees = bytes32(abi.encodePacked(uint128(maxFee), uint128(maxFee)));
    │                                               ━━━━━━━━━━━━━━━
    │
    ├ note: consider disabling this lint if you're certain the cast is safe
    │       
    │       // casting to 'uint128' is safe because [explain why]
    │       // forge-lint: disable-next-line(unsafe-typecast)
    │       
    │       
    ╰ help: https://book.getfoundry.sh/reference/forge/forge-lint#unsafe-typecast

warning[unsafe-typecast]: typecasts that can truncate values should be checked
    ╭▸ contracts/test/v2/SuperPaymasterV55Adversarial.t.sol:248:64
    │
248 │         op.gasFees = bytes32(abi.encodePacked(uint128(maxFee), uint128(maxFee)));
    │                                                                ━━━━━━━━━━━━━━━
    │
    ├ note: consider disabling this lint if you're certain the cast is safe
    │       
    │       // casting to 'uint128' is safe because [explain why]
    │       // forge-lint: disable-next-line(unsafe-typecast)
    │       
    │       
    ╰ help: https://book.getfoundry.sh/reference/forge/forge-lint#unsafe-typecast

warning[block-timestamp]: usage of `block.timestamp` in a comparison may be manipulated by validators
    ╭▸ contracts/test/security/PoC_C03_RecipientRedirect.t.sol:109:17
    │
109 │         require(block.timestamp > validAfter, "authorization not yet valid");
    │                 ━━━━━━━━━━━━━━━━━━━━━━━━━━━━
    │
    ╰ help: https://book.getfoundry.sh/reference/forge/forge-lint#block-timestamp

warning[block-timestamp]: usage of `block.timestamp` in a comparison may be manipulated by validators
    ╭▸ contracts/test/security/PoC_C03_RecipientRedirect.t.sol:110:17
    │
110 │         require(block.timestamp < validBefore, "authorization expired");
    │                 ━━━━━━━━━━━━━━━━━━━━━━━━━━━━━
    │
    ╰ help: https://book.getfoundry.sh/reference/forge/forge-lint#block-timestamp

warning[block-timestamp]: usage of `block.timestamp` in a comparison may be manipulated by validators
    ╭▸ contracts/test/security/PoC_C03_RecipientRedirect.t.sol:131:17
    │
131 │         require(block.timestamp > validAfter, "authorization not yet valid");
    │                 ━━━━━━━━━━━━━━━━━━━━━━━━━━━━
    │
    ╰ help: https://book.getfoundry.sh/reference/forge/forge-lint#block-timestamp

warning[block-timestamp]: usage of `block.timestamp` in a comparison may be manipulated by validators
    ╭▸ contracts/test/security/PoC_C03_RecipientRedirect.t.sol:132:17
    │
132 │         require(block.timestamp < validBefore, "authorization expired");
    │                 ━━━━━━━━━━━━━━━━━━━━━━━━━━━━━
    │
    ╰ help: https://book.getfoundry.sh/reference/forge/forge-lint#block-timestamp

warning[unsafe-typecast]: typecasts that can truncate values should be checked
    ╭▸ contracts/src/paymasters/superpaymaster/v3/SuperPaymasterAdmin.sol:579:42
    │
579 │         operators[operator].reputation = uint32(newScore);
    │                                          ━━━━━━━━━━━━━━━━
    │
    ├ note: consider disabling this lint if you're certain the cast is safe
    │       
    │       // casting to 'uint32' is safe because [explain why]
    │       // forge-lint: disable-next-line(unsafe-typecast)
    │       
    │       
    ╰ help: https://book.getfoundry.sh/reference/forge/forge-lint#unsafe-typecast

warning[unsafe-typecast]: typecasts that can truncate values should be checked
    ╭▸ contracts/src/paymasters/superpaymaster/v3/SuperPaymasterAdmin.sol:619:70
    │
619 │         if (config.reputation > reputationLoss) config.reputation -= uint32(reputationLoss);
    │                                                                      ━━━━━━━━━━━━━━━━━━━━━━
    │
    ├ note: consider disabling this lint if you're certain the cast is safe
    │       
    │       // casting to 'uint32' is safe because [explain why]
    │       // forge-lint: disable-next-line(unsafe-typecast)
    │       
    │       
    ╰ help: https://book.getfoundry.sh/reference/forge/forge-lint#unsafe-typecast

warning[unsafe-typecast]: typecasts that can truncate values should be checked
    ╭▸ contracts/src/paymasters/superpaymaster/v3/SuperPaymasterAdmin.sol:633:40
    │
633 │                 config.aPNTsBalance -= uint128(penaltyAmount);
    │                                        ━━━━━━━━━━━━━━━━━━━━━━
    │
    ├ note: consider disabling this lint if you're certain the cast is safe
    │       
    │       // casting to 'uint128' is safe because [explain why]
    │       // forge-lint: disable-next-line(unsafe-typecast)
    │       
    │       
    ╰ help: https://book.getfoundry.sh/reference/forge/forge-lint#unsafe-typecast

warning[unsafe-typecast]: typecasts that can truncate values should be checked
    ╭▸ contracts/test/v2/SuperPaymasterV55PostOpBound.t.sol:166:74
    │
166 │         op.accountGasLimits = bytes32(abi.encodePacked(uint128(400_000), uint128(CALL_GAS)));
    │                                                                          ━━━━━━━━━━━━━━━━━
    │
    ├ note: consider disabling this lint if you're certain the cast is safe
    │       
    │       // casting to 'uint128' is safe because [explain why]
    │       // forge-lint: disable-next-line(unsafe-typecast)
    │       
    │       
    ╰ help: https://book.getfoundry.sh/reference/forge/forge-lint#unsafe-typecast

warning[unsafe-typecast]: typecasts that can truncate values should be checked
    ╭▸ contracts/test/v2/SuperPaymasterV55PostOpBound.t.sol:170:44
    │
170 │             address(sp), uint128(700_000), uint128(MIN_POST_OP_GAS), operator, type(uint256).max, address(token), uint8(0)
    │                                            ━━━━━━━━━━━━━━━━━━━━━━━━
    │
    ├ note: consider disabling this lint if you're certain the cast is safe
    │       
    │       // casting to 'uint128' is safe because [explain why]
    │       // forge-lint: disable-next-line(unsafe-typecast)
    │       
    │       
    ╰ help: https://book.getfoundry.sh/reference/forge/forge-lint#unsafe-typecast

warning[unsafe-typecast]: typecasts that can truncate values should be checked
    ╭▸ contracts/test/v2/SuperPaymasterV55Adversarial.t.sol:250:26
    │
250 │             address(sp), uint128(PM_VERIF_GAS), uint128(postOpGas), operator, maxRate, tok, flags
    │                          ━━━━━━━━━━━━━━━━━━━━━
    │
    ├ note: consider disabling this lint if you're certain the cast is safe
    │       
    │       // casting to 'uint128' is safe because [explain why]
    │       // forge-lint: disable-next-line(unsafe-typecast)
    │       
    │       
    ╰ help: https://book.getfoundry.sh/reference/forge/forge-lint#unsafe-typecast

warning[unsafe-typecast]: typecasts that can truncate values should be checked
    ╭▸ contracts/test/v2/SuperPaymasterV55Adversarial.t.sol:250:49
    │
250 │             address(sp), uint128(PM_VERIF_GAS), uint128(postOpGas), operator, maxRate, tok, flags
    │                                                 ━━━━━━━━━━━━━━━━━━
    │
    ├ note: consider disabling this lint if you're certain the cast is safe
    │       
    │       // casting to 'uint128' is safe because [explain why]
    │       // forge-lint: disable-next-line(unsafe-typecast)
    │       
    │       
    ╰ help: https://book.getfoundry.sh/reference/forge/forge-lint#unsafe-typecast

warning[block-timestamp]: usage of `block.timestamp` in a comparison may be manipulated by validators
    ╭▸ contracts/src/paymasters/superpaymaster/v3/MicroPaymentChannel.sol:365:13
    │
365 │         if (block.timestamp <= uint256(ch.closeRequestedAt) + closeTimeout) {
    │             ━━━━━━━━━━━━━━━━━━━━━━━━━━━━━━━━━━━━━━━━━━━━━━━━━━━━━━━━━━━━━━
    │
    ╰ help: https://book.getfoundry.sh/reference/forge/forge-lint#block-timestamp

warning[erc20-unchecked-transfer]: ERC20 'transfer' and 'transferFrom' calls should check the return value
   ╭▸ contracts/test/v3/xPNTsEmergency.t.sol:51:9
   │
51 │         token.transferFrom(user, paymaster, 100 ether);
   │         ━━━━━━━━━━━━━━━━━━━━━━━━━━━━━━━━━━━━━━━━━━━━━━
   │
   ╰ help: https://book.getfoundry.sh/reference/forge/forge-lint#erc20-unchecked-transfer

warning[unsafe-typecast]: typecasts that can truncate values should be checked
    ╭▸ contracts/test/invariant/SuperPaymasterFundConservation.invariant.t.sol:197:33
    │
197 │         _setOperatorBalance(op, uint128(uint256(bal) + amount));
    │                                 ━━━━━━━━━━━━━━━━━━━━━━━━━━━━━━
    │
    ├ note: consider disabling this lint if you're certain the cast is safe
    │       
    │       // casting to 'uint128' is safe because [explain why]
    │       // forge-lint: disable-next-line(unsafe-typecast)
    │       
    │       
    ╰ help: https://book.getfoundry.sh/reference/forge/forge-lint#unsafe-typecast

warning[unsafe-typecast]: typecasts that can truncate values should be checked
    ╭▸ contracts/test/v2/SuperPaymasterV55PostOpBound.t.sol:299:38
    │
299 │         uint128[3] memory postGas = [uint128(MIN_POST_OP_GAS), 1_000_000, uint128(MIN_POST_OP_GAS)];
    │                                      ━━━━━━━━━━━━━━━━━━━━━━━━
    │
    ├ note: consider disabling this lint if you're certain the cast is safe
    │       
    │       // casting to 'uint128' is safe because [explain why]
    │       // forge-lint: disable-next-line(unsafe-typecast)
    │       
    │       
    ╰ help: https://book.getfoundry.sh/reference/forge/forge-lint#unsafe-typecast

warning[unsafe-typecast]: typecasts that can truncate values should be checked
   ╭▸ contracts/test/security/CC48GovernanceOwnerGate.t.sol:71:22
   │
71 │         bytes4 sel = bytes4(data);
   │                      ━━━━━━━━━━━━
   │
   ├ note: consider disabling this lint if you're certain the cast is safe
   │       
   │       // casting to 'bytes4' is safe because [explain why]
   │       // forge-lint: disable-next-line(unsafe-typecast)
   │       
   │       
   ╰ help: https://book.getfoundry.sh/reference/forge/forge-lint#unsafe-typecast

warning[unsafe-typecast]: typecasts that can truncate values should be checked
    ╭▸ contracts/src/tokens/v2/xPNTsTokenV2.sol:161:39
    │
161 │         _auto[spender][owner].used += uint128(a);
    │                                       ━━━━━━━━━━
    │
    ├ note: consider disabling this lint if you're certain the cast is safe
    │       
    │       // casting to 'uint128' is safe because [explain why]
    │       // forge-lint: disable-next-line(unsafe-typecast)
    │       
    │       
    ╰ help: https://book.getfoundry.sh/reference/forge/forge-lint#unsafe-typecast

warning[unsafe-typecast]: typecasts that can truncate values should be checked
    ╭▸ contracts/src/tokens/v2/xPNTsTokenV2.sol:162:32
    │
162 │         _budget[owner].used += uint128(a);
    │                                ━━━━━━━━━━
    │
    ├ note: consider disabling this lint if you're certain the cast is safe
    │       
    │       // casting to 'uint128' is safe because [explain why]
    │       // forge-lint: disable-next-line(unsafe-typecast)
    │       
    │       
    ╰ help: https://book.getfoundry.sh/reference/forge/forge-lint#unsafe-typecast

warning[unsafe-typecast]: typecasts that can truncate values should be checked
    ╭▸ contracts/src/tokens/v2/xPNTsTokenV2.sol:180:29
    │
180 │         rl.dailyBurnTotal = uint128(newTotal);
    │                             ━━━━━━━━━━━━━━━━━
    │
    ├ note: consider disabling this lint if you're certain the cast is safe
    │       
    │       // casting to 'uint128' is safe because [explain why]
    │       // forge-lint: disable-next-line(unsafe-typecast)
    │       
    │       
    ╰ help: https://book.getfoundry.sh/reference/forge/forge-lint#unsafe-typecast

warning[block-timestamp]: usage of `block.timestamp` in a comparison may be manipulated by validators
    ╭▸ contracts/src/core/PolicyRegistry.sol:231:13
    │
231 │         if (block.timestamp >= uint256(c.windowStart) + w) {
    │             ━━━━━━━━━━━━━━━━━━━━━━━━━━━━━━━━━━━━━━━━━━━━━
    │
    ╰ help: https://book.getfoundry.sh/reference/forge/forge-lint#block-timestamp

warning[unsafe-typecast]: typecasts that can truncate values should be checked
    ╭▸ contracts/test/v2/SuperPaymasterV55Adversarial.t.sol:680:38
    │
680 │                 if (e.length >= 4 && bytes4(e) == SuperPaymasterStorage.PostOpGasTooLow.selector) guard++;
    │                                      ━━━━━━━━━
    │
    ├ note: consider disabling this lint if you're certain the cast is safe
    │       
    │       // casting to 'bytes4' is safe because [explain why]
    │       // forge-lint: disable-next-line(unsafe-typecast)
    │       
    │       
    ╰ help: https://book.getfoundry.sh/reference/forge/forge-lint#unsafe-typecast

warning[unsafe-typecast]: typecasts that can truncate values should be checked
    ╭▸ contracts/test/security/CC48GovernanceOwnerGate.t.sol:629:51
    │
629 │             huge = abi.encodePacked(huge, uint256(uint160(uint256(1000 + i))));
    │                                                   ━━━━━━━━━━━━━━━━━━━━━━━━━━
    │
    ├ note: consider disabling this lint if you're certain the cast is safe
    │       
    │       // casting to 'uint160' is safe because [explain why]
    │       // forge-lint: disable-next-line(unsafe-typecast)
    │       
    │       
    ╰ help: https://book.getfoundry.sh/reference/forge/forge-lint#unsafe-typecast

warning[unsafe-typecast]: typecasts that can truncate values should be checked
    ╭▸ contracts/src/paymasters/superpaymaster/v3/MicroPaymentChannel.sol:212:28
    │
212 │         uint128 credited = uint128(received);
    │                            ━━━━━━━━━━━━━━━━━
    │
    ├ note: consider disabling this lint if you're certain the cast is safe
    │       
    │       // casting to 'uint128' is safe because [explain why]
    │       // forge-lint: disable-next-line(unsafe-typecast)
    │       
    │       
    ╰ help: https://book.getfoundry.sh/reference/forge/forge-lint#unsafe-typecast

warning[unsafe-typecast]: typecasts that can truncate values should be checked
    ╭▸ contracts/src/paymasters/superpaymaster/v3/MicroPaymentChannel.sol:280:28
    │
280 │         uint128 credited = uint128(received);
    │                            ━━━━━━━━━━━━━━━━━
    │
    ├ note: consider disabling this lint if you're certain the cast is safe
    │       
    │       // casting to 'uint128' is safe because [explain why]
    │       // forge-lint: disable-next-line(unsafe-typecast)
    │       
    │       
    ╰ help: https://book.getfoundry.sh/reference/forge/forge-lint#unsafe-typecast

warning[unsafe-typecast]: typecasts that can truncate values should be checked
    ╭▸ contracts/test/v2/SuperPaymasterV55PostOpBound.t.sol:299:75
    │
299 │         uint128[3] memory postGas = [uint128(MIN_POST_OP_GAS), 1_000_000, uint128(MIN_POST_OP_GAS)];
    │                                                                           ━━━━━━━━━━━━━━━━━━━━━━━━
    │
    ├ note: consider disabling this lint if you're certain the cast is safe
    │       
    │       // casting to 'uint128' is safe because [explain why]
    │       // forge-lint: disable-next-line(unsafe-typecast)
    │       
    │       
    ╰ help: https://book.getfoundry.sh/reference/forge/forge-lint#unsafe-typecast

warning[unsafe-typecast]: typecasts that can truncate values should be checked
    ╭▸ contracts/test/paper7/CC48KeyScanPreflight.t.sol:381:41
    │
381 │             address validator = address(uint160(0x3000 + i));
    │                                         ━━━━━━━━━━━━━━━━━━━
    │
    ├ note: consider disabling this lint if you're certain the cast is safe
    │       
    │       // casting to 'uint160' is safe because [explain why]
    │       // forge-lint: disable-next-line(unsafe-typecast)
    │       
    │       
    ╰ help: https://book.getfoundry.sh/reference/forge/forge-lint#unsafe-typecast

warning[unsafe-typecast]: typecasts that can truncate values should be checked
    ╭▸ contracts/src/tokens/v2/xPNTsTokenV2.sol:237:40
    │
237 │         _auto[msg.sender][user].used = uint128(usedA + reserveAPNTs);
    │                                        ━━━━━━━━━━━━━━━━━━━━━━━━━━━━━
    │
    ├ note: consider disabling this lint if you're certain the cast is safe
    │       
    │       // casting to 'uint128' is safe because [explain why]
    │       // forge-lint: disable-next-line(unsafe-typecast)
    │       
    │       
    ╰ help: https://book.getfoundry.sh/reference/forge/forge-lint#unsafe-typecast

warning[block-timestamp]: usage of `block.timestamp` in a comparison may be manipulated by validators
    ╭▸ contracts/src/paymasters/superpaymaster/v3/X402Facilitator.sol:299:13
    │
299 │         if (block.timestamp > validBefore) revert X402AuthExpired();
    │             ━━━━━━━━━━━━━━━━━━━━━━━━━━━━━
    │
    ╰ help: https://book.getfoundry.sh/reference/forge/forge-lint#block-timestamp

warning[block-timestamp]: usage of `block.timestamp` in a comparison may be manipulated by validators
    ╭▸ contracts/src/paymasters/superpaymaster/v3/SuperPaymasterLens.sol:115:16
    │
115 │             && block.timestamp < uint256(lastTime) + uint256(minTxInterval);
    │                ━━━━━━━━━━━━━━━━━━━━━━━━━━━━━━━━━━━━━━━━━━━━━━━━━━━━━━━━━━━━
    │
    ╰ help: https://book.getfoundry.sh/reference/forge/forge-lint#block-timestamp

warning[block-timestamp]: usage of `block.timestamp` in a comparison may be manipulated by validators
    ╭▸ contracts/src/paymasters/superpaymaster/v3/SuperPaymasterLens.sol:128:45
    │
128 │         if (updatedAt == 0 || price <= 0 || block.timestamp > updatedAt + s.priceStalenessThreshold()) {
    │                                             ━━━━━━━━━━━━━━━━━━━━━━━━━━━━━━━━━━━━━━━━━━━━━━━━━━━━━━━━━
    │
    ╰ help: https://book.getfoundry.sh/reference/forge/forge-lint#block-timestamp

warning[unsafe-typecast]: typecasts that can truncate values should be checked
    ╭▸ contracts/src/tokens/v2/xPNTsTokenV2.sol:238:30
    │
238 │         _budget[user].used = uint128(usedB + reserveAPNTs);
    │                              ━━━━━━━━━━━━━━━━━━━━━━━━━━━━━
    │
    ├ note: consider disabling this lint if you're certain the cast is safe
    │       
    │       // casting to 'uint128' is safe because [explain why]
    │       // forge-lint: disable-next-line(unsafe-typecast)
    │       
    │       
    ╰ help: https://book.getfoundry.sh/reference/forge/forge-lint#unsafe-typecast

warning[unsafe-typecast]: typecasts that can truncate values should be checked
   ╭▸ contracts/test/paper7/RepCreditDomainReplay.t.sol:92:41
   │
92 │             address validator = address(uint160(0x1000 + i));
   │                                         ━━━━━━━━━━━━━━━━━━━
   │
   ├ note: consider disabling this lint if you're certain the cast is safe
   │       
   │       // casting to 'uint160' is safe because [explain why]
   │       // forge-lint: disable-next-line(unsafe-typecast)
   │       
   │       
   ╰ help: https://book.getfoundry.sh/reference/forge/forge-lint#unsafe-typecast

warning[unsafe-typecast]: typecasts that can truncate values should be checked
    ╭▸ contracts/test/v2/SuperPaymasterV55Adversarial.t.sol:868:29
    │
868 │                 if (address(uint160(word)) == cur) {
    │                             ━━━━━━━━━━━━━
    │
    ├ note: consider disabling this lint if you're certain the cast is safe
    │       
    │       // casting to 'uint160' is safe because [explain why]
    │       // forge-lint: disable-next-line(unsafe-typecast)
    │       
    │       
    ╰ help: https://book.getfoundry.sh/reference/forge/forge-lint#unsafe-typecast

warning[unsafe-typecast]: typecasts that can truncate values should be checked
    ╭▸ contracts/src/tokens/v2/xPNTsTokenV2.sol:240:40
    │
240 │         _locks[opHash][user] = LockRec(uint128(x), uint128(reserveAPNTs), msg.sender);
    │                                        ━━━━━━━━━━
    │
    ├ note: consider disabling this lint if you're certain the cast is safe
    │       
    │       // casting to 'uint128' is safe because [explain why]
    │       // forge-lint: disable-next-line(unsafe-typecast)
    │       
    │       
    ╰ help: https://book.getfoundry.sh/reference/forge/forge-lint#unsafe-typecast

warning[unsafe-typecast]: typecasts that can truncate values should be checked
    ╭▸ contracts/src/tokens/v2/xPNTsTokenV2.sol:240:52
    │
240 │         _locks[opHash][user] = LockRec(uint128(x), uint128(reserveAPNTs), msg.sender);
    │                                                    ━━━━━━━━━━━━━━━━━━━━━
    │
    ├ note: consider disabling this lint if you're certain the cast is safe
    │       
    │       // casting to 'uint128' is safe because [explain why]
    │       // forge-lint: disable-next-line(unsafe-typecast)
    │       
    │       
    ╰ help: https://book.getfoundry.sh/reference/forge/forge-lint#unsafe-typecast

warning[unsafe-typecast]: typecasts that can truncate values should be checked
    ╭▸ contracts/test/v2/SuperPaymasterV55Adversarial.t.sol:985:29
    │
985 │                 if (address(uint160(word)) == from) {
    │                             ━━━━━━━━━━━━━
    │
    ├ note: consider disabling this lint if you're certain the cast is safe
    │       
    │       // casting to 'uint160' is safe because [explain why]
    │       // forge-lint: disable-next-line(unsafe-typecast)
    │       
    │       
    ╰ help: https://book.getfoundry.sh/reference/forge/forge-lint#unsafe-typecast

warning[unsafe-typecast]: typecasts that can truncate values should be checked
   ╭▸ contracts/src/paymasters/superpaymaster/v3/SuperPaymasterLens.sol:58:63
   │
58 │     bytes32 public constant DRYRUN_VERSION_MISMATCH         = bytes32("VERSION_MISMATCH");
   │                                                               ━━━━━━━━━━━━━━━━━━━━━━━━━━━
   │
   ├ note: consider disabling this lint if you're certain the cast is safe
   │       
   │       // casting to 'bytes32' is safe because [explain why]
   │       // forge-lint: disable-next-line(unsafe-typecast)
   │       
   │       
   ╰ help: https://book.getfoundry.sh/reference/forge/forge-lint#unsafe-typecast

warning[unsafe-typecast]: typecasts that can truncate values should be checked
    ╭▸ contracts/test/paper7/CC48KeyScanPreflight.t.sol:391:53
    │
391 │             agg.registerBLSPublicKey(validator, pk, uint8(i + 1), _pop(agg, validator, pk, scalar));
    │                                                     ━━━━━━━━━━━━
    │
    ├ note: consider disabling this lint if you're certain the cast is safe
    │       
    │       // casting to 'uint8' is safe because [explain why]
    │       // forge-lint: disable-next-line(unsafe-typecast)
    │       
    │       
    ╰ help: https://book.getfoundry.sh/reference/forge/forge-lint#unsafe-typecast

warning[erc20-unchecked-transfer]: ERC20 'transfer' and 'transferFrom' calls should check the return value
     ╭▸ contracts/test/v2/SuperPaymasterV55Adversarial.t.sol:1005:9
     │
1005 │         token.transferFrom(u, operator, 1 ether);
     │         ━━━━━━━━━━━━━━━━━━━━━━━━━━━━━━━━━━━━━━━━
     │
     ╰ help: https://book.getfoundry.sh/reference/forge/forge-lint#erc20-unchecked-transfer

warning[unsafe-typecast]: typecasts that can truncate values should be checked
    ╭▸ contracts/test/paper7/RepCreditDomainReplay.t.sol:108:54
    │
108 │             aggA.registerBLSPublicKey(validator, pk, uint8(i + 1), _pop(aggA, validator, pk, scalar));
    │                                                      ━━━━━━━━━━━━
    │
    ├ note: consider disabling this lint if you're certain the cast is safe
    │       
    │       // casting to 'uint8' is safe because [explain why]
    │       // forge-lint: disable-next-line(unsafe-typecast)
    │       
    │       
    ╰ help: https://book.getfoundry.sh/reference/forge/forge-lint#unsafe-typecast

warning[unsafe-typecast]: typecasts that can truncate values should be checked
    ╭▸ contracts/test/paper7/RepCreditDomainReplay.t.sol:109:54
    │
109 │             aggB.registerBLSPublicKey(validator, pk, uint8(i + 1), _pop(aggB, validator, pk, scalar));
    │                                                      ━━━━━━━━━━━━
    │
    ├ note: consider disabling this lint if you're certain the cast is safe
    │       
    │       // casting to 'uint8' is safe because [explain why]
    │       // forge-lint: disable-next-line(unsafe-typecast)
    │       
    │       
    ╰ help: https://book.getfoundry.sh/reference/forge/forge-lint#unsafe-typecast

warning[block-timestamp]: usage of `block.timestamp` in a comparison may be manipulated by validators
    ╭▸ contracts/src/paymasters/v4/PaymasterBase.sol:338:13
    │
338 │             cachedPrice.updatedAt > block.timestamp ||
    │             ━━━━━━━━━━━━━━━━━━━━━━━━━━━━━━━━━━━━━━━
    │
    ╰ help: https://book.getfoundry.sh/reference/forge/forge-lint#block-timestamp

warning[block-timestamp]: usage of `block.timestamp` in a comparison may be manipulated by validators
    ╭▸ contracts/src/paymasters/v4/PaymasterBase.sol:339:13
    │
339 │             block.timestamp - cachedPrice.updatedAt > priceStalenessThreshold
    │             ━━━━━━━━━━━━━━━━━━━━━━━━━━━━━━━━━━━━━━━━━━━━━━━━━━━━━━━━━━━━━━━━━
    │
    ╰ help: https://book.getfoundry.sh/reference/forge/forge-lint#block-timestamp

warning[unsafe-typecast]: typecasts that can truncate values should be checked
    ╭▸ contracts/src/tokens/v2/xPNTsTokenV2.sol:305:46
    │
305 │         _creditRes[opHash][user] = CreditRes(uint128(aPNTs), msg.sender);
    │                                              ━━━━━━━━━━━━━━
    │
    ├ note: consider disabling this lint if you're certain the cast is safe
    │       
    │       // casting to 'uint128' is safe because [explain why]
    │       // forge-lint: disable-next-line(unsafe-typecast)
    │       
    │       
    ╰ help: https://book.getfoundry.sh/reference/forge/forge-lint#unsafe-typecast

warning[block-timestamp]: usage of `block.timestamp` in a comparison may be manipulated by validators
    ╭▸ contracts/test/v3/SuperPaymaster_Coverage.t.sol:170:17
    │
170 │         require(block.timestamp > validAfter, "authorization not yet valid");
    │                 ━━━━━━━━━━━━━━━━━━━━━━━━━━━━
    │
    ╰ help: https://book.getfoundry.sh/reference/forge/forge-lint#block-timestamp

warning[unsafe-typecast]: typecasts that can truncate values should be checked
   ╭▸ contracts/src/paymasters/superpaymaster/v3/SuperPaymasterLens.sol:59:63
   │
59 │     bytes32 public constant DRYRUN_OPERATOR_NOT_CONFIGURED  = bytes32("OPERATOR_NOT_CONFIGURED");
   │                                                               ━━━━━━━━━━━━━━━━━━━━━━━━━━━━━━━━━━
   │
   ├ note: consider disabling this lint if you're certain the cast is safe
   │       
   │       // casting to 'bytes32' is safe because [explain why]
   │       // forge-lint: disable-next-line(unsafe-typecast)
   │       
   │       
   ╰ help: https://book.getfoundry.sh/reference/forge/forge-lint#unsafe-typecast

warning[block-timestamp]: usage of `block.timestamp` in a comparison may be manipulated by validators
    ╭▸ contracts/src/paymasters/v4/PaymasterBase.sol:398:35
    │
398 │             if (updatedAt == 0 || updatedAt > block.timestamp ||
    │                                   ━━━━━━━━━━━━━━━━━━━━━━━━━━━
    │
    ╰ help: https://book.getfoundry.sh/reference/forge/forge-lint#block-timestamp

warning[block-timestamp]: usage of `block.timestamp` in a comparison may be manipulated by validators
    ╭▸ contracts/test/v3/SuperPaymaster_Coverage.t.sol:171:17
    │
171 │         require(block.timestamp < validBefore, "authorization expired");
    │                 ━━━━━━━━━━━━━━━━━━━━━━━━━━━━━
    │
    ╰ help: https://book.getfoundry.sh/reference/forge/forge-lint#block-timestamp

warning[unsafe-typecast]: typecasts that can truncate values should be checked
    ╭▸ contracts/test/paper7/CC48PragueStateMachine.t.sol:149:41
    │
149 │             address validator = address(uint160(0x2000 + i));
    │                                         ━━━━━━━━━━━━━━━━━━━
    │
    ├ note: consider disabling this lint if you're certain the cast is safe
    │       
    │       // casting to 'uint160' is safe because [explain why]
    │       // forge-lint: disable-next-line(unsafe-typecast)
    │       
    │       
    ╰ help: https://book.getfoundry.sh/reference/forge/forge-lint#unsafe-typecast

warning[unsafe-typecast]: typecasts that can truncate values should be checked
    ╭▸ contracts/test/paper7/CC48PragueStateMachine.t.sol:163:53
    │
163 │             agg.registerBLSPublicKey(validator, pk, uint8(i + 1), _pop(validator, pk, scalar));
    │                                                     ━━━━━━━━━━━━
    │
    ├ note: consider disabling this lint if you're certain the cast is safe
    │       
    │       // casting to 'uint8' is safe because [explain why]
    │       // forge-lint: disable-next-line(unsafe-typecast)
    │       
    │       
    ╰ help: https://book.getfoundry.sh/reference/forge/forge-lint#unsafe-typecast

warning[block-timestamp]: usage of `block.timestamp` in a comparison may be manipulated by validators
    ╭▸ contracts/test/v3/SuperPaymaster_Coverage.t.sol:190:17
    │
190 │         require(block.timestamp > validAfter, "authorization not yet valid");
    │                 ━━━━━━━━━━━━━━━━━━━━━━━━━━━━
    │
    ╰ help: https://book.getfoundry.sh/reference/forge/forge-lint#block-timestamp

warning[block-timestamp]: usage of `block.timestamp` in a comparison may be manipulated by validators
    ╭▸ contracts/test/v3/SuperPaymaster_Coverage.t.sol:191:17
    │
191 │         require(block.timestamp < validBefore, "authorization expired");
    │                 ━━━━━━━━━━━━━━━━━━━━━━━━━━━━━
    │
    ╰ help: https://book.getfoundry.sh/reference/forge/forge-lint#block-timestamp

warning[unsafe-typecast]: typecasts that can truncate values should be checked
   ╭▸ contracts/src/paymasters/superpaymaster/v3/SuperPaymasterLens.sol:60:63
   │
60 │     bytes32 public constant DRYRUN_OPERATOR_PAUSED          = bytes32("OPERATOR_PAUSED");
   │                                                               ━━━━━━━━━━━━━━━━━━━━━━━━━━
   │
   ├ note: consider disabling this lint if you're certain the cast is safe
   │       
   │       // casting to 'bytes32' is safe because [explain why]
   │       // forge-lint: disable-next-line(unsafe-typecast)
   │       
   │       
   ╰ help: https://book.getfoundry.sh/reference/forge/forge-lint#unsafe-typecast

warning[unsafe-typecast]: typecasts that can truncate values should be checked
   ╭▸ contracts/src/paymasters/superpaymaster/v3/SuperPaymasterLens.sol:61:63
   │
61 │     bytes32 public constant DRYRUN_USER_NOT_ELIGIBLE        = bytes32("USER_NOT_ELIGIBLE");
   │                                                               ━━━━━━━━━━━━━━━━━━━━━━━━━━━━
   │
   ├ note: consider disabling this lint if you're certain the cast is safe
   │       
   │       // casting to 'bytes32' is safe because [explain why]
   │       // forge-lint: disable-next-line(unsafe-typecast)
   │       
   │       
   ╰ help: https://book.getfoundry.sh/reference/forge/forge-lint#unsafe-typecast

warning[unsafe-typecast]: typecasts that can truncate values should be checked
    ╭▸ contracts/test/v3/SuperPaymaster_Coverage.t.sol:654:38
    │
654 │         address authorizer = address(uint160(validationData));
    │                                      ━━━━━━━━━━━━━━━━━━━━━━━
    │
    ├ note: consider disabling this lint if you're certain the cast is safe
    │       
    │       // casting to 'uint160' is safe because [explain why]
    │       // forge-lint: disable-next-line(unsafe-typecast)
    │       
    │       
    ╰ help: https://book.getfoundry.sh/reference/forge/forge-lint#unsafe-typecast

warning[unsafe-typecast]: typecasts that can truncate values should be checked
   ╭▸ contracts/src/paymasters/superpaymaster/v3/SuperPaymasterLens.sol:62:63
   │
62 │     bytes32 public constant DRYRUN_USER_BLOCKED             = bytes32("USER_BLOCKED");
   │                                                               ━━━━━━━━━━━━━━━━━━━━━━━
   │
   ├ note: consider disabling this lint if you're certain the cast is safe
   │       
   │       // casting to 'bytes32' is safe because [explain why]
   │       // forge-lint: disable-next-line(unsafe-typecast)
   │       
   │       
   ╰ help: https://book.getfoundry.sh/reference/forge/forge-lint#unsafe-typecast

warning[unsafe-typecast]: typecasts that can truncate values should be checked
   ╭▸ contracts/src/paymasters/superpaymaster/v3/SuperPaymasterLens.sol:63:63
   │
63 │     bytes32 public constant DRYRUN_RATE_LIMITED             = bytes32("RATE_LIMITED");
   │                                                               ━━━━━━━━━━━━━━━━━━━━━━━
   │
   ├ note: consider disabling this lint if you're certain the cast is safe
   │       
   │       // casting to 'bytes32' is safe because [explain why]
   │       // forge-lint: disable-next-line(unsafe-typecast)
   │       
   │       
   ╰ help: https://book.getfoundry.sh/reference/forge/forge-lint#unsafe-typecast

warning[unsafe-typecast]: typecasts that can truncate values should be checked
   ╭▸ contracts/src/paymasters/superpaymaster/v3/SuperPaymasterLens.sol:64:63
   │
64 │     bytes32 public constant DRYRUN_POSTOP_GAS_TOO_LOW       = bytes32("POSTOP_GAS_TOO_LOW");
   │                                                               ━━━━━━━━━━━━━━━━━━━━━━━━━━━━━
   │
   ├ note: consider disabling this lint if you're certain the cast is safe
   │       
   │       // casting to 'bytes32' is safe because [explain why]
   │       // forge-lint: disable-next-line(unsafe-typecast)
   │       
   │       
   ╰ help: https://book.getfoundry.sh/reference/forge/forge-lint#unsafe-typecast

warning[unsafe-typecast]: typecasts that can truncate values should be checked
   ╭▸ contracts/src/paymasters/superpaymaster/v3/SuperPaymasterLens.sol:65:63
   │
65 │     bytes32 public constant DRYRUN_TOKEN_MISMATCH           = bytes32("TOKEN_MISMATCH");
   │                                                               ━━━━━━━━━━━━━━━━━━━━━━━━━
   │
   ├ note: consider disabling this lint if you're certain the cast is safe
   │       
   │       // casting to 'bytes32' is safe because [explain why]
   │       // forge-lint: disable-next-line(unsafe-typecast)
   │       
   │       
   ╰ help: https://book.getfoundry.sh/reference/forge/forge-lint#unsafe-typecast

warning[unsafe-typecast]: typecasts that can truncate values should be checked
   ╭▸ contracts/src/paymasters/superpaymaster/v3/SuperPaymasterLens.sol:66:63
   │
66 │     bytes32 public constant DRYRUN_RATE_COMMITMENT_VIOLATED = bytes32("RATE_COMMITMENT_VIOLATED");
   │                                                               ━━━━━━━━━━━━━━━━━━━━━━━━━━━━━━━━━━━
   │
   ├ note: consider disabling this lint if you're certain the cast is safe
   │       
   │       // casting to 'bytes32' is safe because [explain why]
   │       // forge-lint: disable-next-line(unsafe-typecast)
   │       
   │       
   ╰ help: https://book.getfoundry.sh/reference/forge/forge-lint#unsafe-typecast

warning[unsafe-typecast]: typecasts that can truncate values should be checked
   ╭▸ contracts/src/paymasters/superpaymaster/v3/SuperPaymasterLens.sol:67:63
   │
67 │     bytes32 public constant DRYRUN_STALE_PRICE              = bytes32("STALE_PRICE");
   │                                                               ━━━━━━━━━━━━━━━━━━━━━━
   │
   ├ note: consider disabling this lint if you're certain the cast is safe
   │       
   │       // casting to 'bytes32' is safe because [explain why]
   │       // forge-lint: disable-next-line(unsafe-typecast)
   │       
   │       
   ╰ help: https://book.getfoundry.sh/reference/forge/forge-lint#unsafe-typecast

warning[block-timestamp]: usage of `block.timestamp` in a comparison may be manipulated by validators
    ╭▸ contracts/src/paymasters/v4/PaymasterBase.sol:399:17
    │
399 │                 block.timestamp - updatedAt > priceStalenessThreshold) revert Paymaster__InvalidOraclePrice();
    │                 ━━━━━━━━━━━━━━━━━━━━━━━━━━━━━━━━━━━━━━━━━━━━━━━━━━━━━
    │
    ╰ help: https://book.getfoundry.sh/reference/forge/forge-lint#block-timestamp

warning[erc20-unchecked-transfer]: ERC20 'transfer' and 'transferFrom' calls should check the return value
   ╭▸ contracts/test/v2/xPNTsTokenV2.t.sol:81:9
   │
81 │         t.transferFrom(user, address(factory), 1 ether);
   │         ━━━━━━━━━━━━━━━━━━━━━━━━━━━━━━━━━━━━━━━━━━━━━━━
   │
   ╰ help: https://book.getfoundry.sh/reference/forge/forge-lint#erc20-unchecked-transfer

warning[unsafe-typecast]: typecasts that can truncate values should be checked
    ╭▸ contracts/test/v3/SuperPaymaster_Coverage.t.sol:669:26
    │
669 │         assertEq(address(uint160(vd0)), address(1), "SIG_FAILURE from the isConfigured gate alone");
    │                          ━━━━━━━━━━━━
    │
    ├ note: consider disabling this lint if you're certain the cast is safe
    │       
    │       // casting to 'uint160' is safe because [explain why]
    │       // forge-lint: disable-next-line(unsafe-typecast)
    │       
    │       
    ╰ help: https://book.getfoundry.sh/reference/forge/forge-lint#unsafe-typecast

warning[unsafe-typecast]: typecasts that can truncate values should be checked
    ╭▸ contracts/test/v2/xPNTsTokenV2Invariant.t.sol:334:34
    │
334 │         if (ret.length >= 4) s = bytes4(ret);
    │                                  ━━━━━━━━━━━
    │
    ├ note: consider disabling this lint if you're certain the cast is safe
    │       
    │       // casting to 'bytes4' is safe because [explain why]
    │       // forge-lint: disable-next-line(unsafe-typecast)
    │       
    │       
    ╰ help: https://book.getfoundry.sh/reference/forge/forge-lint#unsafe-typecast

warning[block-timestamp]: usage of `block.timestamp` in a comparison may be manipulated by validators
    ╭▸ contracts/src/paymasters/v4/PaymasterBase.sol:506:31
    │
506 │         if (updatedAt == 0 || updatedAt > block.timestamp) revert Paymaster__InvalidOraclePrice();
    │                               ━━━━━━━━━━━━━━━━━━━━━━━━━━━
    │
    ╰ help: https://book.getfoundry.sh/reference/forge/forge-lint#block-timestamp

warning[block-timestamp]: usage of `block.timestamp` in a comparison may be manipulated by validators
    ╭▸ contracts/src/paymasters/v4/PaymasterBase.sol:508:13
    │
508 │         if (block.timestamp - updatedAt > priceStalenessThreshold) revert Paymaster__InvalidOraclePrice();
    │             ━━━━━━━━━━━━━━━━━━━━━━━━━━━━━━━━━━━━━━━━━━━━━━━━━━━━━
    │
    ╰ help: https://book.getfoundry.sh/reference/forge/forge-lint#block-timestamp

warning[unsafe-typecast]: typecasts that can truncate values should be checked
    ╭▸ contracts/src/tokens/v2/xPNTsV2Base.sol:295:45
    │
295 │         a.used = a.used > amount ? a.used - uint128(amount) : 0;
    │                                             ━━━━━━━━━━━━━━━
    │
    ├ note: consider disabling this lint if you're certain the cast is safe
    │       
    │       // casting to 'uint128' is safe because [explain why]
    │       // forge-lint: disable-next-line(unsafe-typecast)
    │       
    │       
    ╰ help: https://book.getfoundry.sh/reference/forge/forge-lint#unsafe-typecast

warning[erc20-unchecked-transfer]: ERC20 'transfer' and 'transferFrom' calls should check the return value
   ╭▸ contracts/test/v2/xPNTsTokenV2.t.sol:93:9
   │
93 │         t.transferFrom(user, sp, 1 ether);
   │         ━━━━━━━━━━━━━━━━━━━━━━━━━━━━━━━━━
   │
   ╰ help: https://book.getfoundry.sh/reference/forge/forge-lint#erc20-unchecked-transfer

warning[unsafe-typecast]: typecasts that can truncate values should be checked
    ╭▸ contracts/test/v3/SuperPaymaster_Coverage.t.sol:680:38
    │
680 │         address authorizer = address(uint160(validationData));
    │                                      ━━━━━━━━━━━━━━━━━━━━━━━
    │
    ├ note: consider disabling this lint if you're certain the cast is safe
    │       
    │       // casting to 'uint160' is safe because [explain why]
    │       // forge-lint: disable-next-line(unsafe-typecast)
    │       
    │       
    ╰ help: https://book.getfoundry.sh/reference/forge/forge-lint#unsafe-typecast

warning[block-timestamp]: usage of `block.timestamp` in a comparison may be manipulated by validators
    ╭▸ contracts/src/paymasters/v4/PaymasterBase.sol:531:13
    │
531 │         if (timestamp > block.timestamp) revert Paymaster__InvalidOraclePrice(); // admin: no grace period
    │             ━━━━━━━━━━━━━━━━━━━━━━━━━━━
    │
    ╰ help: https://book.getfoundry.sh/reference/forge/forge-lint#block-timestamp

warning[unsafe-typecast]: typecasts that can truncate values should be checked
   ╭▸ contracts/test/paper7/BLSGasMeasurement.t.sol:69:41
   │
69 │             address validator = address(uint160(0x1000 + i));
   │                                         ━━━━━━━━━━━━━━━━━━━
   │
   ├ note: consider disabling this lint if you're certain the cast is safe
   │       
   │       // casting to 'uint160' is safe because [explain why]
   │       // forge-lint: disable-next-line(unsafe-typecast)
   │       
   │       
   ╰ help: https://book.getfoundry.sh/reference/forge/forge-lint#unsafe-typecast

warning[unsafe-typecast]: typecasts that can truncate values should be checked
    ╭▸ contracts/src/tokens/v2/xPNTsV2Base.sol:297:45
    │
297 │         b.used = b.used > amount ? b.used - uint128(amount) : 0;
    │                                             ━━━━━━━━━━━━━━━
    │
    ├ note: consider disabling this lint if you're certain the cast is safe
    │       
    │       // casting to 'uint128' is safe because [explain why]
    │       // forge-lint: disable-next-line(unsafe-typecast)
    │       
    │       
    ╰ help: https://book.getfoundry.sh/reference/forge/forge-lint#unsafe-typecast

warning[unsafe-typecast]: typecasts that can truncate values should be checked
   ╭▸ contracts/src/paymasters/superpaymaster/v3/SuperPaymasterLens.sol:68:63
   │
68 │     bytes32 public constant DRYRUN_INSUFFICIENT_BALANCE     = bytes32("INSUFFICIENT_BALANCE");
   │                                                               ━━━━━━━━━━━━━━━━━━━━━━━━━━━━━━━
   │
   ├ note: consider disabling this lint if you're certain the cast is safe
   │       
   │       // casting to 'bytes32' is safe because [explain why]
   │       // forge-lint: disable-next-line(unsafe-typecast)
   │       
   │       
   ╰ help: https://book.getfoundry.sh/reference/forge/forge-lint#unsafe-typecast

warning[unsafe-typecast]: typecasts that can truncate values should be checked
   ╭▸ contracts/src/paymasters/superpaymaster/v3/SuperPaymasterLens.sol:70:63
   │
70 │     bytes32 public constant DRYRUN_LOCK_REJECTED            = bytes32("LOCK_REJECTED");
   │                                                               ━━━━━━━━━━━━━━━━━━━━━━━━
   │
   ├ note: consider disabling this lint if you're certain the cast is safe
   │       
   │       // casting to 'bytes32' is safe because [explain why]
   │       // forge-lint: disable-next-line(unsafe-typecast)
   │       
   │       
   ╰ help: https://book.getfoundry.sh/reference/forge/forge-lint#unsafe-typecast

warning[unsafe-typecast]: typecasts that can truncate values should be checked
   ╭▸ contracts/src/paymasters/superpaymaster/v3/SuperPaymasterLens.sol:71:63
   │
71 │     bytes32 public constant DRYRUN_CREDIT_REJECTED          = bytes32("CREDIT_REJECTED");
   │                                                               ━━━━━━━━━━━━━━━━━━━━━━━━━━
   │
   ├ note: consider disabling this lint if you're certain the cast is safe
   │       
   │       // casting to 'bytes32' is safe because [explain why]
   │       // forge-lint: disable-next-line(unsafe-typecast)
   │       
   │       
   ╰ help: https://book.getfoundry.sh/reference/forge/forge-lint#unsafe-typecast

warning[unsafe-typecast]: typecasts that can truncate values should be checked
   ╭▸ contracts/src/paymasters/superpaymaster/v3/SuperPaymasterLens.sol:73:63
   │
73 │     bytes32 public constant DRYRUN_SPONSORSHIP_PAUSED       = bytes32("SPONSORSHIP_PAUSED");
   │                                                               ━━━━━━━━━━━━━━━━━━━━━━━━━━━━━
   │
   ├ note: consider disabling this lint if you're certain the cast is safe
   │       
   │       // casting to 'bytes32' is safe because [explain why]
   │       // forge-lint: disable-next-line(unsafe-typecast)
   │       
   │       
   ╰ help: https://book.getfoundry.sh/reference/forge/forge-lint#unsafe-typecast

warning[unsafe-typecast]: typecasts that can truncate values should be checked
   ╭▸ contracts/test/paper7/BLSGasMeasurement.t.sol:85:60
   │
85 │             aggregator.registerBLSPublicKey(validator, pk, uint8(i + 1), _pop(aggregator, validator, pk, scalar));
   │                                                            ━━━━━━━━━━━━
   │
   ├ note: consider disabling this lint if you're certain the cast is safe
   │       
   │       // casting to 'uint8' is safe because [explain why]
   │       // forge-lint: disable-next-line(unsafe-typecast)
   │       
   │       
   ╰ help: https://book.getfoundry.sh/reference/forge/forge-lint#unsafe-typecast

warning[erc20-unchecked-transfer]: ERC20 'transfer' and 'transferFrom' calls should check the return value
    ╭▸ contracts/test/v2/xPNTsTokenV2.t.sol:153:9
    │
153 │         t.transfer(address(1), 6_001 ether);
    │         ━━━━━━━━━━━━━━━━━━━━━━━━━━━━━━━━━━━
    │
    ╰ help: https://book.getfoundry.sh/reference/forge/forge-lint#erc20-unchecked-transfer

warning[unsafe-typecast]: typecasts that can truncate values should be checked
     ╭▸ contracts/test/v2/xPNTsTokenV2Invariant.t.sol:1253:39
     │
1253 │         else if (k == 5) _modeCore(u, uint8(p1 % 3), true, badSig);
     │                                       ━━━━━━━━━━━━━
     │
     ├ note: consider disabling this lint if you're certain the cast is safe
     │       
     │       // casting to 'uint8' is safe because [explain why]
     │       // forge-lint: disable-next-line(unsafe-typecast)
     │       
     │       
     ╰ help: https://book.getfoundry.sh/reference/forge/forge-lint#unsafe-typecast

warning[unsafe-typecast]: typecasts that can truncate values should be checked
    ╭▸ contracts/test/v3/SuperPaymaster_Coverage.t.sol:694:38
    │
694 │         address authorizer = address(uint160(validationData));
    │                                      ━━━━━━━━━━━━━━━━━━━━━━━
    │
    ├ note: consider disabling this lint if you're certain the cast is safe
    │       
    │       // casting to 'uint160' is safe because [explain why]
    │       // forge-lint: disable-next-line(unsafe-typecast)
    │       
    │       
    ╰ help: https://book.getfoundry.sh/reference/forge/forge-lint#unsafe-typecast

warning[unsafe-typecast]: typecasts that can truncate values should be checked
    ╭▸ contracts/src/paymasters/v4/PaymasterBase.sol:300:29
    │
300 │         uint48 validUntil = uint48(cachedPrice.updatedAt + priceStalenessThreshold);
    │                             ━━━━━━━━━━━━━━━━━━━━━━━━━━━━━━━━━━━━━━━━━━━━━━━━━━━━━━━
    │
    ├ note: consider disabling this lint if you're certain the cast is safe
    │       
    │       // casting to 'uint48' is safe because [explain why]
    │       // forge-lint: disable-next-line(unsafe-typecast)
    │       
    │       
    ╰ help: https://book.getfoundry.sh/reference/forge/forge-lint#unsafe-typecast

warning[unsafe-typecast]: typecasts that can truncate values should be checked
    ╭▸ contracts/test/paper7/BLSGasMeasurement.t.sol:223:53
    │
223 │             users[i] = address(uint160(firstUser) + uint160(i));
    │                                                     ━━━━━━━━━━
    │
    ├ note: consider disabling this lint if you're certain the cast is safe
    │       
    │       // casting to 'uint160' is safe because [explain why]
    │       // forge-lint: disable-next-line(unsafe-typecast)
    │       
    │       
    ╰ help: https://book.getfoundry.sh/reference/forge/forge-lint#unsafe-typecast

warning[unsafe-typecast]: typecasts that can truncate values should be checked
     ╭▸ contracts/test/v2/xPNTsTokenV2Invariant.t.sol:1279:19
     │
1279 │         uint8 p = uint8(seed % 3);
     │                   ━━━━━━━━━━━━━━━
     │
     ├ note: consider disabling this lint if you're certain the cast is safe
     │       
     │       // casting to 'uint8' is safe because [explain why]
     │       // forge-lint: disable-next-line(unsafe-typecast)
     │       
     │       
     ╰ help: https://book.getfoundry.sh/reference/forge/forge-lint#unsafe-typecast

warning[unsafe-typecast]: typecasts that can truncate values should be checked
    ╭▸ contracts/test/v3/SuperPaymaster_Coverage.t.sol:706:26
    │
706 │         assertEq(address(uint160(validationData)), address(0), "control: validation passes");
    │                          ━━━━━━━━━━━━━━━━━━━━━━━
    │
    ├ note: consider disabling this lint if you're certain the cast is safe
    │       
    │       // casting to 'uint160' is safe because [explain why]
    │       // forge-lint: disable-next-line(unsafe-typecast)
    │       
    │       
    ╰ help: https://book.getfoundry.sh/reference/forge/forge-lint#unsafe-typecast

warning[unsafe-typecast]: typecasts that can truncate values should be checked
    ╭▸ contracts/src/paymasters/superpaymaster/v3/SuperPaymasterLens.sol:131:44
    │
131 │         uint256 a0 = Math.mulDiv(maxCost * uint256(price), 1e18, (10 ** uint256(decimals)) * s.aPNTsPriceUSD(), Math.Rounding.Ceil);
    │                                            ━━━━━━━━━━━━━━
    │
    ├ note: consider disabling this lint if you're certain the cast is safe
    │       
    │       // casting to 'uint256' is safe because [explain why]
    │       // forge-lint: disable-next-line(unsafe-typecast)
    │       
    │       
    ╰ help: https://book.getfoundry.sh/reference/forge/forge-lint#unsafe-typecast

warning[unsafe-typecast]: typecasts that can truncate values should be checked
    ╭▸ contracts/src/paymasters/v4/PaymasterBase.sol:485:38
    │
485 │         uint256 partA = gasCostWei * uint256(ethUsdPrice) * totalRate;
    │                                      ━━━━━━━━━━━━━━━━━━━━
    │
    ├ note: consider disabling this lint if you're certain the cast is safe
    │       
    │       // casting to 'uint256' is safe because [explain why]
    │       // forge-lint: disable-next-line(unsafe-typecast)
    │       
    │       
    ╰ help: https://book.getfoundry.sh/reference/forge/forge-lint#unsafe-typecast

warning[unsafe-typecast]: typecasts that can truncate values should be checked
    ╭▸ contracts/test/v3/SuperPaymaster_Coverage.t.sol:720:26
    │
720 │         assertEq(address(uint160(validationData)), address(1), "legacy layout -> SIG_FAILURE");
    │                          ━━━━━━━━━━━━━━━━━━━━━━━
    │
    ├ note: consider disabling this lint if you're certain the cast is safe
    │       
    │       // casting to 'uint160' is safe because [explain why]
    │       // forge-lint: disable-next-line(unsafe-typecast)
    │       
    │       
    ╰ help: https://book.getfoundry.sh/reference/forge/forge-lint#unsafe-typecast

warning[unsafe-typecast]: typecasts that can truncate values should be checked
    ╭▸ contracts/test/v3/MySBT_Complete.t.sol:717:36
    │
717 │             address comm = address(uint160(0x1000 + i));
    │                                    ━━━━━━━━━━━━━━━━━━━
    │
    ├ note: consider disabling this lint if you're certain the cast is safe
    │       
    │       // casting to 'uint160' is safe because [explain why]
    │       // forge-lint: disable-next-line(unsafe-typecast)
    │       
    │       
    ╰ help: https://book.getfoundry.sh/reference/forge/forge-lint#unsafe-typecast

warning[unsafe-typecast]: typecasts that can truncate values should be checked
    ╭▸ contracts/src/paymasters/v4/PaymasterBase.sol:509:43
    │
509 │         cachedPrice = PriceCache({ price: uint208(uint256(price)), updatedAt: uint48(updatedAt) });
    │                                           ━━━━━━━━━━━━━━━━━━━━━━━
    │
    ├ note: consider disabling this lint if you're certain the cast is safe
    │       
    │       // casting to 'uint208' is safe because [explain why]
    │       // forge-lint: disable-next-line(unsafe-typecast)
    │       
    │       
    ╰ help: https://book.getfoundry.sh/reference/forge/forge-lint#unsafe-typecast

warning[unsafe-typecast]: typecasts that can truncate values should be checked
    ╭▸ contracts/src/paymasters/v4/PaymasterBase.sol:509:51
    │
509 │         cachedPrice = PriceCache({ price: uint208(uint256(price)), updatedAt: uint48(updatedAt) });
    │                                                   ━━━━━━━━━━━━━━
    │
    ├ note: consider disabling this lint if you're certain the cast is safe
    │       
    │       // casting to 'uint256' is safe because [explain why]
    │       // forge-lint: disable-next-line(unsafe-typecast)
    │       
    │       
    ╰ help: https://book.getfoundry.sh/reference/forge/forge-lint#unsafe-typecast

warning[unsafe-typecast]: typecasts that can truncate values should be checked
    ╭▸ contracts/src/paymasters/v4/PaymasterBase.sol:509:79
    │
509 │         cachedPrice = PriceCache({ price: uint208(uint256(price)), updatedAt: uint48(updatedAt) });
    │                                                                               ━━━━━━━━━━━━━━━━━
    │
    ├ note: consider disabling this lint if you're certain the cast is safe
    │       
    │       // casting to 'uint48' is safe because [explain why]
    │       // forge-lint: disable-next-line(unsafe-typecast)
    │       
    │       
    ╰ help: https://book.getfoundry.sh/reference/forge/forge-lint#unsafe-typecast

warning[unsafe-typecast]: typecasts that can truncate values should be checked
    ╭▸ contracts/src/paymasters/v4/PaymasterBase.sol:510:27
    │
510 │         emit PriceUpdated(uint256(price), updatedAt);
    │                           ━━━━━━━━━━━━━━
    │
    ├ note: consider disabling this lint if you're certain the cast is safe
    │       
    │       // casting to 'uint256' is safe because [explain why]
    │       // forge-lint: disable-next-line(unsafe-typecast)
    │       
    │       
    ╰ help: https://book.getfoundry.sh/reference/forge/forge-lint#unsafe-typecast

warning[unsafe-typecast]: typecasts that can truncate values should be checked
    ╭▸ contracts/src/paymasters/v4/PaymasterBase.sol:538:43
    │
538 │         cachedPrice = PriceCache({ price: uint208(price), updatedAt: timestamp });
    │                                           ━━━━━━━━━━━━━━
    │
    ├ note: consider disabling this lint if you're certain the cast is safe
    │       
    │       // casting to 'uint208' is safe because [explain why]
    │       // forge-lint: disable-next-line(unsafe-typecast)
    │       
    │       
    ╰ help: https://book.getfoundry.sh/reference/forge/forge-lint#unsafe-typecast

warning[block-timestamp]: usage of `block.timestamp` in a comparison may be manipulated by validators
   ╭▸ contracts/src/tokens/v2/AOAProtocolRegistry.sol:76:13
   │
76 │         if (block.timestamp < eta) revert TimelockActive(eta);
   │             ━━━━━━━━━━━━━━━━━━━━━
   │
   ╰ help: https://book.getfoundry.sh/reference/forge/forge-lint#block-timestamp

warning[erc20-unchecked-transfer]: ERC20 'transfer' and 'transferFrom' calls should check the return value
    ╭▸ contracts/test/v2/xPNTsTokenV2.t.sol:155:9
    │
155 │         t.transfer(address(1), 6_000 ether); // exactly the free part is fine
    │         ━━━━━━━━━━━━━━━━━━━━━━━━━━━━━━━━━━━
    │
    ╰ help: https://book.getfoundry.sh/reference/forge/forge-lint#erc20-unchecked-transfer

warning[unsafe-typecast]: typecasts that can truncate values should be checked
    ╭▸ contracts/test/v3/MySBT_Complete.t.sol:739:36
    │
739 │             address comm = address(uint160(0x1000 + i));
    │                                    ━━━━━━━━━━━━━━━━━━━
    │
    ├ note: consider disabling this lint if you're certain the cast is safe
    │       
    │       // casting to 'uint160' is safe because [explain why]
    │       // forge-lint: disable-next-line(unsafe-typecast)
    │       
    │       
    ╰ help: https://book.getfoundry.sh/reference/forge/forge-lint#unsafe-typecast

warning[erc20-unchecked-transfer]: ERC20 'transfer' and 'transferFrom' calls should check the return value
   ╭▸ contracts/test/v3/Registry_MultiCommunity.t.sol:50:9
   │
50 │         gtoken.transfer(user, 100 ether);
   │         ━━━━━━━━━━━━━━━━━━━━━━━━━━━━━━━━
   │
   ╰ help: https://book.getfoundry.sh/reference/forge/forge-lint#erc20-unchecked-transfer

warning[block-timestamp]: usage of `block.timestamp` in a comparison may be manipulated by validators
    ╭▸ contracts/src/modules/reputation/ReputationSystem.sol:163:34
    │
163 │             if (holdStart > 0 && block.timestamp >= holdStart + 7 days) {
    │                                  ━━━━━━━━━━━━━━━━━━━━━━━━━━━━━━━━━━━━━
    │
    ╰ help: https://book.getfoundry.sh/reference/forge/forge-lint#block-timestamp

warning[unsafe-typecast]: typecasts that can truncate values should be checked
   ╭▸ contracts/test/modules/GuardianSlashE2E.t.sol:41:30
   │
41 │         lockAmt[operator] -= uint128(penalty);
   │                              ━━━━━━━━━━━━━━━━
   │
   ├ note: consider disabling this lint if you're certain the cast is safe
   │       
   │       // casting to 'uint128' is safe because [explain why]
   │       // forge-lint: disable-next-line(unsafe-typecast)
   │       
   │       
   ╰ help: https://book.getfoundry.sh/reference/forge/forge-lint#unsafe-typecast

warning[unsafe-typecast]: typecasts that can truncate values should be checked
   ╭▸ contracts/src/tokens/v2/AOAProtocolRegistry.sol:68:22
   │
68 │         uint64 eta = uint64(block.timestamp + TIMELOCK);
   │                      ━━━━━━━━━━━━━━━━━━━━━━━━━━━━━━━━━━
   │
   ├ note: consider disabling this lint if you're certain the cast is safe
   │       
   │       // casting to 'uint64' is safe because [explain why]
   │       // forge-lint: disable-next-line(unsafe-typecast)
   │       
   │       
   ╰ help: https://book.getfoundry.sh/reference/forge/forge-lint#unsafe-typecast

warning[erc20-unchecked-transfer]: ERC20 'transfer' and 'transferFrom' calls should check the return value
   ╭▸ contracts/test/v3/Registry_MultiCommunity.t.sol:53:9
   │
53 │         gtoken.transfer(communityA, 100 ether);
   │         ━━━━━━━━━━━━━━━━━━━━━━━━━━━━━━━━━━━━━━
   │
   ╰ help: https://book.getfoundry.sh/reference/forge/forge-lint#erc20-unchecked-transfer

warning[erc20-unchecked-transfer]: ERC20 'transfer' and 'transferFrom' calls should check the return value
   ╭▸ contracts/test/v3/Registry_MultiCommunity.t.sol:54:9
   │
54 │         gtoken.transfer(communityB, 100 ether);
   │         ━━━━━━━━━━━━━━━━━━━━━━━━━━━━━━━━━━━━━━
   │
   ╰ help: https://book.getfoundry.sh/reference/forge/forge-lint#erc20-unchecked-transfer

warning[erc20-unchecked-transfer]: ERC20 'transfer' and 'transferFrom' calls should check the return value
   ╭▸ contracts/test/v3/Registry_MultiCommunity.t.sol:55:9
   │
55 │         gtoken.transfer(communityC, 100 ether);
   │         ━━━━━━━━━━━━━━━━━━━━━━━━━━━━━━━━━━━━━━
   │
   ╰ help: https://book.getfoundry.sh/reference/forge/forge-lint#erc20-unchecked-transfer

warning[unsafe-typecast]: typecasts that can truncate values should be checked
    ╭▸ contracts/test/modules/GuardianSlashE2E.t.sol:201:41
    │
201 │             staking.setLock(signers[i], uint128(MIN_STAKE)); // exactly at floor
    │                                         ━━━━━━━━━━━━━━━━━━
    │
    ├ note: consider disabling this lint if you're certain the cast is safe
    │       
    │       // casting to 'uint128' is safe because [explain why]
    │       // forge-lint: disable-next-line(unsafe-typecast)
    │       
    │       
    ╰ help: https://book.getfoundry.sh/reference/forge/forge-lint#unsafe-typecast

warning[block-timestamp]: usage of `block.timestamp` in a comparison may be manipulated by validators
   ╭▸ contracts/src/tokens/v2/xPNTsTokenV2Ext.sol:84:13
   │
84 │         if (block.timestamp > deadline) revert SignatureExpired();
   │             ━━━━━━━━━━━━━━━━━━━━━━━━━━
   │
   ╰ help: https://book.getfoundry.sh/reference/forge/forge-lint#block-timestamp

warning[unsafe-typecast]: typecasts that can truncate values should be checked
    ╭▸ contracts/test/v3/MySBT_Complete.t.sol:766:36
    │
766 │             address comm = address(uint160(0x3000 + i));
    │                                    ━━━━━━━━━━━━━━━━━━━
    │
    ├ note: consider disabling this lint if you're certain the cast is safe
    │       
    │       // casting to 'uint160' is safe because [explain why]
    │       // forge-lint: disable-next-line(unsafe-typecast)
    │       
    │       
    ╰ help: https://book.getfoundry.sh/reference/forge/forge-lint#unsafe-typecast

warning[unsafe-typecast]: typecasts that can truncate values should be checked
    ╭▸ contracts/test/v2/SuperPaymasterV55.t.sol:109:44
    │
109 │             address(sp), uint128(700_000), uint128(postOpGas), operator, type(uint256).max, address(token), flags
    │                                            ━━━━━━━━━━━━━━━━━━
    │
    ├ note: consider disabling this lint if you're certain the cast is safe
    │       
    │       // casting to 'uint128' is safe because [explain why]
    │       // forge-lint: disable-next-line(unsafe-typecast)
    │       
    │       
    ╰ help: https://book.getfoundry.sh/reference/forge/forge-lint#unsafe-typecast

warning[block-timestamp]: usage of `block.timestamp` in a comparison may be manipulated by validators
     ╭▸ contracts/src/modules/monitoring/BLSAggregator.sol:1292:37
     │
1292 │             if (exitReadyAt != 0 && block.timestamp >= uint256(exitReadyAt)) {
     │                                     ━━━━━━━━━━━━━━━━━━━━━━━━━━━━━━━━━━━━━━━
     │
     ╰ help: https://book.getfoundry.sh/reference/forge/forge-lint#block-timestamp

warning[block-timestamp]: usage of `block.timestamp` in a comparison may be manipulated by validators
    ╭▸ contracts/src/tokens/v2/xPNTsTokenV2Ext.sol:171:13
    │
171 │         if (block.timestamp < pendingPolicyEta) revert TimelockActive(pendingPolicyEta);
    │             ━━━━━━━━━━━━━━━━━━━━━━━━━━━━━━━━━━
    │
    ╰ help: https://book.getfoundry.sh/reference/forge/forge-lint#block-timestamp

warning[unsafe-typecast]: typecasts that can truncate values should be checked
    ╭▸ contracts/src/tokens/v2/AOAProtocolRegistry.sol:120:29
    │
120 │             bool prefixOk = bytes10(w0) == bytes10(0x363d3d373d3d3d363d73);
    │                             ━━━━━━━━━━━
    │
    ├ note: consider disabling this lint if you're certain the cast is safe
    │       
    │       // casting to 'bytes10' is safe because [explain why]
    │       // forge-lint: disable-next-line(unsafe-typecast)
    │       
    │       
    ╰ help: https://book.getfoundry.sh/reference/forge/forge-lint#unsafe-typecast

warning[unsafe-typecast]: typecasts that can truncate values should be checked
    ╭▸ contracts/test/v3/BlacklistSync.t.sol:240:18
    │
240 │         assertEq(uint160(validationData), 0, "Should pass validation");
    │                  ━━━━━━━━━━━━━━━━━━━━━━━
    │
    ├ note: consider disabling this lint if you're certain the cast is safe
    │       
    │       // casting to 'uint160' is safe because [explain why]
    │       // forge-lint: disable-next-line(unsafe-typecast)
    │       
    │       
    ╰ help: https://book.getfoundry.sh/reference/forge/forge-lint#unsafe-typecast

warning[unsafe-typecast]: typecasts that can truncate values should be checked
    ╭▸ contracts/test/v3/BlacklistSync.t.sol:255:18
    │
255 │         assertEq(uint160(vd), 0, "admitted before the blacklist lands");
    │                  ━━━━━━━━━━━
    │
    ├ note: consider disabling this lint if you're certain the cast is safe
    │       
    │       // casting to 'uint160' is safe because [explain why]
    │       // forge-lint: disable-next-line(unsafe-typecast)
    │       
    │       
    ╰ help: https://book.getfoundry.sh/reference/forge/forge-lint#unsafe-typecast

warning[unsafe-typecast]: typecasts that can truncate values should be checked
    ╭▸ contracts/test/modules/DVT_BLS.t.sol:169:33
    │
169 │             address v = address(uint160(i + 100)); // 101..110
    │                                 ━━━━━━━━━━━━━━━━
    │
    ├ note: consider disabling this lint if you're certain the cast is safe
    │       
    │       // casting to 'uint160' is safe because [explain why]
    │       // forge-lint: disable-next-line(unsafe-typecast)
    │       
    │       
    ╰ help: https://book.getfoundry.sh/reference/forge/forge-lint#unsafe-typecast

warning[block-timestamp]: usage of `block.timestamp` in a comparison may be manipulated by validators
     ╭▸ contracts/src/modules/monitoring/BLSAggregator.sol:1628:13
     │
1628 │         if (block.timestamp < uint256(readyAt)) revert VerifierRotationNotReady(uint256(readyAt));
     │             ━━━━━━━━━━━━━━━━━━━━━━━━━━━━━━━━━━
     │
     ╰ help: https://book.getfoundry.sh/reference/forge/forge-lint#block-timestamp

warning[block-timestamp]: usage of `block.timestamp` in a comparison may be manipulated by validators
    ╭▸ contracts/src/tokens/v2/xPNTsTokenV2Ext.sol:195:13
    │
195 │         if (block.timestamp < pendingTierSourceEta) revert TimelockActive(pendingTierSourceEta);
    │             ━━━━━━━━━━━━━━━━━━━━━━━━━━━━━━━━━━━━━━
    │
    ╰ help: https://book.getfoundry.sh/reference/forge/forge-lint#block-timestamp

warning[unsafe-typecast]: typecasts that can truncate values should be checked
    ╭▸ contracts/test/v3/MySBT_Complete.t.sol:784:36
    │
784 │             address comm = address(uint160(0x3000 + i));
    │                                    ━━━━━━━━━━━━━━━━━━━
    │
    ├ note: consider disabling this lint if you're certain the cast is safe
    │       
    │       // casting to 'uint160' is safe because [explain why]
    │       // forge-lint: disable-next-line(unsafe-typecast)
    │       
    │       
    ╰ help: https://book.getfoundry.sh/reference/forge/forge-lint#unsafe-typecast

warning[erc20-unchecked-transfer]: ERC20 'transfer' and 'transferFrom' calls should check the return value
   ╭▸ contracts/test/v3/xPNTsTokenFull.t.sol:72:9
   │
72 │         token.transferFrom(user, other, 10 ether);
   │         ━━━━━━━━━━━━━━━━━━━━━━━━━━━━━━━━━━━━━━━━━
   │
   ╰ help: https://book.getfoundry.sh/reference/forge/forge-lint#erc20-unchecked-transfer

warning[unsafe-typecast]: typecasts that can truncate values should be checked
    ╭▸ contracts/src/tokens/v2/AOAProtocolRegistry.sol:122:29
    │
122 │             bool suffixOk = bytes2(w0 << 240) == bytes2(0x5af4)
    │                             ━━━━━━━━━━━━━━━━━
    │
    ├ note: consider disabling this lint if you're certain the cast is safe
    │       
    │       // casting to 'bytes2' is safe because [explain why]
    │       // forge-lint: disable-next-line(unsafe-typecast)
    │       
    │       
    ╰ help: https://book.getfoundry.sh/reference/forge/forge-lint#unsafe-typecast

warning[unsafe-typecast]: typecasts that can truncate values should be checked
    ╭▸ contracts/src/tokens/v2/AOAProtocolRegistry.sol:123:20
    │
123 │                 && bytes13(w1) == bytes13(0x3d82803e903d91602b57fd5bf3);
    │                    ━━━━━━━━━━━
    │
    ├ note: consider disabling this lint if you're certain the cast is safe
    │       
    │       // casting to 'bytes13' is safe because [explain why]
    │       // forge-lint: disable-next-line(unsafe-typecast)
    │       
    │       
    ╰ help: https://book.getfoundry.sh/reference/forge/forge-lint#unsafe-typecast

warning[block-timestamp]: usage of `block.timestamp` in a comparison may be manipulated by validators
     ╭▸ contracts/src/modules/monitoring/BLSAggregator.sol:1732:13
     │
1732 │         if (block.timestamp < uint256(cooldownUntil)) {
     │             ━━━━━━━━━━━━━━━━━━━━━━━━━━━━━━━━━━━━━━━━
     │
     ╰ help: https://book.getfoundry.sh/reference/forge/forge-lint#block-timestamp

warning[block-timestamp]: usage of `block.timestamp` in a comparison may be manipulated by validators
    ╭▸ contracts/src/tokens/v2/xPNTsTokenV2Ext.sol:260:13
    │
260 │         if (block.timestamp < pendingSPEta) revert TimelockActive(pendingSPEta);
    │             ━━━━━━━━━━━━━━━━━━━━━━━━━━━━━━
    │
    ╰ help: https://book.getfoundry.sh/reference/forge/forge-lint#block-timestamp

warning[erc20-unchecked-transfer]: ERC20 'transfer' and 'transferFrom' calls should check the return value
   ╭▸ contracts/test/v3/xPNTs_APNTs_Accounting.t.sol:50:9
   │
50 │         token.transfer(to, amount);
   │         ━━━━━━━━━━━━━━━━━━━━━━━━━━
   │
   ╰ help: https://book.getfoundry.sh/reference/forge/forge-lint#erc20-unchecked-transfer

warning[unsafe-typecast]: typecasts that can truncate values should be checked
   ╭▸ contracts/test/v3/xPNTs_APNTs_Accounting.t.sol:64:50
   │
64 │         token.burnFromWithOpHash(user, 10 ether, bytes32("op1"));
   │                                                  ━━━━━━━━━━━━━━
   │
   ├ note: consider disabling this lint if you're certain the cast is safe
   │       
   │       // casting to 'bytes32' is safe because [explain why]
   │       // forge-lint: disable-next-line(unsafe-typecast)
   │       
   │       
   ╰ help: https://book.getfoundry.sh/reference/forge/forge-lint#unsafe-typecast

warning[unsafe-typecast]: typecasts that can truncate values should be checked
   ╭▸ contracts/test/v3/xPNTs_APNTs_Accounting.t.sol:77:43
   │
77 │         token.burnFromWithOpHash(user, 3, bytes32("op_hceil")); // 3 wei aPNTs
   │                                           ━━━━━━━━━━━━━━━━━━━
   │
   ├ note: consider disabling this lint if you're certain the cast is safe
   │       
   │       // casting to 'bytes32' is safe because [explain why]
   │       // forge-lint: disable-next-line(unsafe-typecast)
   │       
   │       
   ╰ help: https://book.getfoundry.sh/reference/forge/forge-lint#unsafe-typecast

warning[unsafe-typecast]: typecasts that can truncate values should be checked
   ╭▸ contracts/test/v3/xPNTs_APNTs_Accounting.t.sol:91:43
   │
91 │         token.burnFromWithOpHash(user, 3, bytes32("op2")); // 3 wei aPNTs
   │                                           ━━━━━━━━━━━━━━
   │
   ├ note: consider disabling this lint if you're certain the cast is safe
   │       
   │       // casting to 'bytes32' is safe because [explain why]
   │       // forge-lint: disable-next-line(unsafe-typecast)
   │       
   │       
   ╰ help: https://book.getfoundry.sh/reference/forge/forge-lint#unsafe-typecast

warning[block-timestamp]: usage of `block.timestamp` in a comparison may be manipulated by validators
    ╭▸ contracts/src/tokens/v2/xPNTsTokenV2Ext.sol:292:13
    │
292 │         if (block.timestamp < pendingStandbyEta) revert TimelockActive(pendingStandbyEta);
    │             ━━━━━━━━━━━━━━━━━━━━━━━━━━━━━━━━━━━
    │
    ╰ help: https://book.getfoundry.sh/reference/forge/forge-lint#block-timestamp

warning[erc20-unchecked-transfer]: ERC20 'transfer' and 'transferFrom' calls should check the return value
    ╭▸ contracts/test/v3/Coverage_Supplement.t.sol:456:9
    │
456 │         xpnts.transfer(address(0xdead), 1000 ether);
    │         ━━━━━━━━━━━━━━━━━━━━━━━━━━━━━━━━━━━━━━━━━━━
    │
    ╰ help: https://book.getfoundry.sh/reference/forge/forge-lint#erc20-unchecked-transfer

warning[unsafe-typecast]: typecasts that can truncate values should be checked
    ╭▸ contracts/test/v3/Coverage_Supplement.t.sol:466:18
    │
466 │         assertEq(uint160(valData), 0, "Should succeed");
    │                  ━━━━━━━━━━━━━━━━
    │
    ├ note: consider disabling this lint if you're certain the cast is safe
    │       
    │       // casting to 'uint160' is safe because [explain why]
    │       // forge-lint: disable-next-line(unsafe-typecast)
    │       
    │       
    ╰ help: https://book.getfoundry.sh/reference/forge/forge-lint#unsafe-typecast

warning[unsafe-typecast]: typecasts that can truncate values should be checked
    ╭▸ contracts/test/v3/Coverage_Supplement.t.sol:485:18
    │
485 │         assertEq(uint160(valData), 0, "Should succeed after unpause");
    │                  ━━━━━━━━━━━━━━━━
    │
    ├ note: consider disabling this lint if you're certain the cast is safe
    │       
    │       // casting to 'uint160' is safe because [explain why]
    │       // forge-lint: disable-next-line(unsafe-typecast)
    │       
    │       
    ╰ help: https://book.getfoundry.sh/reference/forge/forge-lint#unsafe-typecast

warning[block-timestamp]: usage of `block.timestamp` in a comparison may be manipulated by validators
     ╭▸ contracts/src/modules/monitoring/BLSAggregator.sol:1869:13
     │
1869 │         if (block.timestamp < request.readyAt) revert GuardianExitNotReady(guardian, request.readyAt);
     │             ━━━━━━━━━━━━━━━━━━━━━━━━━━━━━━━━━
     │
     ╰ help: https://book.getfoundry.sh/reference/forge/forge-lint#block-timestamp

warning[block-timestamp]: usage of `block.timestamp` in a comparison may be manipulated by validators
     ╭▸ contracts/src/modules/monitoring/BLSAggregator.sol:1870:13
     │
1870 │         if (block.timestamp > request.expiresAt) revert GuardianExitRequestExpired(guardian, request.expiresAt);
     │             ━━━━━━━━━━━━━━━━━━━━━━━━━━━━━━━━━━━
     │
     ╰ help: https://book.getfoundry.sh/reference/forge/forge-lint#block-timestamp

warning[block-timestamp]: usage of `block.timestamp` in a comparison may be manipulated by validators
    ╭▸ contracts/src/tokens/v2/xPNTsTokenV2Ext.sol:343:13
    │
343 │         if (block.timestamp < eta) revert TimelockActive(eta);
    │             ━━━━━━━━━━━━━━━━━━━━━
    │
    ╰ help: https://book.getfoundry.sh/reference/forge/forge-lint#block-timestamp

warning[unsafe-typecast]: typecasts that can truncate values should be checked
    ╭▸ contracts/test/v3/Coverage_Supplement.t.sol:513:18
    │
513 │         assertEq(uint160(vd), 0, "validation ok");
    │                  ━━━━━━━━━━━
    │
    ├ note: consider disabling this lint if you're certain the cast is safe
    │       
    │       // casting to 'uint160' is safe because [explain why]
    │       // forge-lint: disable-next-line(unsafe-typecast)
    │       
    │       
    ╰ help: https://book.getfoundry.sh/reference/forge/forge-lint#unsafe-typecast

warning[unsafe-typecast]: typecasts that can truncate values should be checked
    ╭▸ contracts/test/modules/DVT_BLS.t.sol:173:63
    │
173 │             bls.registerBLSPublicKey(v, _stubKey(uint256(i)), uint8(i), _emptyPoP());
    │                                                               ━━━━━━━━
    │
    ├ note: consider disabling this lint if you're certain the cast is safe
    │       
    │       // casting to 'uint8' is safe because [explain why]
    │       // forge-lint: disable-next-line(unsafe-typecast)
    │       
    │       
    ╰ help: https://book.getfoundry.sh/reference/forge/forge-lint#unsafe-typecast

warning[erc20-unchecked-transfer]: ERC20 'transfer' and 'transferFrom' calls should check the return value
    ╭▸ contracts/test/v3/xPNTsTokenFull.t.sol:172:9
    │
172 │         token.transfer(user, 15 ether);
    │         ━━━━━━━━━━━━━━━━━━━━━━━━━━━━━━
    │
    ╰ help: https://book.getfoundry.sh/reference/forge/forge-lint#erc20-unchecked-transfer

warning[erc20-unchecked-transfer]: ERC20 'transfer' and 'transferFrom' calls should check the return value
    ╭▸ contracts/test/v3/xPNTsTokenFull.t.sol:187:9
    │
187 │         token.transfer(user, 20 ether);
    │         ━━━━━━━━━━━━━━━━━━━━━━━━━━━━━━
    │
    ╰ help: https://book.getfoundry.sh/reference/forge/forge-lint#erc20-unchecked-transfer

warning[block-timestamp]: usage of `block.timestamp` in a comparison may be manipulated by validators
    ╭▸ contracts/src/tokens/v2/xPNTsTokenV2Ext.sol:374:43
    │
374 │         if (exchangeRateUpdatedAt != 0 && block.timestamp < exchangeRateUpdatedAt + EXCHANGE_RATE_COOLDOWN) {
    │                                           ━━━━━━━━━━━━━━━━━━━━━━━━━━━━━━━━━━━━━━━━━━━━━━━━━━━━━━━━━━━━━━━━
    │
    ╰ help: https://book.getfoundry.sh/reference/forge/forge-lint#block-timestamp

warning[block-timestamp]: usage of `block.timestamp` in a comparison may be manipulated by validators
     ╭▸ contracts/src/modules/monitoring/BLSAggregator.sol:1938:13
     │
1938 │         if (block.timestamp <= slashCase.deadline) {
     │             ━━━━━━━━━━━━━━━━━━━━━━━━━━━━━━━━━━━━━
     │
     ╰ help: https://book.getfoundry.sh/reference/forge/forge-lint#block-timestamp

warning[erc20-unchecked-transfer]: ERC20 'transfer' and 'transferFrom' calls should check the return value
    ╭▸ contracts/test/v3/xPNTsTokenFull.t.sol:213:9
    │
213 │         token.transfer(user, 100);
    │         ━━━━━━━━━━━━━━━━━━━━━━━━━
    │
    ╰ help: https://book.getfoundry.sh/reference/forge/forge-lint#erc20-unchecked-transfer

warning[unsafe-typecast]: typecasts that can truncate values should be checked
    ╭▸ contracts/test/v3/SuperPaymaster_PassiveFallback.t.sol:157:18
    │
157 │         assertEq(uint160(vd), 0, "setup: op admitted");
    │                  ━━━━━━━━━━━
    │
    ├ note: consider disabling this lint if you're certain the cast is safe
    │       
    │       // casting to 'uint160' is safe because [explain why]
    │       // forge-lint: disable-next-line(unsafe-typecast)
    │       
    │       
    ╰ help: https://book.getfoundry.sh/reference/forge/forge-lint#unsafe-typecast

warning[unsafe-typecast]: typecasts that can truncate values should be checked
    ╭▸ contracts/src/tokens/v2/xPNTsTokenV2Ext.sol:114:17
    │
114 │         a.cap = uint120(cap);
    │                 ━━━━━━━━━━━━
    │
    ├ note: consider disabling this lint if you're certain the cast is safe
    │       
    │       // casting to 'uint120' is safe because [explain why]
    │       // forge-lint: disable-next-line(unsafe-typecast)
    │       
    │       
    ╰ help: https://book.getfoundry.sh/reference/forge/forge-lint#unsafe-typecast

warning[erc20-unchecked-transfer]: ERC20 'transfer' and 'transferFrom' calls should check the return value
    ╭▸ contracts/test/v3/xPNTsTokenFull.t.sol:240:9
    │
240 │         token.transferFrom(user, paymaster, 4000 ether);
    │         ━━━━━━━━━━━━━━━━━━━━━━━━━━━━━━━━━━━━━━━━━━━━━━━
    │
    ╰ help: https://book.getfoundry.sh/reference/forge/forge-lint#erc20-unchecked-transfer

warning[erc20-unchecked-transfer]: ERC20 'transfer' and 'transferFrom' calls should check the return value
    ╭▸ contracts/test/v3/xPNTsTokenFull.t.sol:246:9
    │
246 │         token.transferFrom(user, paymaster, 6000 ether); // > 5000 limit
    │         ━━━━━━━━━━━━━━━━━━━━━━━━━━━━━━━━━━━━━━━━━━━━━━━
    │
    ╰ help: https://book.getfoundry.sh/reference/forge/forge-lint#erc20-unchecked-transfer

warning[unsafe-typecast]: typecasts that can truncate values should be checked
    ╭▸ contracts/src/tokens/v2/xPNTsTokenV2Ext.sol:123:17
    │
123 │         b.cap = uint120(cap);
    │                 ━━━━━━━━━━━━
    │
    ├ note: consider disabling this lint if you're certain the cast is safe
    │       
    │       // casting to 'uint120' is safe because [explain why]
    │       // forge-lint: disable-next-line(unsafe-typecast)
    │       
    │       
    ╰ help: https://book.getfoundry.sh/reference/forge/forge-lint#unsafe-typecast

warning[unsafe-typecast]: typecasts that can truncate values should be checked
    ╭▸ contracts/src/tokens/v2/xPNTsTokenV2Ext.sol:144:37
    │
144 │         creditReq[user] = CreditReq(uint112(maxCap), 0, policyEpoch);
    │                                     ━━━━━━━━━━━━━━━
    │
    ├ note: consider disabling this lint if you're certain the cast is safe
    │       
    │       // casting to 'uint112' is safe because [explain why]
    │       // forge-lint: disable-next-line(unsafe-typecast)
    │       
    │       
    ╰ help: https://book.getfoundry.sh/reference/forge/forge-lint#unsafe-typecast

warning[block-timestamp]: usage of `block.timestamp` in a comparison may be manipulated by validators
    ╭▸ contracts/test/v3/SuperPaymasterV5Features.t.sol:168:17
    │
168 │         require(block.timestamp > validAfter, "authorization not yet valid");
    │                 ━━━━━━━━━━━━━━━━━━━━━━━━━━━━
    │
    ╰ help: https://book.getfoundry.sh/reference/forge/forge-lint#block-timestamp

warning[block-timestamp]: usage of `block.timestamp` in a comparison may be manipulated by validators
    ╭▸ contracts/test/v3/SuperPaymasterV5Features.t.sol:169:17
    │
169 │         require(block.timestamp < validBefore, "authorization expired");
    │                 ━━━━━━━━━━━━━━━━━━━━━━━━━━━━━
    │
    ╰ help: https://book.getfoundry.sh/reference/forge/forge-lint#block-timestamp

warning[unsafe-typecast]: typecasts that can truncate values should be checked
    ╭▸ contracts/test/v2/SuperPaymasterV55Fuzz.t.sol:538:56
    │
538 │         op.accountGasLimits = bytes32(abi.encodePacked(uint128(VERIF_GAS), uint128(100_000)));
    │                                                        ━━━━━━━━━━━━━━━━━━
    │
    ├ note: consider disabling this lint if you're certain the cast is safe
    │       
    │       // casting to 'uint128' is safe because [explain why]
    │       // forge-lint: disable-next-line(unsafe-typecast)
    │       
    │       
    ╰ help: https://book.getfoundry.sh/reference/forge/forge-lint#unsafe-typecast

warning[erc20-unchecked-transfer]: ERC20 'transfer' and 'transferFrom' calls should check the return value
    ╭▸ contracts/test/v3/xPNTsTokenFull.t.sol:301:9
    │
301 │         token.transferFrom(user, attacker, 500 ether);
    │         ━━━━━━━━━━━━━━━━━━━━━━━━━━━━━━━━━━━━━━━━━━━━━
    │
    ╰ help: https://book.getfoundry.sh/reference/forge/forge-lint#erc20-unchecked-transfer

warning[block-timestamp]: usage of `block.timestamp` in a comparison may be manipulated by validators
     ╭▸ contracts/src/modules/monitoring/BLSAggregator.sol:2022:13
     │
2022 │         if (block.timestamp > slashCase.deadline) {
     │             ━━━━━━━━━━━━━━━━━━━━━━━━━━━━━━━━━━━━
     │
     ╰ help: https://book.getfoundry.sh/reference/forge/forge-lint#block-timestamp

warning[unsafe-typecast]: typecasts that can truncate values should be checked
    ╭▸ contracts/src/tokens/v2/xPNTsTokenV2Ext.sol:157:25
    │
157 │         r.approvedCap = uint112(c);
    │                         ━━━━━━━━━━
    │
    ├ note: consider disabling this lint if you're certain the cast is safe
    │       
    │       // casting to 'uint112' is safe because [explain why]
    │       // forge-lint: disable-next-line(unsafe-typecast)
    │       
    │       
    ╰ help: https://book.getfoundry.sh/reference/forge/forge-lint#unsafe-typecast

warning[unsafe-typecast]: typecasts that can truncate values should be checked
    ╭▸ contracts/test/v2/SuperPaymasterV55Fuzz.t.sol:542:26
    │
542 │             address(sp), uint128(PM_VERIF_GAS), uint128(MIN_POST_OP_GAS), opr[0], type(uint256).max, address(tok[0]), uint8(0)
    │                          ━━━━━━━━━━━━━━━━━━━━━
    │
    ├ note: consider disabling this lint if you're certain the cast is safe
    │       
    │       // casting to 'uint128' is safe because [explain why]
    │       // forge-lint: disable-next-line(unsafe-typecast)
    │       
    │       
    ╰ help: https://book.getfoundry.sh/reference/forge/forge-lint#unsafe-typecast

warning[unsafe-typecast]: typecasts that can truncate values should be checked
    ╭▸ contracts/test/v2/SuperPaymasterV55Fuzz.t.sol:542:49
    │
542 │             address(sp), uint128(PM_VERIF_GAS), uint128(MIN_POST_OP_GAS), opr[0], type(uint256).max, address(tok[0]), uint8(0)
    │                                                 ━━━━━━━━━━━━━━━━━━━━━━━━
    │
    ├ note: consider disabling this lint if you're certain the cast is safe
    │       
    │       // casting to 'uint128' is safe because [explain why]
    │       // forge-lint: disable-next-line(unsafe-typecast)
    │       
    │       
    ╰ help: https://book.getfoundry.sh/reference/forge/forge-lint#unsafe-typecast

warning[unsafe-typecast]: typecasts that can truncate values should be checked
    ╭▸ contracts/src/tokens/v2/xPNTsTokenV2Ext.sol:165:28
    │
165 │         pendingPolicyEta = uint64(block.timestamp + TIMELOCK);
    │                            ━━━━━━━━━━━━━━━━━━━━━━━━━━━━━━━━━━
    │
    ├ note: consider disabling this lint if you're certain the cast is safe
    │       
    │       // casting to 'uint64' is safe because [explain why]
    │       // forge-lint: disable-next-line(unsafe-typecast)
    │       
    │       
    ╰ help: https://book.getfoundry.sh/reference/forge/forge-lint#unsafe-typecast

warning[unsafe-typecast]: typecasts that can truncate values should be checked
    ╭▸ contracts/test/v3/xPNTs_APNTs_Accounting.t.sol:104:49
    │
104 │         token.burnFromWithOpHash(user, 2 ether, bytes32("op3"));
    │                                                 ━━━━━━━━━━━━━━
    │
    ├ note: consider disabling this lint if you're certain the cast is safe
    │       
    │       // casting to 'bytes32' is safe because [explain why]
    │       // forge-lint: disable-next-line(unsafe-typecast)
    │       
    │       
    ╰ help: https://book.getfoundry.sh/reference/forge/forge-lint#unsafe-typecast

warning[unsafe-typecast]: typecasts that can truncate values should be checked
    ╭▸ contracts/src/modules/monitoring/BLSAggregator.sol:876:38
    │
876 │         for (uint8 slot = 1; slot <= uint8(MAX_VALIDATORS);) {
    │                                      ━━━━━━━━━━━━━━━━━━━━━
    │
    ├ note: consider disabling this lint if you're certain the cast is safe
    │       
    │       // casting to 'uint8' is safe because [explain why]
    │       // forge-lint: disable-next-line(unsafe-typecast)
    │       
    │       
    ╰ help: https://book.getfoundry.sh/reference/forge/forge-lint#unsafe-typecast

warning[unsafe-typecast]: typecasts that can truncate values should be checked
    ╭▸ contracts/src/tokens/v2/xPNTsTokenV2Ext.sol:188:32
    │
188 │         pendingTierSourceEta = uint64(block.timestamp + TIMELOCK);
    │                                ━━━━━━━━━━━━━━━━━━━━━━━━━━━━━━━━━━
    │
    ├ note: consider disabling this lint if you're certain the cast is safe
    │       
    │       // casting to 'uint64' is safe because [explain why]
    │       // forge-lint: disable-next-line(unsafe-typecast)
    │       
    │       
    ╰ help: https://book.getfoundry.sh/reference/forge/forge-lint#unsafe-typecast

warning[block-timestamp]: usage of `block.timestamp` in a comparison may be manipulated by validators
    ╭▸ contracts/test/v3/SuperPaymasterV5Features.t.sol:183:17
    │
183 │         require(block.timestamp > validAfter, "authorization not yet valid");
    │                 ━━━━━━━━━━━━━━━━━━━━━━━━━━━━
    │
    ╰ help: https://book.getfoundry.sh/reference/forge/forge-lint#block-timestamp

warning[block-timestamp]: usage of `block.timestamp` in a comparison may be manipulated by validators
    ╭▸ contracts/test/v3/SuperPaymasterV5Features.t.sol:184:17
    │
184 │         require(block.timestamp < validBefore, "authorization expired");
    │                 ━━━━━━━━━━━━━━━━━━━━━━━━━━━━━
    │
    ╰ help: https://book.getfoundry.sh/reference/forge/forge-lint#block-timestamp

warning[unsafe-typecast]: typecasts that can truncate values should be checked
    ╭▸ contracts/test/v3/Registry_BLSMockedPaths.t.sol:153:32
    │
153 │             users[i] = address(uint160(1000 + i));
    │                                ━━━━━━━━━━━━━━━━━
    │
    ├ note: consider disabling this lint if you're certain the cast is safe
    │       
    │       // casting to 'uint160' is safe because [explain why]
    │       // forge-lint: disable-next-line(unsafe-typecast)
    │       
    │       
    ╰ help: https://book.getfoundry.sh/reference/forge/forge-lint#unsafe-typecast

warning[unsafe-typecast]: typecasts that can truncate values should be checked
     ╭▸ contracts/src/modules/monitoring/BLSAggregator.sol:1251:35
     │
1251 │             revert SlotOutOfRange(uint8(MAX_VALIDATORS + 1));
     │                                   ━━━━━━━━━━━━━━━━━━━━━━━━━
     │
     ├ note: consider disabling this lint if you're certain the cast is safe
     │       
     │       // casting to 'uint8' is safe because [explain why]
     │       // forge-lint: disable-next-line(unsafe-typecast)
     │       
     │       
     ╰ help: https://book.getfoundry.sh/reference/forge/forge-lint#unsafe-typecast

warning[block-timestamp]: usage of `block.timestamp` in a comparison may be manipulated by validators
    ╭▸ contracts/test/v3/SuperPaymasterV5Features.t.sol:269:17
    │
269 │         require(block.timestamp > validAfter, "authorization not yet valid");
    │                 ━━━━━━━━━━━━━━━━━━━━━━━━━━━━
    │
    ╰ help: https://book.getfoundry.sh/reference/forge/forge-lint#block-timestamp

warning[block-timestamp]: usage of `block.timestamp` in a comparison may be manipulated by validators
    ╭▸ contracts/test/v3/SuperPaymasterV5Features.t.sol:270:17
    │
270 │         require(block.timestamp < validBefore, "authorization expired");
    │                 ━━━━━━━━━━━━━━━━━━━━━━━━━━━━━
    │
    ╰ help: https://book.getfoundry.sh/reference/forge/forge-lint#block-timestamp

warning[block-timestamp]: usage of `block.timestamp` in a comparison may be manipulated by validators
    ╭▸ contracts/test/v3/SuperPaymasterV5Features.t.sol:288:17
    │
288 │         require(block.timestamp > validAfter, "authorization not yet valid");
    │                 ━━━━━━━━━━━━━━━━━━━━━━━━━━━━
    │
    ╰ help: https://book.getfoundry.sh/reference/forge/forge-lint#block-timestamp

warning[block-timestamp]: usage of `block.timestamp` in a comparison may be manipulated by validators
    ╭▸ contracts/test/v3/SuperPaymasterV5Features.t.sol:289:17
    │
289 │         require(block.timestamp < validBefore, "authorization expired");
    │                 ━━━━━━━━━━━━━━━━━━━━━━━━━━━━━
    │
    ╰ help: https://book.getfoundry.sh/reference/forge/forge-lint#block-timestamp

warning[unsafe-typecast]: typecasts that can truncate values should be checked
    ╭▸ contracts/test/v3/xPNTs_APNTs_Accounting.t.sol:116:53
    │
116 │         token.burnFromWithOpHash(user, 5_001 ether, bytes32("op4"));
    │                                                     ━━━━━━━━━━━━━━
    │
    ├ note: consider disabling this lint if you're certain the cast is safe
    │       
    │       // casting to 'bytes32' is safe because [explain why]
    │       // forge-lint: disable-next-line(unsafe-typecast)
    │       
    │       
    ╰ help: https://book.getfoundry.sh/reference/forge/forge-lint#unsafe-typecast

warning[unsafe-typecast]: typecasts that can truncate values should be checked
    ╭▸ contracts/test/v3/xPNTs_APNTs_Accounting.t.sol:122:26
    │
122 │         bytes32 opHash = bytes32("op10");
    │                          ━━━━━━━━━━━━━━━
    │
    ├ note: consider disabling this lint if you're certain the cast is safe
    │       
    │       // casting to 'bytes32' is safe because [explain why]
    │       // forge-lint: disable-next-line(unsafe-typecast)
    │       
    │       
    ╰ help: https://book.getfoundry.sh/reference/forge/forge-lint#unsafe-typecast

warning[unsafe-typecast]: typecasts that can truncate values should be checked
    ╭▸ contracts/test/v3/xPNTs_APNTs_Accounting.t.sol:132:26
    │
132 │         bytes32 opHash = bytes32("op11");
    │                          ━━━━━━━━━━━━━━━
    │
    ├ note: consider disabling this lint if you're certain the cast is safe
    │       
    │       // casting to 'bytes32' is safe because [explain why]
    │       // forge-lint: disable-next-line(unsafe-typecast)
    │       
    │       
    ╰ help: https://book.getfoundry.sh/reference/forge/forge-lint#unsafe-typecast

warning[unsafe-typecast]: typecasts that can truncate values should be checked
    ╭▸ contracts/test/v3/xPNTs_APNTs_Accounting.t.sol:143:26
    │
143 │         bytes32 opHash = bytes32("op12");
    │                          ━━━━━━━━━━━━━━━
    │
    ├ note: consider disabling this lint if you're certain the cast is safe
    │       
    │       // casting to 'bytes32' is safe because [explain why]
    │       // forge-lint: disable-next-line(unsafe-typecast)
    │       
    │       
    ╰ help: https://book.getfoundry.sh/reference/forge/forge-lint#unsafe-typecast

warning[unsafe-typecast]: typecasts that can truncate values should be checked
    ╭▸ contracts/test/v3/xPNTs_APNTs_Accounting.t.sol:157:26
    │
157 │         bytes32 opHash = bytes32("op13");
    │                          ━━━━━━━━━━━━━━━
    │
    ├ note: consider disabling this lint if you're certain the cast is safe
    │       
    │       // casting to 'bytes32' is safe because [explain why]
    │       // forge-lint: disable-next-line(unsafe-typecast)
    │       
    │       
    ╰ help: https://book.getfoundry.sh/reference/forge/forge-lint#unsafe-typecast

warning[erc20-unchecked-transfer]: ERC20 'transfer' and 'transferFrom' calls should check the return value
    ╭▸ contracts/test/v3/xPNTs_APNTs_Accounting.t.sol:180:9
    │
180 │         token.transferFrom(user, paymaster, 3_000 ether); // 6000 aPNTs equiv > 5000 limit
    │         ━━━━━━━━━━━━━━━━━━━━━━━━━━━━━━━━━━━━━━━━━━━━━━━━
    │
    ╰ help: https://book.getfoundry.sh/reference/forge/forge-lint#erc20-unchecked-transfer

warning[erc20-unchecked-transfer]: ERC20 'transfer' and 'transferFrom' calls should check the return value
    ╭▸ contracts/test/v3/xPNTs_APNTs_Accounting.t.sol:191:9
    │
191 │         token.transferFrom(user, paymaster, 6_000 ether); // 3000 aPNTs equiv < 5000 limit
    │         ━━━━━━━━━━━━━━━━━━━━━━━━━━━━━━━━━━━━━━━━━━━━━━━━
    │
    ╰ help: https://book.getfoundry.sh/reference/forge/forge-lint#erc20-unchecked-transfer

warning[unsafe-typecast]: typecasts that can truncate values should be checked
    ╭▸ contracts/test/v3/xPNTs_APNTs_Accounting.t.sol:204:49
    │
204 │         token.burnFromWithOpHash(user, 1 ether, bytes32("op20"));
    │                                                 ━━━━━━━━━━━━━━━
    │
    ├ note: consider disabling this lint if you're certain the cast is safe
    │       
    │       // casting to 'bytes32' is safe because [explain why]
    │       // forge-lint: disable-next-line(unsafe-typecast)
    │       
    │       
    ╰ help: https://book.getfoundry.sh/reference/forge/forge-lint#unsafe-typecast

warning[erc20-unchecked-transfer]: ERC20 'transfer' and 'transferFrom' calls should check the return value
    ╭▸ contracts/test/v3/xPNTs_APNTs_Accounting.t.sol:226:9
    │
226 │         token.transferFrom(user, paymaster, 1 ether);
    │         ━━━━━━━━━━━━━━━━━━━━━━━━━━━━━━━━━━━━━━━━━━━━
    │
    ╰ help: https://book.getfoundry.sh/reference/forge/forge-lint#erc20-unchecked-transfer

warning[incorrect-shift]: the order of args in a shift operation is incorrect
    ╭▸ contracts/test/tokens/APNTsCapped.t.sol:230:25
    │
230 │             id, bytes32(1 << uint8(TimelockController.OperationState.Ready))), "RAISE-2: reverts because not Ready");
    │                         ━━━━━━━━━━━━━━━━━━━━━━━━━━━━━━━━━━━━━━━━━━━━━━━━━━━
    │
    ╰ help: https://book.getfoundry.sh/reference/forge/forge-lint#incorrect-shift

warning[unsafe-typecast]: typecasts that can truncate values should be checked
    ╭▸ contracts/test/v2/SuperPaymasterV55Fuzz.t.sol:628:19
    │
628 │         x.price = uint256(p);
    │                   ━━━━━━━━━━
    │
    ├ note: consider disabling this lint if you're certain the cast is safe
    │       
    │       // casting to 'uint256' is safe because [explain why]
    │       // forge-lint: disable-next-line(unsafe-typecast)
    │       
    │       
    ╰ help: https://book.getfoundry.sh/reference/forge/forge-lint#unsafe-typecast

warning[erc20-unchecked-transfer]: ERC20 'transfer' and 'transferFrom' calls should check the return value
    ╭▸ contracts/test/tokens/APNTsCapped.t.sol:329:9
    │
329 │         token.transfer(rando, 1 ether);
    │         ━━━━━━━━━━━━━━━━━━━━━━━━━━━━━━
    │
    ╰ help: https://book.getfoundry.sh/reference/forge/forge-lint#erc20-unchecked-transfer

warning[unsafe-typecast]: typecasts that can truncate values should be checked
    ╭▸ contracts/test/v3/V3_DynamicLevelThresholds.t.sol:345:32
    │
345 │             users[i] = address(uint160(0x1000 + i));
    │                                ━━━━━━━━━━━━━━━━━━━
    │
    ├ note: consider disabling this lint if you're certain the cast is safe
    │       
    │       // casting to 'uint160' is safe because [explain why]
    │       // forge-lint: disable-next-line(unsafe-typecast)
    │       
    │       
    ╰ help: https://book.getfoundry.sh/reference/forge/forge-lint#unsafe-typecast

warning[unsafe-typecast]: typecasts that can truncate values should be checked
    ╭▸ contracts/test/v3/V3_DynamicLevelThresholds.t.sol:361:32
    │
361 │             users[i] = address(uint160(0x2000 + i));
    │                                ━━━━━━━━━━━━━━━━━━━
    │
    ├ note: consider disabling this lint if you're certain the cast is safe
    │       
    │       // casting to 'uint160' is safe because [explain why]
    │       // forge-lint: disable-next-line(unsafe-typecast)
    │       
    │       
    ╰ help: https://book.getfoundry.sh/reference/forge/forge-lint#unsafe-typecast

warning[unsafe-typecast]: typecasts that can truncate values should be checked
    ╭▸ contracts/test/v2/SuperPaymasterV55Fuzz.t.sol:796:62
    │
796 │             o.op.accountGasLimits = bytes32(abi.encodePacked(uint128(VERIF_GAS), o.callGas));
    │                                                              ━━━━━━━━━━━━━━━━━━
    │
    ├ note: consider disabling this lint if you're certain the cast is safe
    │       
    │       // casting to 'uint128' is safe because [explain why]
    │       // forge-lint: disable-next-line(unsafe-typecast)
    │       
    │       
    ╰ help: https://book.getfoundry.sh/reference/forge/forge-lint#unsafe-typecast

warning[unsafe-typecast]: typecasts that can truncate values should be checked
    ╭▸ contracts/test/v2/SuperPaymasterV55Fuzz.t.sol:800:30
    │
800 │                 address(sp), uint128(PM_VERIF_GAS), o.postGas, opr[o.t], type(uint256).max, address(tok[o.t]), uint8(0)
    │                              ━━━━━━━━━━━━━━━━━━━━━
    │
    ├ note: consider disabling this lint if you're certain the cast is safe
    │       
    │       // casting to 'uint128' is safe because [explain why]
    │       // forge-lint: disable-next-line(unsafe-typecast)
    │       
    │       
    ╰ help: https://book.getfoundry.sh/reference/forge/forge-lint#unsafe-typecast

warning[block-timestamp]: usage of `block.timestamp` in a comparison may be manipulated by validators
    ╭▸ contracts/test/v3/X402Facilitator.t.sol:103:17
    │
103 │         require(block.timestamp > validAfter, "authorization not yet valid");
    │                 ━━━━━━━━━━━━━━━━━━━━━━━━━━━━
    │
    ╰ help: https://book.getfoundry.sh/reference/forge/forge-lint#block-timestamp

warning[unsafe-typecast]: typecasts that can truncate values should be checked
    ╭▸ contracts/test/v3/Registry_BLSMockedPaths.t.sol:269:32
    │
269 │             users[i] = address(uint160(2000 + i));
    │                                ━━━━━━━━━━━━━━━━━
    │
    ├ note: consider disabling this lint if you're certain the cast is safe
    │       
    │       // casting to 'uint160' is safe because [explain why]
    │       // forge-lint: disable-next-line(unsafe-typecast)
    │       
    │       
    ╰ help: https://book.getfoundry.sh/reference/forge/forge-lint#unsafe-typecast

warning[unsafe-typecast]: typecasts that can truncate values should be checked
    ╭▸ contracts/test/v3/xPNTs_APNTs_Accounting.t.sol:328:55
    │
328 │         token.recordDebtWithOpHash(user, 5_001 ether, bytes32("op99"));
    │                                                       ━━━━━━━━━━━━━━━
    │
    ├ note: consider disabling this lint if you're certain the cast is safe
    │       
    │       // casting to 'bytes32' is safe because [explain why]
    │       // forge-lint: disable-next-line(unsafe-typecast)
    │       
    │       
    ╰ help: https://book.getfoundry.sh/reference/forge/forge-lint#unsafe-typecast

warning[unsafe-typecast]: typecasts that can truncate values should be checked
     ╭▸ contracts/src/modules/monitoring/BLSAggregator.sol:1462:31
     │
1462 │         revert SlotOutOfRange(uint8(MAX_VALIDATORS + 1));
     │                               ━━━━━━━━━━━━━━━━━━━━━━━━━
     │
     ├ note: consider disabling this lint if you're certain the cast is safe
     │       
     │       // casting to 'uint8' is safe because [explain why]
     │       // forge-lint: disable-next-line(unsafe-typecast)
     │       
     │       
     ╰ help: https://book.getfoundry.sh/reference/forge/forge-lint#unsafe-typecast

warning[erc20-unchecked-transfer]: ERC20 'transfer' and 'transferFrom' calls should check the return value
   ╭▸ contracts/test/v3/xPNTs_AuditH2_TransferFromFirewall.t.sol:43:9
   │
43 │         token.transferFrom(user, facilitator, 100 ether);
   │         ━━━━━━━━━━━━━━━━━━━━━━━━━━━━━━━━━━━━━━━━━━━━━━━━
   │
   ╰ help: https://book.getfoundry.sh/reference/forge/forge-lint#erc20-unchecked-transfer

warning[erc20-unchecked-transfer]: ERC20 'transfer' and 'transferFrom' calls should check the return value
   ╭▸ contracts/test/v3/xPNTs_AuditH2_TransferFromFirewall.t.sol:58:9
   │
58 │         token.transferFrom(user, paymaster, 100 ether);
   │         ━━━━━━━━━━━━━━━━━━━━━━━━━━━━━━━━━━━━━━━━━━━━━━
   │
   ╰ help: https://book.getfoundry.sh/reference/forge/forge-lint#erc20-unchecked-transfer

warning[erc20-unchecked-transfer]: ERC20 'transfer' and 'transferFrom' calls should check the return value
   ╭▸ contracts/test/v3/xPNTs_AuditH2_TransferFromFirewall.t.sol:69:13
   │
69 │             token.transferFrom(user, facilitator, chunk);
   │             ━━━━━━━━━━━━━━━━━━━━━━━━━━━━━━━━━━━━━━━━━━━━
   │
   ╰ help: https://book.getfoundry.sh/reference/forge/forge-lint#erc20-unchecked-transfer

warning[erc20-unchecked-transfer]: ERC20 'transfer' and 'transferFrom' calls should check the return value
   ╭▸ contracts/test/v3/xPNTs_AuditH2_TransferFromFirewall.t.sol:74:9
   │
74 │         token.transferFrom(user, facilitator, chunk);
   │         ━━━━━━━━━━━━━━━━━━━━━━━━━━━━━━━━━━━━━━━━━━━━
   │
   ╰ help: https://book.getfoundry.sh/reference/forge/forge-lint#erc20-unchecked-transfer

warning[erc20-unchecked-transfer]: ERC20 'transfer' and 'transferFrom' calls should check the return value
   ╭▸ contracts/test/v3/xPNTs_AuditH2_TransferFromFirewall.t.sol:83:9
   │
83 │         token.transferFrom(user, facilitator, 5_000 ether);
   │         ━━━━━━━━━━━━━━━━━━━━━━━━━━━━━━━━━━━━━━━━━━━━━━━━━━
   │
   ╰ help: https://book.getfoundry.sh/reference/forge/forge-lint#erc20-unchecked-transfer

warning[erc20-unchecked-transfer]: ERC20 'transfer' and 'transferFrom' calls should check the return value
   ╭▸ contracts/test/v3/xPNTs_AuditH2_TransferFromFirewall.t.sol:89:9
   │
89 │         token.transferFrom(user, facilitator, 5_000 ether);
   │         ━━━━━━━━━━━━━━━━━━━━━━━━━━━━━━━━━━━━━━━━━━━━━━━━━━
   │
   ╰ help: https://book.getfoundry.sh/reference/forge/forge-lint#erc20-unchecked-transfer

warning[erc20-unchecked-transfer]: ERC20 'transfer' and 'transferFrom' calls should check the return value
   ╭▸ contracts/test/v3/xPNTs_AuditH2_TransferFromFirewall.t.sol:96:9
   │
96 │         token.transferFrom(user, facilitator, 1_000 ether);
   │         ━━━━━━━━━━━━━━━━━━━━━━━━━━━━━━━━━━━━━━━━━━━━━━━━━━
   │
   ╰ help: https://book.getfoundry.sh/reference/forge/forge-lint#erc20-unchecked-transfer

warning[erc20-unchecked-transfer]: ERC20 'transfer' and 'transferFrom' calls should check the return value
    ╭▸ contracts/test/v3/xPNTs_AuditH2_TransferFromFirewall.t.sol:103:9
    │
103 │         token.transferFrom(user, paymaster, 1_000 ether);
    │         ━━━━━━━━━━━━━━━━━━━━━━━━━━━━━━━━━━━━━━━━━━━━━━━━
    │
    ╰ help: https://book.getfoundry.sh/reference/forge/forge-lint#erc20-unchecked-transfer

warning[erc20-unchecked-transfer]: ERC20 'transfer' and 'transferFrom' calls should check the return value
    ╭▸ contracts/test/v3/xPNTs_AuditH2_TransferFromFirewall.t.sol:112:9
    │
112 │         token.transferFrom(user, paymaster, 5_000 ether);
    │         ━━━━━━━━━━━━━━━━━━━━━━━━━━━━━━━━━━━━━━━━━━━━━━━━
    │
    ╰ help: https://book.getfoundry.sh/reference/forge/forge-lint#erc20-unchecked-transfer

warning[erc20-unchecked-transfer]: ERC20 'transfer' and 'transferFrom' calls should check the return value
    ╭▸ contracts/test/v3/xPNTs_AuditH2_TransferFromFirewall.t.sol:113:9
    │
113 │         token.transferFrom(user, paymaster, 5_000 ether);
    │         ━━━━━━━━━━━━━━━━━━━━━━━━━━━━━━━━━━━━━━━━━━━━━━━━
    │
    ╰ help: https://book.getfoundry.sh/reference/forge/forge-lint#erc20-unchecked-transfer

warning[erc20-unchecked-transfer]: ERC20 'transfer' and 'transferFrom' calls should check the return value
    ╭▸ contracts/test/v3/xPNTs_AuditH2_TransferFromFirewall.t.sol:122:13
    │
122 │             token.transferFrom(user2, facilitator, chunk);
    │             ━━━━━━━━━━━━━━━━━━━━━━━━━━━━━━━━━━━━━━━━━━━━━
    │
    ╰ help: https://book.getfoundry.sh/reference/forge/forge-lint#erc20-unchecked-transfer

warning[block-timestamp]: usage of `block.timestamp` in a comparison may be manipulated by validators
    ╭▸ contracts/test/v3/X402Facilitator.t.sol:104:17
    │
104 │         require(block.timestamp < validBefore, "authorization expired");
    │                 ━━━━━━━━━━━━━━━━━━━━━━━━━━━━━
    │
    ╰ help: https://book.getfoundry.sh/reference/forge/forge-lint#block-timestamp

warning[block-timestamp]: usage of `block.timestamp` in a comparison may be manipulated by validators
    ╭▸ contracts/test/v3/X402Facilitator.t.sol:118:17
    │
118 │         require(block.timestamp > validAfter, "authorization not yet valid");
    │                 ━━━━━━━━━━━━━━━━━━━━━━━━━━━━
    │
    ╰ help: https://book.getfoundry.sh/reference/forge/forge-lint#block-timestamp

warning[block-timestamp]: usage of `block.timestamp` in a comparison may be manipulated by validators
    ╭▸ contracts/test/v3/X402Facilitator.t.sol:119:17
    │
119 │         require(block.timestamp < validBefore, "authorization expired");
    │                 ━━━━━━━━━━━━━━━━━━━━━━━━━━━━━
    │
    ╰ help: https://book.getfoundry.sh/reference/forge/forge-lint#block-timestamp

warning[unsafe-typecast]: typecasts that can truncate values should be checked
    ╭▸ contracts/src/tokens/v2/xPNTsTokenV2Ext.sol:239:24
    │
239 │         pendingSPEta = uint64(block.timestamp + TIMELOCK);
    │                        ━━━━━━━━━━━━━━━━━━━━━━━━━━━━━━━━━━
    │
    ├ note: consider disabling this lint if you're certain the cast is safe
    │       
    │       // casting to 'uint64' is safe because [explain why]
    │       // forge-lint: disable-next-line(unsafe-typecast)
    │       
    │       
    ╰ help: https://book.getfoundry.sh/reference/forge/forge-lint#unsafe-typecast

warning[unsafe-typecast]: typecasts that can truncate values should be checked
    ╭▸ contracts/src/tokens/v2/xPNTsTokenV2Ext.sol:284:29
    │
284 │         pendingStandbyEta = uint64(block.timestamp + TIMELOCK);
    │                             ━━━━━━━━━━━━━━━━━━━━━━━━━━━━━━━━━━
    │
    ├ note: consider disabling this lint if you're certain the cast is safe
    │       
    │       // casting to 'uint64' is safe because [explain why]
    │       // forge-lint: disable-next-line(unsafe-typecast)
    │       
    │       
    ╰ help: https://book.getfoundry.sh/reference/forge/forge-lint#unsafe-typecast

warning[unsafe-typecast]: typecasts that can truncate values should be checked
     ╭▸ contracts/src/modules/monitoring/BLSAggregator.sol:1607:26
     │
1607 │         uint64 readyAt = uint64(block.timestamp + VERIFIER_ROTATION_DELAY);
     │                          ━━━━━━━━━━━━━━━━━━━━━━━━━━━━━━━━━━━━━━━━━━━━━━━━━
     │
     ├ note: consider disabling this lint if you're certain the cast is safe
     │       
     │       // casting to 'uint64' is safe because [explain why]
     │       // forge-lint: disable-next-line(unsafe-typecast)
     │       
     │       
     ╰ help: https://book.getfoundry.sh/reference/forge/forge-lint#unsafe-typecast

warning[unsafe-typecast]: typecasts that can truncate values should be checked
     ╭▸ contracts/src/modules/monitoring/BLSAggregator.sol:1736:26
     │
1736 │         uint64 readyAt = uint64(block.timestamp + GUARDIAN_EXIT_DELAY);
     │                          ━━━━━━━━━━━━━━━━━━━━━━━━━━━━━━━━━━━━━━━━━━━━━
     │
     ├ note: consider disabling this lint if you're certain the cast is safe
     │       
     │       // casting to 'uint64' is safe because [explain why]
     │       // forge-lint: disable-next-line(unsafe-typecast)
     │       
     │       
     ╰ help: https://book.getfoundry.sh/reference/forge/forge-lint#unsafe-typecast

warning[block-timestamp]: usage of `block.timestamp` in a comparison may be manipulated by validators
   ╭▸ contracts/test/bundler/B0Violators.sol:37:21
   │
37 │         return ("", block.timestamp == 0 ? 1 : 0);
   │                     ━━━━━━━━━━━━━━━━━━━━
   │
   ╰ help: https://book.getfoundry.sh/reference/forge/forge-lint#block-timestamp

warning[unsafe-typecast]: typecasts that can truncate values should be checked
    ╭▸ contracts/src/tokens/v2/xPNTsTokenV2Ext.sol:335:22
    │
335 │         uint64 eta = uint64(block.timestamp + TIMELOCK);
    │                      ━━━━━━━━━━━━━━━━━━━━━━━━━━━━━━━━━━
    │
    ├ note: consider disabling this lint if you're certain the cast is safe
    │       
    │       // casting to 'uint64' is safe because [explain why]
    │       // forge-lint: disable-next-line(unsafe-typecast)
    │       
    │       
    ╰ help: https://book.getfoundry.sh/reference/forge/forge-lint#unsafe-typecast

warning[block-timestamp]: usage of `block.timestamp` in a comparison may be manipulated by validators
    ╭▸ contracts/test/v3/X402Facilitator.t.sol:204:17
    │
204 │         require(block.timestamp > validAfter, "authorization not yet valid");
    │                 ━━━━━━━━━━━━━━━━━━━━━━━━━━━━
    │
    ╰ help: https://book.getfoundry.sh/reference/forge/forge-lint#block-timestamp

warning[block-timestamp]: usage of `block.timestamp` in a comparison may be manipulated by validators
    ╭▸ contracts/test/v3/X402Facilitator.t.sol:205:17
    │
205 │         require(block.timestamp < validBefore, "authorization expired");
    │                 ━━━━━━━━━━━━━━━━━━━━━━━━━━━━━
    │
    ╰ help: https://book.getfoundry.sh/reference/forge/forge-lint#block-timestamp

warning[block-timestamp]: usage of `block.timestamp` in a comparison may be manipulated by validators
    ╭▸ contracts/test/v3/X402Facilitator.t.sol:223:17
    │
223 │         require(block.timestamp > validAfter, "authorization not yet valid");
    │                 ━━━━━━━━━━━━━━━━━━━━━━━━━━━━
    │
    ╰ help: https://book.getfoundry.sh/reference/forge/forge-lint#block-timestamp

warning[block-timestamp]: usage of `block.timestamp` in a comparison may be manipulated by validators
    ╭▸ contracts/test/v3/X402Facilitator.t.sol:224:17
    │
224 │         require(block.timestamp < validBefore, "authorization expired");
    │                 ━━━━━━━━━━━━━━━━━━━━━━━━━━━━━
    │
    ╰ help: https://book.getfoundry.sh/reference/forge/forge-lint#block-timestamp

warning[unsafe-typecast]: typecasts that can truncate values should be checked
     ╭▸ contracts/src/modules/monitoring/BLSAggregator.sol:1737:28
     │
1737 │         uint64 expiresAt = uint64(uint256(readyAt) + GUARDIAN_EXIT_WINDOW);
     │                            ━━━━━━━━━━━━━━━━━━━━━━━━━━━━━━━━━━━━━━━━━━━━━━━
     │
     ├ note: consider disabling this lint if you're certain the cast is safe
     │       
     │       // casting to 'uint64' is safe because [explain why]
     │       // forge-lint: disable-next-line(unsafe-typecast)
     │       
     │       
     ╰ help: https://book.getfoundry.sh/reference/forge/forge-lint#unsafe-typecast

warning[unsafe-typecast]: typecasts that can truncate values should be checked
     ╭▸ contracts/src/modules/monitoring/BLSAggregator.sol:1754:32
     │
1754 │         uint64 cooldownUntil = uint64(block.timestamp + GUARDIAN_EXIT_COOLDOWN);
     │                                ━━━━━━━━━━━━━━━━━━━━━━━━━━━━━━━━━━━━━━━━━━━━━━━━
     │
     ├ note: consider disabling this lint if you're certain the cast is safe
     │       
     │       // casting to 'uint64' is safe because [explain why]
     │       // forge-lint: disable-next-line(unsafe-typecast)
     │       
     │       
     ╰ help: https://book.getfoundry.sh/reference/forge/forge-lint#unsafe-typecast

warning[unsafe-typecast]: typecasts that can truncate values should be checked
    ╭▸ contracts/test/v2/SuperPaymasterV55Fuzz.t.sol:899:33
    │
899 │             if (d.length < 4 || bytes4(d) != IPaymaster.postOp.selector) continue;
    │                                 ━━━━━━━━━
    │
    ├ note: consider disabling this lint if you're certain the cast is safe
    │       
    │       // casting to 'bytes4' is safe because [explain why]
    │       // forge-lint: disable-next-line(unsafe-typecast)
    │       
    │       
    ╰ help: https://book.getfoundry.sh/reference/forge/forge-lint#unsafe-typecast

warning[unsafe-typecast]: typecasts that can truncate values should be checked
   ╭▸ contracts/test/modules/GuardianSlash.t.sol:38:30
   │
38 │         lockAmt[operator] -= uint128(penalty);
   │                              ━━━━━━━━━━━━━━━━
   │
   ├ note: consider disabling this lint if you're certain the cast is safe
   │       
   │       // casting to 'uint128' is safe because [explain why]
   │       // forge-lint: disable-next-line(unsafe-typecast)
   │       
   │       
   ╰ help: https://book.getfoundry.sh/reference/forge/forge-lint#unsafe-typecast

warning[unsafe-typecast]: typecasts that can truncate values should be checked
    ╭▸ contracts/test/v3/SuperPaymasterV3_Pricing.t.sol:223:18
    │
223 │         assertEq(uint160(valData), 0, "Validation should pass");
    │                  ━━━━━━━━━━━━━━━━
    │
    ├ note: consider disabling this lint if you're certain the cast is safe
    │       
    │       // casting to 'uint160' is safe because [explain why]
    │       // forge-lint: disable-next-line(unsafe-typecast)
    │       
    │       
    ╰ help: https://book.getfoundry.sh/reference/forge/forge-lint#unsafe-typecast

warning[unsafe-typecast]: typecasts that can truncate values should be checked
    ╭▸ contracts/test/v3/SuperPaymasterV3_Pricing.t.sol:347:18
    │
347 │         assertEq(uint160(vd), 0, "validation passes");
    │                  ━━━━━━━━━━━
    │
    ├ note: consider disabling this lint if you're certain the cast is safe
    │       
    │       // casting to 'uint160' is safe because [explain why]
    │       // forge-lint: disable-next-line(unsafe-typecast)
    │       
    │       
    ╰ help: https://book.getfoundry.sh/reference/forge/forge-lint#unsafe-typecast

warning[unsafe-typecast]: typecasts that can truncate values should be checked
    ╭▸ contracts/test/v3/SuperPaymasterV3_Pricing.t.sol:399:18
    │
399 │         assertEq(uint160(vd), 0);
    │                  ━━━━━━━━━━━
    │
    ├ note: consider disabling this lint if you're certain the cast is safe
    │       
    │       // casting to 'uint160' is safe because [explain why]
    │       // forge-lint: disable-next-line(unsafe-typecast)
    │       
    │       
    ╰ help: https://book.getfoundry.sh/reference/forge/forge-lint#unsafe-typecast

warning[unsafe-typecast]: typecasts that can truncate values should be checked
     ╭▸ contracts/src/modules/monitoring/BLSAggregator.sol:1910:27
     │
1910 │         uint64 deadline = uint64(block.timestamp + GUARDIAN_SLASH_CASE_WINDOW);
     │                           ━━━━━━━━━━━━━━━━━━━━━━━━━━━━━━━━━━━━━━━━━━━━━━━━━━━━
     │
     ├ note: consider disabling this lint if you're certain the cast is safe
     │       
     │       // casting to 'uint64' is safe because [explain why]
     │       // forge-lint: disable-next-line(unsafe-typecast)
     │       
     │       
     ╰ help: https://book.getfoundry.sh/reference/forge/forge-lint#unsafe-typecast

warning[unsafe-typecast]: typecasts that can truncate values should be checked
     ╭▸ contracts/src/modules/monitoring/BLSAggregator.sol:2115:57
     │
2115 │             uint16 resolved = slashCase.resolvedCount + uint16(released);
     │                                                         ━━━━━━━━━━━━━━━━
     │
     ├ note: consider disabling this lint if you're certain the cast is safe
     │       
     │       // casting to 'uint16' is safe because [explain why]
     │       // forge-lint: disable-next-line(unsafe-typecast)
     │       
     │       
     ╰ help: https://book.getfoundry.sh/reference/forge/forge-lint#unsafe-typecast

warning[unsafe-typecast]: typecasts that can truncate values should be checked
    ╭▸ contracts/test/v3/RegistryUpgradeTo580.t.sol:123:24
    │
123 │         return address(uint160(0xB000 + i));
    │                        ━━━━━━━━━━━━━━━━━━━
    │
    ├ note: consider disabling this lint if you're certain the cast is safe
    │       
    │       // casting to 'uint160' is safe because [explain why]
    │       // forge-lint: disable-next-line(unsafe-typecast)
    │       
    │       
    ╰ help: https://book.getfoundry.sh/reference/forge/forge-lint#unsafe-typecast

warning[unsafe-typecast]: typecasts that can truncate values should be checked
    ╭▸ contracts/test/v3/SuperPaymaster_BurnRestore.t.sol:179:18
    │
179 │         assertEq(uint160(vd), 0, "setup: op must be admitted");
    │                  ━━━━━━━━━━━
    │
    ├ note: consider disabling this lint if you're certain the cast is safe
    │       
    │       // casting to 'uint160' is safe because [explain why]
    │       // forge-lint: disable-next-line(unsafe-typecast)
    │       
    │       
    ╰ help: https://book.getfoundry.sh/reference/forge/forge-lint#unsafe-typecast

warning[unsafe-typecast]: typecasts that can truncate values should be checked
     ╭▸ contracts/test/v2/SuperPaymasterV55Fuzz.t.sol:1595:22
     │
1595 │         _qsort(a, 0, int256(n) - 1);
     │                      ━━━━━━━━━
     │
     ├ note: consider disabling this lint if you're certain the cast is safe
     │       
     │       // casting to 'int256' is safe because [explain why]
     │       // forge-lint: disable-next-line(unsafe-typecast)
     │       
     │       
     ╰ help: https://book.getfoundry.sh/reference/forge/forge-lint#unsafe-typecast

warning[erc20-unchecked-transfer]: ERC20 'transfer' and 'transferFrom' calls should check the return value
    ╭▸ contracts/test/paymasters/superpaymaster/v3/SuperPaymasterV3_Security.t.sol:111:9
    │
111 │         token.transfer(operator, 100 ether);
    │         ━━━━━━━━━━━━━━━━━━━━━━━━━━━━━━━━━━━
    │
    ╰ help: https://book.getfoundry.sh/reference/forge/forge-lint#erc20-unchecked-transfer

warning[unsafe-typecast]: typecasts that can truncate values should be checked
    ╭▸ contracts/test/paymasters/superpaymaster/v3/SuperPaymasterV3_Security.t.sol:161:18
    │
161 │         assertEq(uint160(valData), 0, "First tx valid");
    │                  ━━━━━━━━━━━━━━━━
    │
    ├ note: consider disabling this lint if you're certain the cast is safe
    │       
    │       // casting to 'uint160' is safe because [explain why]
    │       // forge-lint: disable-next-line(unsafe-typecast)
    │       
    │       
    ╰ help: https://book.getfoundry.sh/reference/forge/forge-lint#unsafe-typecast

warning[unsafe-typecast]: typecasts that can truncate values should be checked
    ╭▸ contracts/test/paymasters/superpaymaster/v3/SuperPaymasterV3_Security.t.sol:172:29
    │
172 │         uint48 validAfter = uint48(valData >> 208);
    │                             ━━━━━━━━━━━━━━━━━━━━━━
    │
    ├ note: consider disabling this lint if you're certain the cast is safe
    │       
    │       // casting to 'uint48' is safe because [explain why]
    │       // forge-lint: disable-next-line(unsafe-typecast)
    │       
    │       
    ╰ help: https://book.getfoundry.sh/reference/forge/forge-lint#unsafe-typecast

warning[unsafe-typecast]: typecasts that can truncate values should be checked
    ╭▸ contracts/test/paymasters/superpaymaster/v3/SuperPaymasterV3_Security.t.sol:187:18
    │
187 │         assertEq(uint160(vd1), 0, "First tx valid");
    │                  ━━━━━━━━━━━━
    │
    ├ note: consider disabling this lint if you're certain the cast is safe
    │       
    │       // casting to 'uint160' is safe because [explain why]
    │       // forge-lint: disable-next-line(unsafe-typecast)
    │       
    │       
    ╰ help: https://book.getfoundry.sh/reference/forge/forge-lint#unsafe-typecast

warning[unsafe-typecast]: typecasts that can truncate values should be checked
    ╭▸ contracts/test/paymasters/superpaymaster/v3/SuperPaymasterV3_Security.t.sol:198:29
    │
198 │         uint48 validAfter = uint48(valData >> 208);
    │                             ━━━━━━━━━━━━━━━━━━━━━━
    │
    ├ note: consider disabling this lint if you're certain the cast is safe
    │       
    │       // casting to 'uint48' is safe because [explain why]
    │       // forge-lint: disable-next-line(unsafe-typecast)
    │       
    │       
    ╰ help: https://book.getfoundry.sh/reference/forge/forge-lint#unsafe-typecast

warning[unsafe-typecast]: typecasts that can truncate values should be checked
    ╭▸ contracts/test/paymasters/superpaymaster/v3/SuperPaymasterV3_Security.t.sol:212:18
    │
212 │         assertEq(uint160(vd1), 0, "First tx valid");
    │                  ━━━━━━━━━━━━
    │
    ├ note: consider disabling this lint if you're certain the cast is safe
    │       
    │       // casting to 'uint160' is safe because [explain why]
    │       // forge-lint: disable-next-line(unsafe-typecast)
    │       
    │       
    ╰ help: https://book.getfoundry.sh/reference/forge/forge-lint#unsafe-typecast

warning[unsafe-typecast]: typecasts that can truncate values should be checked
    ╭▸ contracts/test/paymasters/superpaymaster/v3/SuperPaymasterV3_Security.t.sol:223:29
    │
223 │         uint48 validAfter = uint48(valData >> 208);
    │                             ━━━━━━━━━━━━━━━━━━━━━━
    │
    ├ note: consider disabling this lint if you're certain the cast is safe
    │       
    │       // casting to 'uint48' is safe because [explain why]
    │       // forge-lint: disable-next-line(unsafe-typecast)
    │       
    │       
    ╰ help: https://book.getfoundry.sh/reference/forge/forge-lint#unsafe-typecast

warning[unsafe-typecast]: typecasts that can truncate values should be checked
    ╭▸ contracts/test/paymasters/superpaymaster/v3/SuperPaymasterV3_Security.t.sol:225:18
    │
225 │         assertEq(uint160(valData), 0, "Tx after interval should have valid sig");
    │                  ━━━━━━━━━━━━━━━━
    │
    ├ note: consider disabling this lint if you're certain the cast is safe
    │       
    │       // casting to 'uint160' is safe because [explain why]
    │       // forge-lint: disable-next-line(unsafe-typecast)
    │       
    │       
    ╰ help: https://book.getfoundry.sh/reference/forge/forge-lint#unsafe-typecast

warning[unsafe-typecast]: typecasts that can truncate values should be checked
     ╭▸ contracts/test/v2/SuperPaymasterV55Fuzz.t.sol:1605:31
     │
1605 │             uint256 pivot = a[uint256(lo + (hi - lo) / 2)];
     │                               ━━━━━━━━━━━━━━━━━━━━━━━━━━━
     │
     ├ note: consider disabling this lint if you're certain the cast is safe
     │       
     │       // casting to 'uint256' is safe because [explain why]
     │       // forge-lint: disable-next-line(unsafe-typecast)
     │       
     │       
     ╰ help: https://book.getfoundry.sh/reference/forge/forge-lint#unsafe-typecast

warning[unsafe-typecast]: typecasts that can truncate values should be checked
     ╭▸ contracts/test/v2/SuperPaymasterV55Fuzz.t.sol:1609:26
     │
1609 │                 while (a[uint256(i)] < pivot) i++;
     │                          ━━━━━━━━━━
     │
     ├ note: consider disabling this lint if you're certain the cast is safe
     │       
     │       // casting to 'uint256' is safe because [explain why]
     │       // forge-lint: disable-next-line(unsafe-typecast)
     │       
     │       
     ╰ help: https://book.getfoundry.sh/reference/forge/forge-lint#unsafe-typecast

warning[unsafe-typecast]: typecasts that can truncate values should be checked
     ╭▸ contracts/test/v2/SuperPaymasterV55Fuzz.t.sol:1610:26
     │
1610 │                 while (a[uint256(j)] > pivot) j--;
     │                          ━━━━━━━━━━
     │
     ├ note: consider disabling this lint if you're certain the cast is safe
     │       
     │       // casting to 'uint256' is safe because [explain why]
     │       // forge-lint: disable-next-line(unsafe-typecast)
     │       
     │       
     ╰ help: https://book.getfoundry.sh/reference/forge/forge-lint#unsafe-typecast

warning[erc20-unchecked-transfer]: ERC20 'transfer' and 'transferFrom' calls should check the return value
   ╭▸ contracts/test/v3/xPNTsSecurityDeepAudit.t.sol:89:9
   │
89 │         token.transferFrom(user, paymaster, 5000 ether);
   │         ━━━━━━━━━━━━━━━━━━━━━━━━━━━━━━━━━━━━━━━━━━━━━━━
   │
   ╰ help: https://book.getfoundry.sh/reference/forge/forge-lint#erc20-unchecked-transfer

warning[erc20-unchecked-transfer]: ERC20 'transfer' and 'transferFrom' calls should check the return value
   ╭▸ contracts/test/v3/xPNTsSecurityDeepAudit.t.sol:94:9
   │
94 │         token.transferFrom(user, paymaster, 5000 ether - 1);
   │         ━━━━━━━━━━━━━━━━━━━━━━━━━━━━━━━━━━━━━━━━━━━━━━━━━━━
   │
   ╰ help: https://book.getfoundry.sh/reference/forge/forge-lint#erc20-unchecked-transfer

warning[erc20-unchecked-transfer]: ERC20 'transfer' and 'transferFrom' calls should check the return value
   ╭▸ contracts/test/v3/xPNTsSecurityDeepAudit.t.sol:99:9
   │
99 │         token.transferFrom(user, paymaster, 5000 ether + 1);
   │         ━━━━━━━━━━━━━━━━━━━━━━━━━━━━━━━━━━━━━━━━━━━━━━━━━━━
   │
   ╰ help: https://book.getfoundry.sh/reference/forge/forge-lint#erc20-unchecked-transfer

warning[erc20-unchecked-transfer]: ERC20 'transfer' and 'transferFrom' calls should check the return value
    ╭▸ contracts/test/v3/xPNTsSecurityDeepAudit.t.sol:111:9
    │
111 │         token.transferFrom(user, paymaster, 4000 ether);
    │         ━━━━━━━━━━━━━━━━━━━━━━━━━━━━━━━━━━━━━━━━━━━━━━━
    │
    ╰ help: https://book.getfoundry.sh/reference/forge/forge-lint#erc20-unchecked-transfer

warning[erc20-unchecked-transfer]: ERC20 'transfer' and 'transferFrom' calls should check the return value
    ╭▸ contracts/test/v3/xPNTsSecurityDeepAudit.t.sol:112:9
    │
112 │         token.transferFrom(user, paymaster, 4000 ether);
    │         ━━━━━━━━━━━━━━━━━━━━━━━━━━━━━━━━━━━━━━━━━━━━━━━
    │
    ╰ help: https://book.getfoundry.sh/reference/forge/forge-lint#erc20-unchecked-transfer

warning[erc20-unchecked-transfer]: ERC20 'transfer' and 'transferFrom' calls should check the return value
    ╭▸ contracts/test/v3/xPNTsSecurityDeepAudit.t.sol:113:9
    │
113 │         token.transferFrom(user, paymaster, 4000 ether);
    │         ━━━━━━━━━━━━━━━━━━━━━━━━━━━━━━━━━━━━━━━━━━━━━━━
    │
    ╰ help: https://book.getfoundry.sh/reference/forge/forge-lint#erc20-unchecked-transfer

warning[erc20-unchecked-transfer]: ERC20 'transfer' and 'transferFrom' calls should check the return value
    ╭▸ contracts/test/v3/xPNTsSecurityDeepAudit.t.sol:174:9
    │
174 │         token.transferFrom(user, paymaster, 100 ether);
    │         ━━━━━━━━━━━━━━━━━━━━━━━━━━━━━━━━━━━━━━━━━━━━━━
    │
    ╰ help: https://book.getfoundry.sh/reference/forge/forge-lint#erc20-unchecked-transfer

warning[unsafe-typecast]: typecasts that can truncate values should be checked
    ╭▸ contracts/test/paymasters/superpaymaster/v3/SuperPaymasterV3_Security.t.sol:242:18
    │
242 │         assertEq(uint160(vd1), 0, "First tx valid");
    │                  ━━━━━━━━━━━━
    │
    ├ note: consider disabling this lint if you're certain the cast is safe
    │       
    │       // casting to 'uint160' is safe because [explain why]
    │       // forge-lint: disable-next-line(unsafe-typecast)
    │       
    │       
    ╰ help: https://book.getfoundry.sh/reference/forge/forge-lint#unsafe-typecast

warning[unsafe-typecast]: typecasts that can truncate values should be checked
    ╭▸ contracts/test/paymasters/superpaymaster/v3/SuperPaymasterV3_Security.t.sol:258:29
    │
258 │         uint48 validAfter = uint48(valData >> 208);
    │                             ━━━━━━━━━━━━━━━━━━━━━━
    │
    ├ note: consider disabling this lint if you're certain the cast is safe
    │       
    │       // casting to 'uint48' is safe because [explain why]
    │       // forge-lint: disable-next-line(unsafe-typecast)
    │       
    │       
    ╰ help: https://book.getfoundry.sh/reference/forge/forge-lint#unsafe-typecast

warning[unsafe-typecast]: typecasts that can truncate values should be checked
    ╭▸ contracts/test/paymasters/superpaymaster/v3/SuperPaymasterV3_Security.t.sol:283:18
    │
283 │         assertEq(uint160(okData), 0, "control: unblocked user validates");
    │                  ━━━━━━━━━━━━━━━
    │
    ├ note: consider disabling this lint if you're certain the cast is safe
    │       
    │       // casting to 'uint160' is safe because [explain why]
    │       // forge-lint: disable-next-line(unsafe-typecast)
    │       
    │       
    ╰ help: https://book.getfoundry.sh/reference/forge/forge-lint#unsafe-typecast

warning[unsafe-typecast]: typecasts that can truncate values should be checked
    ╭▸ contracts/test/paymasters/superpaymaster/v3/SuperPaymasterV3_Security.t.sol:296:20
    │
296 │         assertTrue(uint160(valData) != 0, "Blocked user should be rejected");
    │                    ━━━━━━━━━━━━━━━━
    │
    ├ note: consider disabling this lint if you're certain the cast is safe
    │       
    │       // casting to 'uint160' is safe because [explain why]
    │       // forge-lint: disable-next-line(unsafe-typecast)
    │       
    │       
    ╰ help: https://book.getfoundry.sh/reference/forge/forge-lint#unsafe-typecast

warning[block-timestamp]: usage of `block.timestamp` in a comparison may be manipulated by validators
    ╭▸ contracts/test/v4/PaymasterV4.t.sol:214:20
    │
214 │         assertTrue(validUntil > block.timestamp, "ValidUntil should be in future");
    │                    ━━━━━━━━━━━━━━━━━━━━━━━━━━━━
    │
    ╰ help: https://book.getfoundry.sh/reference/forge/forge-lint#block-timestamp

warning[erc20-unchecked-transfer]: ERC20 'transfer' and 'transferFrom' calls should check the return value
   ╭▸ contracts/test/v3/CreditSystem.t.sol:82:9
   │
82 │         token.transfer(user, 15 ether);
   │         ━━━━━━━━━━━━━━━━━━━━━━━━━━━━━━
   │
   ╰ help: https://book.getfoundry.sh/reference/forge/forge-lint#erc20-unchecked-transfer

warning[erc20-unchecked-transfer]: ERC20 'transfer' and 'transferFrom' calls should check the return value
    ╭▸ contracts/test/v3/CreditSystem.t.sol:105:9
    │
105 │         token.transferFrom(sender, user, 15 ether);
    │         ━━━━━━━━━━━━━━━━━━━━━━━━━━━━━━━━━━━━━━━━━━
    │
    ╰ help: https://book.getfoundry.sh/reference/forge/forge-lint#erc20-unchecked-transfer

warning[unsafe-typecast]: typecasts that can truncate values should be checked
     ╭▸ contracts/test/v2/SuperPaymasterV55Fuzz.t.sol:1612:24
     │
1612 │                     (a[uint256(i)], a[uint256(j)]) = (a[uint256(j)], a[uint256(i)]);
     │                        ━━━━━━━━━━
     │
     ├ note: consider disabling this lint if you're certain the cast is safe
     │       
     │       // casting to 'uint256' is safe because [explain why]
     │       // forge-lint: disable-next-line(unsafe-typecast)
     │       
     │       
     ╰ help: https://book.getfoundry.sh/reference/forge/forge-lint#unsafe-typecast

warning[unsafe-typecast]: typecasts that can truncate values should be checked
    ╭▸ contracts/test/v3/DryRunValidation.t.sol:202:16
    │
202 │         return uint160(vd) == 0;
    │                ━━━━━━━━━━━
    │
    ├ note: consider disabling this lint if you're certain the cast is safe
    │       
    │       // casting to 'uint160' is safe because [explain why]
    │       // forge-lint: disable-next-line(unsafe-typecast)
    │       
    │       
    ╰ help: https://book.getfoundry.sh/reference/forge/forge-lint#unsafe-typecast

warning[unsafe-typecast]: typecasts that can truncate values should be checked
    ╭▸ contracts/test/v3/DryRunValidation.t.sol:236:81
    │
236 │         _assertRejectAgrees(_buildUserOp(user, ghost, type(uint256).max), 1000, bytes32("OPERATOR_NOT_CONFIGURED"));
    │                                                                                 ━━━━━━━━━━━━━━━━━━━━━━━━━━━━━━━━━━
    │
    ├ note: consider disabling this lint if you're certain the cast is safe
    │       
    │       // casting to 'bytes32' is safe because [explain why]
    │       // forge-lint: disable-next-line(unsafe-typecast)
    │       
    │       
    ╰ help: https://book.getfoundry.sh/reference/forge/forge-lint#unsafe-typecast

warning[unsafe-typecast]: typecasts that can truncate values should be checked
    ╭▸ contracts/test/v3/DryRunValidation.t.sol:242:84
    │
242 │         _assertRejectAgrees(_buildUserOp(user, operator, type(uint256).max), 1000, bytes32("OPERATOR_PAUSED"));
    │                                                                                    ━━━━━━━━━━━━━━━━━━━━━━━━━━
    │
    ├ note: consider disabling this lint if you're certain the cast is safe
    │       
    │       // casting to 'bytes32' is safe because [explain why]
    │       // forge-lint: disable-next-line(unsafe-typecast)
    │       
    │       
    ╰ help: https://book.getfoundry.sh/reference/forge/forge-lint#unsafe-typecast

warning[unsafe-typecast]: typecasts that can truncate values should be checked
    ╭▸ contracts/test/v3/DryRunValidation.t.sol:248:88
    │
248 │         _assertRejectAgrees(_buildUserOp(stranger, operator, type(uint256).max), 1000, bytes32("USER_NOT_ELIGIBLE"));
    │                                                                                        ━━━━━━━━━━━━━━━━━━━━━━━━━━━━
    │
    ├ note: consider disabling this lint if you're certain the cast is safe
    │       
    │       // casting to 'bytes32' is safe because [explain why]
    │       // forge-lint: disable-next-line(unsafe-typecast)
    │       
    │       
    ╰ help: https://book.getfoundry.sh/reference/forge/forge-lint#unsafe-typecast

warning[unsafe-typecast]: typecasts that can truncate values should be checked
    ╭▸ contracts/test/v3/DryRunValidation.t.sol:260:84
    │
260 │         _assertRejectAgrees(_buildUserOp(user, operator, type(uint256).max), 1000, bytes32("USER_BLOCKED"));
    │                                                                                    ━━━━━━━━━━━━━━━━━━━━━━━
    │
    ├ note: consider disabling this lint if you're certain the cast is safe
    │       
    │       // casting to 'bytes32' is safe because [explain why]
    │       // forge-lint: disable-next-line(unsafe-typecast)
    │       
    │       
    ╰ help: https://book.getfoundry.sh/reference/forge/forge-lint#unsafe-typecast

warning[unsafe-typecast]: typecasts that can truncate values should be checked
    ╭▸ contracts/test/v3/DryRunValidation.t.sol:270:26
    │
270 │         assertEq(reason, bytes32("RATE_LIMITED"), "reason: RATE_LIMITED");
    │                          ━━━━━━━━━━━━━━━━━━━━━━━
    │
    ├ note: consider disabling this lint if you're certain the cast is safe
    │       
    │       // casting to 'bytes32' is safe because [explain why]
    │       // forge-lint: disable-next-line(unsafe-typecast)
    │       
    │       
    ╰ help: https://book.getfoundry.sh/reference/forge/forge-lint#unsafe-typecast

warning[unsafe-typecast]: typecasts that can truncate values should be checked
    ╭▸ contracts/test/v3/DryRunValidation.t.sol:283:68
    │
283 │         _assertRejectAgrees(_buildUserOp(user, operator, 1), 1000, bytes32("RATE_COMMITMENT_VIOLATED"));
    │                                                                    ━━━━━━━━━━━━━━━━━━━━━━━━━━━━━━━━━━━
    │
    ├ note: consider disabling this lint if you're certain the cast is safe
    │       
    │       // casting to 'bytes32' is safe because [explain why]
    │       // forge-lint: disable-next-line(unsafe-typecast)
    │       
    │       
    ╰ help: https://book.getfoundry.sh/reference/forge/forge-lint#unsafe-typecast

warning[unsafe-typecast]: typecasts that can truncate values should be checked
    ╭▸ contracts/test/v3/DryRunValidation.t.sol:293:84
    │
293 │         _assertRejectAgrees(_buildUserOp(user, operator, type(uint256).max), huge, bytes32("INSUFFICIENT_BALANCE"));
    │                                                                                    ━━━━━━━━━━━━━━━━━━━━━━━━━━━━━━━
    │
    ├ note: consider disabling this lint if you're certain the cast is safe
    │       
    │       // casting to 'bytes32' is safe because [explain why]
    │       // forge-lint: disable-next-line(unsafe-typecast)
    │       
    │       
    ╰ help: https://book.getfoundry.sh/reference/forge/forge-lint#unsafe-typecast

warning[unsafe-typecast]: typecasts that can truncate values should be checked
    ╭▸ contracts/test/v3/DryRunValidation.t.sol:302:41
    │
302 │         _assertRejectAgrees(op, 4.3e16, bytes32("INSUFFICIENT_BALANCE"));
    │                                         ━━━━━━━━━━━━━━━━━━━━━━━━━━━━━━━
    │
    ├ note: consider disabling this lint if you're certain the cast is safe
    │       
    │       // casting to 'bytes32' is safe because [explain why]
    │       // forge-lint: disable-next-line(unsafe-typecast)
    │       
    │       
    ╰ help: https://book.getfoundry.sh/reference/forge/forge-lint#unsafe-typecast

warning[unsafe-typecast]: typecasts that can truncate values should be checked
    ╭▸ contracts/test/v3/DryRunValidation.t.sol:304:30
    │
304 │         assertTrue(reason != bytes32("INSUFFICIENT_BALANCE"), "control: a0 = 4.92e21 fits the 5e21 deposit");
    │                              ━━━━━━━━━━━━━━━━━━━━━━━━━━━━━━━
    │
    ├ note: consider disabling this lint if you're certain the cast is safe
    │       
    │       // casting to 'bytes32' is safe because [explain why]
    │       // forge-lint: disable-next-line(unsafe-typecast)
    │       
    │       
    ╰ help: https://book.getfoundry.sh/reference/forge/forge-lint#unsafe-typecast

warning[unsafe-typecast]: typecasts that can truncate values should be checked
    ╭▸ contracts/test/v3/DryRunValidation.t.sol:314:26
    │
314 │         assertEq(reason, bytes32("STALE_PRICE"), "reason: STALE_PRICE");
    │                          ━━━━━━━━━━━━━━━━━━━━━━
    │
    ├ note: consider disabling this lint if you're certain the cast is safe
    │       
    │       // casting to 'bytes32' is safe because [explain why]
    │       // forge-lint: disable-next-line(unsafe-typecast)
    │       
    │       
    ╰ help: https://book.getfoundry.sh/reference/forge/forge-lint#unsafe-typecast

warning[unsafe-typecast]: typecasts that can truncate values should be checked
    ╭▸ contracts/test/v3/DryRunValidation.t.sol:354:26
    │
354 │         assertEq(reason, bytes32("INSUFFICIENT_BALANCE"),
    │                          ━━━━━━━━━━━━━━━━━━━━━━━━━━━━━━━
    │
    ├ note: consider disabling this lint if you're certain the cast is safe
    │       
    │       // casting to 'bytes32' is safe because [explain why]
    │       // forge-lint: disable-next-line(unsafe-typecast)
    │       
    │       
    ╰ help: https://book.getfoundry.sh/reference/forge/forge-lint#unsafe-typecast

warning[unsafe-typecast]: typecasts that can truncate values should be checked
    ╭▸ contracts/test/v3/DryRunValidation.t.sol:369:26
    │
369 │         assertEq(reason, bytes32("STALE_PRICE"),
    │                          ━━━━━━━━━━━━━━━━━━━━━━
    │
    ├ note: consider disabling this lint if you're certain the cast is safe
    │       
    │       // casting to 'bytes32' is safe because [explain why]
    │       // forge-lint: disable-next-line(unsafe-typecast)
    │       
    │       
    ╰ help: https://book.getfoundry.sh/reference/forge/forge-lint#unsafe-typecast

warning[unsafe-typecast]: typecasts that can truncate values should be checked
    ╭▸ contracts/test/v3/DryRunValidation.t.sol:391:26
    │
391 │         assertEq(reason, bytes32("TOKEN_MISMATCH"), "missing token field -> TOKEN_MISMATCH");
    │                          ━━━━━━━━━━━━━━━━━━━━━━━━━
    │
    ├ note: consider disabling this lint if you're certain the cast is safe
    │       
    │       // casting to 'bytes32' is safe because [explain why]
    │       // forge-lint: disable-next-line(unsafe-typecast)
    │       
    │       
    ╰ help: https://book.getfoundry.sh/reference/forge/forge-lint#unsafe-typecast

warning[unsafe-typecast]: typecasts that can truncate values should be checked
    ╭▸ contracts/test/v3/DryRunValidation.t.sol:392:29
    │
392 │         assertNotEq(reason, bytes32("RATE_COMMITMENT_VIOLATED"),
    │                             ━━━━━━━━━━━━━━━━━━━━━━━━━━━━━━━━━━━
    │
    ├ note: consider disabling this lint if you're certain the cast is safe
    │       
    │       // casting to 'bytes32' is safe because [explain why]
    │       // forge-lint: disable-next-line(unsafe-typecast)
    │       
    │       
    ╰ help: https://book.getfoundry.sh/reference/forge/forge-lint#unsafe-typecast

warning[unsafe-typecast]: typecasts that can truncate values should be checked
    ╭▸ contracts/test/v3/DryRunValidation.t.sol:398:39
    │
398 │         _assertRejectAgrees(op, 1000, bytes32("TOKEN_MISMATCH"));
    │                                       ━━━━━━━━━━━━━━━━━━━━━━━━━
    │
    ├ note: consider disabling this lint if you're certain the cast is safe
    │       
    │       // casting to 'bytes32' is safe because [explain why]
    │       // forge-lint: disable-next-line(unsafe-typecast)
    │       
    │       
    ╰ help: https://book.getfoundry.sh/reference/forge/forge-lint#unsafe-typecast

warning[unsafe-typecast]: typecasts that can truncate values should be checked
    ╭▸ contracts/test/v3/DryRunValidation.t.sol:424:26
    │
424 │         assertEq(reason, bytes32("STALE_PRICE"),
    │                          ━━━━━━━━━━━━━━━━━━━━━━
    │
    ├ note: consider disabling this lint if you're certain the cast is safe
    │       
    │       // casting to 'bytes32' is safe because [explain why]
    │       // forge-lint: disable-next-line(unsafe-typecast)
    │       
    │       
    ╰ help: https://book.getfoundry.sh/reference/forge/forge-lint#unsafe-typecast

warning[unsafe-typecast]: typecasts that can truncate values should be checked
    ╭▸ contracts/test/v3/DryRunValidation.t.sol:436:26
    │
436 │         assertEq(reason, bytes32("RATE_COMMITMENT_VIOLATED"),
    │                          ━━━━━━━━━━━━━━━━━━━━━━━━━━━━━━━━━━━
    │
    ├ note: consider disabling this lint if you're certain the cast is safe
    │       
    │       // casting to 'bytes32' is safe because [explain why]
    │       // forge-lint: disable-next-line(unsafe-typecast)
    │       
    │       
    ╰ help: https://book.getfoundry.sh/reference/forge/forge-lint#unsafe-typecast

warning[unsafe-typecast]: typecasts that can truncate values should be checked
    ╭▸ contracts/test/v3/DryRunValidation.t.sol:454:39
    │
454 │         _assertRejectAgrees(op, 1000, bytes32("POSTOP_GAS_TOO_LOW"));
    │                                       ━━━━━━━━━━━━━━━━━━━━━━━━━━━━━
    │
    ├ note: consider disabling this lint if you're certain the cast is safe
    │       
    │       // casting to 'bytes32' is safe because [explain why]
    │       // forge-lint: disable-next-line(unsafe-typecast)
    │       
    │       
    ╰ help: https://book.getfoundry.sh/reference/forge/forge-lint#unsafe-typecast

warning[unsafe-typecast]: typecasts that can truncate values should be checked
    ╭▸ contracts/test/v3/DryRunValidation.t.sol:468:39
    │
468 │         _assertRejectAgrees(op, 1000, bytes32("TOKEN_MISMATCH"));
    │                                       ━━━━━━━━━━━━━━━━━━━━━━━━━
    │
    ├ note: consider disabling this lint if you're certain the cast is safe
    │       
    │       // casting to 'bytes32' is safe because [explain why]
    │       // forge-lint: disable-next-line(unsafe-typecast)
    │       
    │       
    ╰ help: https://book.getfoundry.sh/reference/forge/forge-lint#unsafe-typecast

warning[unsafe-typecast]: typecasts that can truncate values should be checked
    ╭▸ contracts/test/paymasters/superpaymaster/v3/SuperPaymasterHardenVerification.t.sol:295:18
    │
295 │         assertEq(uint160(vd), 0, "precondition: validation passes");
    │                  ━━━━━━━━━━━
    │
    ├ note: consider disabling this lint if you're certain the cast is safe
    │       
    │       // casting to 'uint160' is safe because [explain why]
    │       // forge-lint: disable-next-line(unsafe-typecast)
    │       
    │       
    ╰ help: https://book.getfoundry.sh/reference/forge/forge-lint#unsafe-typecast

warning[unsafe-typecast]: typecasts that can truncate values should be checked
    ╭▸ contracts/test/paymasters/superpaymaster/v3/SuperPaymasterRefundTest.t.sol:103:18
    │
103 │         assertEq(uint160(validationData), 0, "Validation should pass");
    │                  ━━━━━━━━━━━━━━━━━━━━━━━
    │
    ├ note: consider disabling this lint if you're certain the cast is safe
    │       
    │       // casting to 'uint160' is safe because [explain why]
    │       // forge-lint: disable-next-line(unsafe-typecast)
    │       
    │       
    ╰ help: https://book.getfoundry.sh/reference/forge/forge-lint#unsafe-typecast

warning[unsafe-typecast]: typecasts that can truncate values should be checked
    ╭▸ contracts/test/v3/DryRunValidation.t.sol:471:39
    │
471 │         _assertRejectAgrees(op, 1000, bytes32("TOKEN_MISMATCH"));
    │                                       ━━━━━━━━━━━━━━━━━━━━━━━━━
    │
    ├ note: consider disabling this lint if you're certain the cast is safe
    │       
    │       // casting to 'bytes32' is safe because [explain why]
    │       // forge-lint: disable-next-line(unsafe-typecast)
    │       
    │       
    ╰ help: https://book.getfoundry.sh/reference/forge/forge-lint#unsafe-typecast

warning[unsafe-typecast]: typecasts that can truncate values should be checked
    ╭▸ contracts/test/v3/DryRunValidation.t.sol:477:39
    │
477 │         _assertRejectAgrees(op, 1000, bytes32("TOKEN_MISMATCH"));
    │                                       ━━━━━━━━━━━━━━━━━━━━━━━━━
    │
    ├ note: consider disabling this lint if you're certain the cast is safe
    │       
    │       // casting to 'bytes32' is safe because [explain why]
    │       // forge-lint: disable-next-line(unsafe-typecast)
    │       
    │       
    ╰ help: https://book.getfoundry.sh/reference/forge/forge-lint#unsafe-typecast

warning[unsafe-typecast]: typecasts that can truncate values should be checked
    ╭▸ contracts/test/v4/PaymasterBase_Coverage.t.sol:126:42
    │
126 │         oracle     = new CovV4MockOracle(int256(INITIAL_PRICE));
    │                                          ━━━━━━━━━━━━━━━━━━━━━
    │
    ├ note: consider disabling this lint if you're certain the cast is safe
    │       
    │       // casting to 'int256' is safe because [explain why]
    │       // forge-lint: disable-next-line(unsafe-typecast)
    │       
    │       
    ╰ help: https://book.getfoundry.sh/reference/forge/forge-lint#unsafe-typecast

warning[unsafe-typecast]: typecasts that can truncate values should be checked
    ╭▸ contracts/test/v4/PaymasterBase_Coverage.t.sol:351:25
    │
351 │         oracle.setPrice(int256(INITIAL_PRICE), block.timestamp);
    │                         ━━━━━━━━━━━━━━━━━━━━━
    │
    ├ note: consider disabling this lint if you're certain the cast is safe
    │       
    │       // casting to 'int256' is safe because [explain why]
    │       // forge-lint: disable-next-line(unsafe-typecast)
    │       
    │       
    ╰ help: https://book.getfoundry.sh/reference/forge/forge-lint#unsafe-typecast

warning[unsafe-typecast]: typecasts that can truncate values should be checked
    ╭▸ contracts/test/v4/PaymasterV4.t.sol:210:29
    │
210 │         uint48 validUntil = uint48(validationData >> 160);
    │                             ━━━━━━━━━━━━━━━━━━━━━━━━━━━━━
    │
    ├ note: consider disabling this lint if you're certain the cast is safe
    │       
    │       // casting to 'uint48' is safe because [explain why]
    │       // forge-lint: disable-next-line(unsafe-typecast)
    │       
    │       
    ╰ help: https://book.getfoundry.sh/reference/forge/forge-lint#unsafe-typecast

warning[unsafe-typecast]: typecasts that can truncate values should be checked
     ╭▸ contracts/test/v2/SuperPaymasterV55Fuzz.t.sol:1612:39
     │
1612 │                     (a[uint256(i)], a[uint256(j)]) = (a[uint256(j)], a[uint256(i)]);
     │                                       ━━━━━━━━━━
     │
     ├ note: consider disabling this lint if you're certain the cast is safe
     │       
     │       // casting to 'uint256' is safe because [explain why]
     │       // forge-lint: disable-next-line(unsafe-typecast)
     │       
     │       
     ╰ help: https://book.getfoundry.sh/reference/forge/forge-lint#unsafe-typecast

warning[unsafe-typecast]: typecasts that can truncate values should be checked
     ╭▸ contracts/test/v2/SuperPaymasterV55Fuzz.t.sol:1612:57
     │
1612 │                     (a[uint256(i)], a[uint256(j)]) = (a[uint256(j)], a[uint256(i)]);
     │                                                         ━━━━━━━━━━
     │
     ├ note: consider disabling this lint if you're certain the cast is safe
     │       
     │       // casting to 'uint256' is safe because [explain why]
     │       // forge-lint: disable-next-line(unsafe-typecast)
     │       
     │       
     ╰ help: https://book.getfoundry.sh/reference/forge/forge-lint#unsafe-typecast

warning[unsafe-typecast]: typecasts that can truncate values should be checked
     ╭▸ contracts/test/v2/SuperPaymasterV55Fuzz.t.sol:1612:72
     │
1612 │                     (a[uint256(i)], a[uint256(j)]) = (a[uint256(j)], a[uint256(i)]);
     │                                                                        ━━━━━━━━━━
     │
     ├ note: consider disabling this lint if you're certain the cast is safe
     │       
     │       // casting to 'uint256' is safe because [explain why]
     │       // forge-lint: disable-next-line(unsafe-typecast)
     │       
     │       
     ╰ help: https://book.getfoundry.sh/reference/forge/forge-lint#unsafe-typecast

warning[unsafe-typecast]: typecasts that can truncate values should be checked
    ╭▸ contracts/test/v4/PaymasterV4Security.t.sol:112:42
    │
112 │         paymaster.setCachedPrice(3000e8, uint48(nowTime));
    │                                          ━━━━━━━━━━━━━━━
    │
    ├ note: consider disabling this lint if you're certain the cast is safe
    │       
    │       // casting to 'uint48' is safe because [explain why]
    │       // forge-lint: disable-next-line(unsafe-typecast)
    │       
    │       
    ╰ help: https://book.getfoundry.sh/reference/forge/forge-lint#unsafe-typecast

warning[unsafe-typecast]: typecasts that can truncate values should be checked
    ╭▸ contracts/test/v4/PaymasterV4Security.t.sol:151:29
    │
151 │         uint48 validUntil = uint48(validationData >> 160);
    │                             ━━━━━━━━━━━━━━━━━━━━━━━━━━━━━
    │
    ├ note: consider disabling this lint if you're certain the cast is safe
    │       
    │       // casting to 'uint48' is safe because [explain why]
    │       // forge-lint: disable-next-line(unsafe-typecast)
    │       
    │       
    ╰ help: https://book.getfoundry.sh/reference/forge/forge-lint#unsafe-typecast

warning[unsafe-typecast]: typecasts that can truncate values should be checked
    ╭▸ contracts/test/v4/PaymasterV4Security.t.sol:152:29
    │
152 │         uint48 validAfter = uint48(validationData >> (160 + 48));
    │                             ━━━━━━━━━━━━━━━━━━━━━━━━━━━━━━━━━━━━
    │
    ├ note: consider disabling this lint if you're certain the cast is safe
    │       
    │       // casting to 'uint48' is safe because [explain why]
    │       // forge-lint: disable-next-line(unsafe-typecast)
    │       
    │       
    ╰ help: https://book.getfoundry.sh/reference/forge/forge-lint#unsafe-typecast

warning[unsafe-typecast]: typecasts that can truncate values should be checked
    ╭▸ contracts/test/v4/PaymasterV4Security.t.sol:153:38
    │
153 │         address authorizer = address(uint160(validationData));
    │                                      ━━━━━━━━━━━━━━━━━━━━━━━
    │
    ├ note: consider disabling this lint if you're certain the cast is safe
    │       
    │       // casting to 'uint160' is safe because [explain why]
    │       // forge-lint: disable-next-line(unsafe-typecast)
    │       
    │       
    ╰ help: https://book.getfoundry.sh/reference/forge/forge-lint#unsafe-typecast

warning[unsafe-typecast]: typecasts that can truncate values should be checked
    ╭▸ contracts/test/v3/SuperPaymaster_BurnRestore.t.sol:229:18
    │
229 │         assertEq(uint160(vd), 1, "INVALID_RENEWAL lock result must not fall back to credit (R-2)");
    │                  ━━━━━━━━━━━
    │
    ├ note: consider disabling this lint if you're certain the cast is safe
    │       
    │       // casting to 'uint160' is safe because [explain why]
    │       // forge-lint: disable-next-line(unsafe-typecast)
    │       
    │       
    ╰ help: https://book.getfoundry.sh/reference/forge/forge-lint#unsafe-typecast

warning[unsafe-typecast]: typecasts that can truncate values should be checked
    ╭▸ contracts/test/v3/SuperPaymaster_BurnRestore.t.sol:235:18
    │
235 │         assertEq(uint160(vd2), 0, "control: flags = 0 -> INSUFFICIENT -> admitted on credit");
    │                  ━━━━━━━━━━━━
    │
    ├ note: consider disabling this lint if you're certain the cast is safe
    │       
    │       // casting to 'uint160' is safe because [explain why]
    │       // forge-lint: disable-next-line(unsafe-typecast)
    │       
    │       
    ╰ help: https://book.getfoundry.sh/reference/forge/forge-lint#unsafe-typecast

warning[block-timestamp]: usage of `block.timestamp` in a comparison may be manipulated by validators
    ╭▸ contracts/test/paymasters/superpaymaster/v3/SuperPaymasterPricingV2.t.sol:276:20
    │
276 │         assertTrue(extractedValidUntil < block.timestamp, "ValidUntil should be in the past (expired)");
    │                    ━━━━━━━━━━━━━━━━━━━━━━━━━━━━━━━━━━━━━
    │
    ╰ help: https://book.getfoundry.sh/reference/forge/forge-lint#block-timestamp

warning[unsafe-typecast]: typecasts that can truncate values should be checked
    ╭▸ contracts/test/v4/PaymasterV4.t.sol:211:29
    │
211 │         uint48 validAfter = uint48(validationData >> (160 + 48));
    │                             ━━━━━━━━━━━━━━━━━━━━━━━━━━━━━━━━━━━━
    │
    ├ note: consider disabling this lint if you're certain the cast is safe
    │       
    │       // casting to 'uint48' is safe because [explain why]
    │       // forge-lint: disable-next-line(unsafe-typecast)
    │       
    │       
    ╰ help: https://book.getfoundry.sh/reference/forge/forge-lint#unsafe-typecast

warning[unsafe-typecast]: typecasts that can truncate values should be checked
    ╭▸ contracts/test/v4/PaymasterV4.t.sol:212:38
    │
212 │         address authorizer = address(uint160(validationData));
    │                                      ━━━━━━━━━━━━━━━━━━━━━━━
    │
    ├ note: consider disabling this lint if you're certain the cast is safe
    │       
    │       // casting to 'uint160' is safe because [explain why]
    │       // forge-lint: disable-next-line(unsafe-typecast)
    │       
    │       
    ╰ help: https://book.getfoundry.sh/reference/forge/forge-lint#unsafe-typecast

warning[erc20-unchecked-transfer]: ERC20 'transfer' and 'transferFrom' calls should check the return value
    ╭▸ contracts/test/paymasters/superpaymaster/v3/SuperPaymasterV3.t.sol:259:9
    │
259 │         apnts.transferFrom(operator, user, 100 ether);
    │         ━━━━━━━━━━━━━━━━━━━━━━━━━━━━━━━━━━━━━━━━━━━━━
    │
    ╰ help: https://book.getfoundry.sh/reference/forge/forge-lint#erc20-unchecked-transfer

warning[unsafe-typecast]: typecasts that can truncate values should be checked
    ╭▸ contracts/test/paymasters/superpaymaster/v3/SuperPaymasterV3.t.sol:431:18
    │
431 │         assertEq(uint160(vd), 0, "validation must pass");
    │                  ━━━━━━━━━━━
    │
    ├ note: consider disabling this lint if you're certain the cast is safe
    │       
    │       // casting to 'uint160' is safe because [explain why]
    │       // forge-lint: disable-next-line(unsafe-typecast)
    │       
    │       
    ╰ help: https://book.getfoundry.sh/reference/forge/forge-lint#unsafe-typecast

warning[unsafe-typecast]: typecasts that can truncate values should be checked
    ╭▸ contracts/test/paymasters/superpaymaster/v3/SuperPaymasterPricingV2.t.sol:125:45
    │
125 │         priceFeed = new MockAggregatorV3Spy(int256(INITIAL_PRICE), 8);
    │                                             ━━━━━━━━━━━━━━━━━━━━━
    │
    ├ note: consider disabling this lint if you're certain the cast is safe
    │       
    │       // casting to 'int256' is safe because [explain why]
    │       // forge-lint: disable-next-line(unsafe-typecast)
    │       
    │       
    ╰ help: https://book.getfoundry.sh/reference/forge/forge-lint#unsafe-typecast

warning[unsafe-typecast]: typecasts that can truncate values should be checked
    ╭▸ contracts/test/paymasters/superpaymaster/v3/SuperPaymasterPricingV2.t.sol:203:18
    │
203 │         assertEq(uint160(vd), 0, "precondition: validation passes");
    │                  ━━━━━━━━━━━
    │
    ├ note: consider disabling this lint if you're certain the cast is safe
    │       
    │       // casting to 'uint160' is safe because [explain why]
    │       // forge-lint: disable-next-line(unsafe-typecast)
    │       
    │       
    ╰ help: https://book.getfoundry.sh/reference/forge/forge-lint#unsafe-typecast

warning[unsafe-typecast]: typecasts that can truncate values should be checked
    ╭▸ contracts/test/v3/SuperPaymaster_BurnRestore.t.sol:289:18
    │
289 │         assertEq(uint160(vd), 1, "empty balance + credit OFF -> sigFail (R-2)");
    │                  ━━━━━━━━━━━
    │
    ├ note: consider disabling this lint if you're certain the cast is safe
    │       
    │       // casting to 'uint160' is safe because [explain why]
    │       // forge-lint: disable-next-line(unsafe-typecast)
    │       
    │       
    ╰ help: https://book.getfoundry.sh/reference/forge/forge-lint#unsafe-typecast

warning[unsafe-typecast]: typecasts that can truncate values should be checked
    ╭▸ contracts/test/v3/SuperPaymaster_BurnRestore.t.sol:321:18
    │
321 │         assertEq(uint160(validationData), 0, "5.5.0: balance-funded op admitted on escrow, credit irrelevant");
    │                  ━━━━━━━━━━━━━━━━━━━━━━━
    │
    ├ note: consider disabling this lint if you're certain the cast is safe
    │       
    │       // casting to 'uint160' is safe because [explain why]
    │       // forge-lint: disable-next-line(unsafe-typecast)
    │       
    │       
    ╰ help: https://book.getfoundry.sh/reference/forge/forge-lint#unsafe-typecast

warning[erc20-unchecked-transfer]: ERC20 'transfer' and 'transferFrom' calls should check the return value
    ╭▸ contracts/test/v3/SuperPaymaster_BurnRestore.t.sol:330:9
    │
330 │         xpnts.transfer(address(0xD7A1), bal);
    │         ━━━━━━━━━━━━━━━━━━━━━━━━━━━━━━━━━━━━
    │
    ╰ help: https://book.getfoundry.sh/reference/forge/forge-lint#erc20-unchecked-transfer

warning[erc20-unchecked-transfer]: ERC20 'transfer' and 'transferFrom' calls should check the return value
    ╭▸ contracts/test/v3/SuperPaymaster_BurnRestore.t.sol:333:9
    │
333 │         xpnts.transfer(address(0xD7A1), bal - locked);
    │         ━━━━━━━━━━━━━━━━━━━━━━━━━━━━━━━━━━━━━━━━━━━━━
    │
    ╰ help: https://book.getfoundry.sh/reference/forge/forge-lint#erc20-unchecked-transfer

warning[unsafe-typecast]: typecasts that can truncate values should be checked
    ╭▸ contracts/test/v3/SuperPaymaster_BurnRestore.t.sol:353:22
    │
353 │             assertEq(uint160(validationData), 1, "zero-credit unfunded op rejected every attempt");
    │                      ━━━━━━━━━━━━━━━━━━━━━━━
    │
    ├ note: consider disabling this lint if you're certain the cast is safe
    │       
    │       // casting to 'uint160' is safe because [explain why]
    │       // forge-lint: disable-next-line(unsafe-typecast)
    │       
    │       
    ╰ help: https://book.getfoundry.sh/reference/forge/forge-lint#unsafe-typecast

warning[erc20-unchecked-transfer]: ERC20 'transfer' and 'transferFrom' calls should check the return value
    ╭▸ contracts/test/paymasters/superpaymaster/v3/SuperPaymasterV3.t.sol:489:13
    │
489 │             xtok.transfer(address(0xdead), bal);
    │             ━━━━━━━━━━━━━━━━━━━━━━━━━━━━━━━━━━━
    │
    ╰ help: https://book.getfoundry.sh/reference/forge/forge-lint#erc20-unchecked-transfer

warning[unsafe-typecast]: typecasts that can truncate values should be checked
    ╭▸ contracts/test/paymasters/superpaymaster/v3/SuperPaymasterV3.t.sol:528:18
    │
528 │         assertEq(uint160(validationData), 0, "Validation should pass via Credit");
    │                  ━━━━━━━━━━━━━━━━━━━━━━━
    │
    ├ note: consider disabling this lint if you're certain the cast is safe
    │       
    │       // casting to 'uint160' is safe because [explain why]
    │       // forge-lint: disable-next-line(unsafe-typecast)
    │       
    │       
    ╰ help: https://book.getfoundry.sh/reference/forge/forge-lint#unsafe-typecast

warning[unsafe-typecast]: typecasts that can truncate values should be checked
    ╭▸ contracts/test/paymasters/superpaymaster/v3/SuperPaymasterV3.t.sol:569:18
    │
569 │         assertEq(uint160(vd), 0);
    │                  ━━━━━━━━━━━
    │
    ├ note: consider disabling this lint if you're certain the cast is safe
    │       
    │       // casting to 'uint160' is safe because [explain why]
    │       // forge-lint: disable-next-line(unsafe-typecast)
    │       
    │       
    ╰ help: https://book.getfoundry.sh/reference/forge/forge-lint#unsafe-typecast

warning[unsafe-typecast]: typecasts that can truncate values should be checked
    ╭▸ contracts/test/paymasters/superpaymaster/v3/SuperPaymasterV3.t.sol:594:18
    │
594 │         assertEq(uint160(vd), 0);
    │                  ━━━━━━━━━━━
    │
    ├ note: consider disabling this lint if you're certain the cast is safe
    │       
    │       // casting to 'uint160' is safe because [explain why]
    │       // forge-lint: disable-next-line(unsafe-typecast)
    │       
    │       
    ╰ help: https://book.getfoundry.sh/reference/forge/forge-lint#unsafe-typecast

warning[unsafe-typecast]: typecasts that can truncate values should be checked
    ╭▸ contracts/test/paymasters/superpaymaster/v3/SuperPaymasterV3.t.sol:621:18
    │
621 │         assertEq(uint160(vd), 0, "validation passes");
    │                  ━━━━━━━━━━━
    │
    ├ note: consider disabling this lint if you're certain the cast is safe
    │       
    │       // casting to 'uint160' is safe because [explain why]
    │       // forge-lint: disable-next-line(unsafe-typecast)
    │       
    │       
    ╰ help: https://book.getfoundry.sh/reference/forge/forge-lint#unsafe-typecast

warning[unsafe-typecast]: typecasts that can truncate values should be checked
    ╭▸ contracts/test/paymasters/superpaymaster/v3/SuperPaymasterPricingV2.t.sol:231:21
    │
231 │         assertEq(p, int256(INITIAL_PRICE), "Should use cached price");
    │                     ━━━━━━━━━━━━━━━━━━━━━
    │
    ├ note: consider disabling this lint if you're certain the cast is safe
    │       
    │       // casting to 'int256' is safe because [explain why]
    │       // forge-lint: disable-next-line(unsafe-typecast)
    │       
    │       
    ╰ help: https://book.getfoundry.sh/reference/forge/forge-lint#unsafe-typecast

warning[unsafe-typecast]: typecasts that can truncate values should be checked
    ╭▸ contracts/test/paymasters/superpaymaster/v3/SuperPaymasterPricingV2.t.sol:254:21
    │
254 │         assertEq(p, int256(INITIAL_PRICE));
    │                     ━━━━━━━━━━━━━━━━━━━━━
    │
    ├ note: consider disabling this lint if you're certain the cast is safe
    │       
    │       // casting to 'int256' is safe because [explain why]
    │       // forge-lint: disable-next-line(unsafe-typecast)
    │       
    │       
    ╰ help: https://book.getfoundry.sh/reference/forge/forge-lint#unsafe-typecast

warning[unsafe-typecast]: typecasts that can truncate values should be checked
    ╭▸ contracts/test/paymasters/superpaymaster/v3/SuperPaymasterPricingV2.t.sol:272:18
    │
272 │         assertEq(uint160(validationData), 0, "not a sigFail: staleness is expressed via validUntil");
    │                  ━━━━━━━━━━━━━━━━━━━━━━━
    │
    ├ note: consider disabling this lint if you're certain the cast is safe
    │       
    │       // casting to 'uint160' is safe because [explain why]
    │       // forge-lint: disable-next-line(unsafe-typecast)
    │       
    │       
    ╰ help: https://book.getfoundry.sh/reference/forge/forge-lint#unsafe-typecast

warning[unsafe-typecast]: typecasts that can truncate values should be checked
    ╭▸ contracts/test/paymasters/superpaymaster/v3/SuperPaymasterPricingV2.t.sol:273:38
    │
273 │         uint48 extractedValidUntil = uint48(validationData >> 160);
    │                                      ━━━━━━━━━━━━━━━━━━━━━━━━━━━━━
    │
    ├ note: consider disabling this lint if you're certain the cast is safe
    │       
    │       // casting to 'uint48' is safe because [explain why]
    │       // forge-lint: disable-next-line(unsafe-typecast)
    │       
    │       
    ╰ help: https://book.getfoundry.sh/reference/forge/forge-lint#unsafe-typecast

warning[unsafe-typecast]: typecasts that can truncate values should be checked
    ╭▸ contracts/test/paymasters/superpaymaster/v3/SuperPaymasterPricingV2.t.sol:313:18
    │
313 │         assertEq(uint160(vd), 0);
    │                  ━━━━━━━━━━━
    │
    ├ note: consider disabling this lint if you're certain the cast is safe
    │       
    │       // casting to 'uint160' is safe because [explain why]
    │       // forge-lint: disable-next-line(unsafe-typecast)
    │       
    │       
    ╰ help: https://book.getfoundry.sh/reference/forge/forge-lint#unsafe-typecast

warning[unsafe-typecast]: typecasts that can truncate values should be checked
   ╭▸ contracts/test/v4/PaymasterOptimizations.t.sol:91:32
   │
91 │         oracle = new SpyOracle(int256(ORACLE_PRICE)); 
   │                                ━━━━━━━━━━━━━━━━━━━━
   │
   ├ note: consider disabling this lint if you're certain the cast is safe
   │       
   │       // casting to 'int256' is safe because [explain why]
   │       // forge-lint: disable-next-line(unsafe-typecast)
   │       
   │       
   ╰ help: https://book.getfoundry.sh/reference/forge/forge-lint#unsafe-typecast

warning[unsafe-typecast]: typecasts that can truncate values should be checked
    ╭▸ contracts/test/v4/PaymasterOptimizations.t.sol:209:25
    │
209 │         oracle.setPrice(int256(oraclePrice));
    │                         ━━━━━━━━━━━━━━━━━━━
    │
    ├ note: consider disabling this lint if you're certain the cast is safe
    │       
    │       // casting to 'int256' is safe because [explain why]
    │       // forge-lint: disable-next-line(unsafe-typecast)
    │       
    │       
    ╰ help: https://book.getfoundry.sh/reference/forge/forge-lint#unsafe-typecast

warning[unsafe-typecast]: typecasts that can truncate values should be checked
    ╭▸ contracts/test/paymasters/superpaymaster/v3/SuperPaymasterV3.t.sol:648:18
    │
648 │         assertEq(uint160(validationData), 1, "C-01a: zero-credit user must fail validation (policy OFF)");
    │                  ━━━━━━━━━━━━━━━━━━━━━━━
    │
    ├ note: consider disabling this lint if you're certain the cast is safe
    │       
    │       // casting to 'uint160' is safe because [explain why]
    │       // forge-lint: disable-next-line(unsafe-typecast)
    │       
    │       
    ╰ help: https://book.getfoundry.sh/reference/forge/forge-lint#unsafe-typecast

warning[unsafe-typecast]: typecasts that can truncate values should be checked
    ╭▸ contracts/test/paymasters/superpaymaster/v3/SuperPaymasterV3.t.sol:655:18
    │
655 │         assertEq(uint160(validationData), 1, "C-01a: zero-tier user must fail validation (policy AUTO)");
    │                  ━━━━━━━━━━━━━━━━━━━━━━━
    │
    ├ note: consider disabling this lint if you're certain the cast is safe
    │       
    │       // casting to 'uint160' is safe because [explain why]
    │       // forge-lint: disable-next-line(unsafe-typecast)
    │       
    │       
    ╰ help: https://book.getfoundry.sh/reference/forge/forge-lint#unsafe-typecast

warning[unsafe-typecast]: typecasts that can truncate values should be checked
    ╭▸ contracts/test/paymasters/superpaymaster/v3/SuperPaymasterV3.t.sol:684:18
    │
684 │         assertEq(uint160(vd1), 0, "positive control: first op fits the ceiling exactly");
    │                  ━━━━━━━━━━━━
    │
    ├ note: consider disabling this lint if you're certain the cast is safe
    │       
    │       // casting to 'uint160' is safe because [explain why]
    │       // forge-lint: disable-next-line(unsafe-typecast)
    │       
    │       
    ╰ help: https://book.getfoundry.sh/reference/forge/forge-lint#unsafe-typecast

warning[unsafe-typecast]: typecasts that can truncate values should be checked
    ╭▸ contracts/test/paymasters/superpaymaster/v3/SuperPaymasterV3.t.sol:689:18
    │
689 │         assertEq(uint160(vd2), 1, "C-01b: same-bundle second reservation exceeds the ceiling");
    │                  ━━━━━━━━━━━━
    │
    ├ note: consider disabling this lint if you're certain the cast is safe
    │       
    │       // casting to 'uint160' is safe because [explain why]
    │       // forge-lint: disable-next-line(unsafe-typecast)
    │       
    │       
    ╰ help: https://book.getfoundry.sh/reference/forge/forge-lint#unsafe-typecast

warning[unsafe-typecast]: typecasts that can truncate values should be checked
    ╭▸ contracts/test/paymasters/superpaymaster/v3/SuperPaymasterV3.t.sol:699:18
    │
699 │         assertEq(uint160(vd3), 1, "C-01b: over-ceiling charge must fail validation");
    │                  ━━━━━━━━━━━━
    │
    ├ note: consider disabling this lint if you're certain the cast is safe
    │       
    │       // casting to 'uint160' is safe because [explain why]
    │       // forge-lint: disable-next-line(unsafe-typecast)
    │       
    │       
    ╰ help: https://book.getfoundry.sh/reference/forge/forge-lint#unsafe-typecast

warning[unsafe-typecast]: typecasts that can truncate values should be checked
    ╭▸ contracts/test/paymasters/superpaymaster/v3/SuperPaymasterV3.t.sol:727:18
    │
727 │         assertEq(uint160(validationData), 0, "C-01c: in-credit user must pass validation");
    │                  ━━━━━━━━━━━━━━━━━━━━━━━
    │
    ├ note: consider disabling this lint if you're certain the cast is safe
    │       
    │       // casting to 'uint160' is safe because [explain why]
    │       // forge-lint: disable-next-line(unsafe-typecast)
    │       
    │       
    ╰ help: https://book.getfoundry.sh/reference/forge/forge-lint#unsafe-typecast

warning[unsafe-typecast]: typecasts that can truncate values should be checked
    ╭▸ contracts/test/paymasters/superpaymaster/v3/SuperPaymasterV3.t.sol:745:18
    │
745 │         assertEq(uint160(validationData), 0, "C-01d: balance-backed op is sponsored");
    │                  ━━━━━━━━━━━━━━━━━━━━━━━
    │
    ├ note: consider disabling this lint if you're certain the cast is safe
    │       
    │       // casting to 'uint160' is safe because [explain why]
    │       // forge-lint: disable-next-line(unsafe-typecast)
    │       
    │       
    ╰ help: https://book.getfoundry.sh/reference/forge/forge-lint#unsafe-typecast

warning[erc20-unchecked-transfer]: ERC20 'transfer' and 'transferFrom' calls should check the return value
    ╭▸ contracts/test/paymasters/superpaymaster/v3/SuperPaymasterV3.t.sol:754:9
    │
754 │         xtok.transfer(address(0xdead), balBefore);
    │         ━━━━━━━━━━━━━━━━━━━━━━━━━━━━━━━━━━━━━━━━━
    │
    ╰ help: https://book.getfoundry.sh/reference/forge/forge-lint#erc20-unchecked-transfer

warning[erc20-unchecked-transfer]: ERC20 'transfer' and 'transferFrom' calls should check the return value
    ╭▸ contracts/test/paymasters/superpaymaster/v3/SuperPaymasterV3.t.sol:757:9
    │
757 │         xtok.transfer(address(0xdead), balBefore - locked);
    │         ━━━━━━━━━━━━━━━━━━━━━━━━━━━━━━━━━━━━━━━━━━━━━━━━━━
    │
    ╰ help: https://book.getfoundry.sh/reference/forge/forge-lint#erc20-unchecked-transfer

warning[unsafe-typecast]: typecasts that can truncate values should be checked
    ╭▸ contracts/test/v3/SuperPaymaster_BurnRestore.t.sol:404:18
    │
404 │         assertEq(uint160(vd), 0);
    │                  ━━━━━━━━━━━
    │
    ├ note: consider disabling this lint if you're certain the cast is safe
    │       
    │       // casting to 'uint160' is safe because [explain why]
    │       // forge-lint: disable-next-line(unsafe-typecast)
    │       
    │       
    ╰ help: https://book.getfoundry.sh/reference/forge/forge-lint#unsafe-typecast

warning[unsafe-typecast]: typecasts that can truncate values should be checked
    ╭▸ contracts/test/v3/SuperPaymaster_BurnRestore.t.sol:412:18
    │
412 │         assertEq(bytes4(ret), xPNTsV2Base.NotLive.selector, "reverted for L-3 NotLive (not auth/other)");
    │                  ━━━━━━━━━━━
    │
    ├ note: consider disabling this lint if you're certain the cast is safe
    │       
    │       // casting to 'bytes4' is safe because [explain why]
    │       // forge-lint: disable-next-line(unsafe-typecast)
    │       
    │       
    ╰ help: https://book.getfoundry.sh/reference/forge/forge-lint#unsafe-typecast

warning[unsafe-typecast]: typecasts that can truncate values should be checked
    ╭▸ contracts/test/v3/SuperPaymaster_BurnRestore.t.sol:445:18
    │
445 │         assertEq(uint160(vd1), 0);
    │                  ━━━━━━━━━━━━
    │
    ├ note: consider disabling this lint if you're certain the cast is safe
    │       
    │       // casting to 'uint160' is safe because [explain why]
    │       // forge-lint: disable-next-line(unsafe-typecast)
    │       
    │       
    ╰ help: https://book.getfoundry.sh/reference/forge/forge-lint#unsafe-typecast

warning[unsafe-typecast]: typecasts that can truncate values should be checked
    ╭▸ contracts/test/v3/SuperPaymaster_BurnRestore.t.sol:454:18
    │
454 │         assertEq(uint160(vd2), 0);
    │                  ━━━━━━━━━━━━
    │
    ├ note: consider disabling this lint if you're certain the cast is safe
    │       
    │       // casting to 'uint160' is safe because [explain why]
    │       // forge-lint: disable-next-line(unsafe-typecast)
    │       
    │       
    ╰ help: https://book.getfoundry.sh/reference/forge/forge-lint#unsafe-typecast

warning[unsafe-typecast]: typecasts that can truncate values should be checked
    ╭▸ contracts/test/v3/SuperPaymaster_BurnRestore.t.sol:555:18
    │
555 │         assertEq(uint160(vd), 0);
    │                  ━━━━━━━━━━━
    │
    ├ note: consider disabling this lint if you're certain the cast is safe
    │       
    │       // casting to 'uint160' is safe because [explain why]
    │       // forge-lint: disable-next-line(unsafe-typecast)
    │       
    │       
    ╰ help: https://book.getfoundry.sh/reference/forge/forge-lint#unsafe-typecast

WARNING  Skipped Initializable.default.json due to parsing failure: ValueError: 
         ('duplicate contract names in the same file', 'Initializable',         
         'Initializable.sol')                                                   
         (see https://github.com/a16z/halmos/wiki/warnings#parsing-error)       
WARNING  Skipped MySBT.json due to parsing failure: ValueError: ('duplicate     
         contract names in the same file', 'MySBT', 'MySBT.sol')                
         (see https://github.com/a16z/halmos/wiki/warnings#parsing-error)       
WARNING  Skipped IGTokenStaking.json due to parsing failure: ValueError:        
         ('duplicate contract names in the same file', 'IGTokenStaking',        
         'IGTokenStaking.sol')                                                  
         (see https://github.com/a16z/halmos/wiki/warnings#parsing-error)       
WARNING  Skipped IERC721Metadata.registry-size.json due to parsing failure:     
         ValueError: ('duplicate contract names in the same file',              
         'IERC721Metadata', 'IERC721Metadata.sol')                              
         (see https://github.com/a16z/halmos/wiki/warnings#parsing-error)       
WARNING  Skipped IERC721Metadata.default.json due to parsing failure:           
         ValueError: ('duplicate contract names in the same file',              
         'IERC721Metadata', 'IERC721Metadata.sol')                              
         (see https://github.com/a16z/halmos/wiki/warnings#parsing-error)       
WARNING  Skipped IAccount.default.json due to parsing failure: ValueError:      
         ('duplicate contract names in the same file', 'IAccount',              
         'IAccount.sol')                                                        
         (see https://github.com/a16z/halmos/wiki/warnings#parsing-error)       
WARNING  Skipped IERC20.json due to parsing failure: ValueError: ('duplicate    
         contract names in the same file', 'IERC20', 'IERC20.sol')              
         (see https://github.com/a16z/halmos/wiki/warnings#parsing-error)       
WARNING  Skipped IERC20.registry-size.json due to parsing failure: ValueError:  
         ('duplicate contract names in the same file', 'IERC20', 'IERC20.sol')  
         (see https://github.com/a16z/halmos/wiki/warnings#parsing-error)       
WARNING  Skipped Ownable2StepNamespaced.json due to parsing failure: ValueError:
         ('duplicate contract names in the same file', 'Ownable2StepNamespaced',
         'Ownable2StepNamespaced.sol')                                          
         (see https://github.com/a16z/halmos/wiki/warnings#parsing-error)       
WARNING  Skipped IEntryPoint.json due to parsing failure: ValueError:           
         ('duplicate contract names in the same file', 'IEntryPoint',           
         'IEntryPoint.sol')                                                     
         (see https://github.com/a16z/halmos/wiki/warnings#parsing-error)       
WARNING  Skipped IEntryPoint.registry-size.json due to parsing failure:         
         ValueError: ('duplicate contract names in the same file',              
         'IEntryPoint', 'IEntryPoint.sol')                                      
         (see https://github.com/a16z/halmos/wiki/warnings#parsing-error)       
WARNING  Skipped IxPNTsFactory.registry-size.json due to parsing failure:       
         ValueError: ('duplicate contract names in the same file',              
         'IxPNTsFactory', 'IxPNTsFactory.sol')                                  
         (see https://github.com/a16z/halmos/wiki/warnings#parsing-error)       
WARNING  Skipped InvMockEntryPoint.json due to parsing failure: ValueError:     
         ('duplicate contract names in the same file', 'InvMockEntryPoint',     
         'InvariantMocks.sol')                                                  
         (see https://github.com/a16z/halmos/wiki/warnings#parsing-error)       
WARNING  Skipped InvMockPriceFeed.json due to parsing failure: ValueError:      
         ('duplicate contract names in the same file', 'InvMockPriceFeed',      
         'InvariantMocks.sol')                                                  
         (see https://github.com/a16z/halmos/wiki/warnings#parsing-error)       
WARNING  Skipped InvMockAPNTs.json due to parsing failure: ValueError:          
         ('duplicate contract names in the same file', 'InvMockAPNTs',          
         'InvariantMocks.sol')                                                  
         (see https://github.com/a16z/halmos/wiki/warnings#parsing-error)       
WARNING  Skipped InvMockRegistry.json due to parsing failure: ValueError:       
         ('duplicate contract names in the same file', 'InvMockRegistry',       
         'InvariantMocks.sol')                                                  
         (see https://github.com/a16z/halmos/wiki/warnings#parsing-error)       
WARNING  Skipped IMulticall3.registry-size.json due to parsing failure:         
         ValueError: ('duplicate contract names in the same file',              
         'IMulticall3', 'IMulticall3.sol')                                      
         (see https://github.com/a16z/halmos/wiki/warnings#parsing-error)       
WARNING  Skipped IRegistryStakingAwareBLS.json due to parsing failure:          
         ValueError: ('duplicate contract names in the same file',              
         'IRegistryStakingAwareBLS', 'BLSAggregator.sol')                       
         (see https://github.com/a16z/halmos/wiki/warnings#parsing-error)       
WARNING  Skipped IDVTValidator.json due to parsing failure: ValueError:         
         ('duplicate contract names in the same file', 'IDVTValidator',         
         'BLSAggregator.sol')                                                   
         (see https://github.com/a16z/halmos/wiki/warnings#parsing-error)       
WARNING  Skipped IFraudProofVerifier.json due to parsing failure: ValueError:   
         ('duplicate contract names in the same file', 'IFraudProofVerifier',   
         'BLSAggregator.sol')                                                   
         (see https://github.com/a16z/halmos/wiki/warnings#parsing-error)       
WARNING  Skipped IGTokenStakingSlash.json due to parsing failure: ValueError:   
         ('duplicate contract names in the same file', 'IGTokenStakingSlash',   
         'BLSAggregator.sol')                                                   
         (see https://github.com/a16z/halmos/wiki/warnings#parsing-error)       
WARNING  Skipped ISuperPaymasterSlash.registry-size.json due to parsing failure:
         ValueError: ('duplicate contract names in the same file',              
         'ISuperPaymasterSlash', 'BLSAggregator.sol')                           
         (see https://github.com/a16z/halmos/wiki/warnings#parsing-error)       
WARNING  Skipped BLSAggregator.registry-size.json due to parsing failure:       
         ValueError: ('duplicate contract names in the same file',              
         'BLSAggregator', 'BLSAggregator.sol')                                  
         (see https://github.com/a16z/halmos/wiki/warnings#parsing-error)       
WARNING  Skipped ReentrancyGuard.registry-size.json due to parsing failure:     
         ValueError: ('duplicate contract names in the same file',              
         'ReentrancyGuard', 'ReentrancyGuard.sol')                              
         (see https://github.com/a16z/halmos/wiki/warnings#parsing-error)       
WARNING  Skipped IOwned.default.json due to parsing failure: ValueError:        
         ('duplicate contract names in the same file', 'IOwned',                
         'GovernanceOwnerGate.sol')                                             
         (see https://github.com/a16z/halmos/wiki/warnings#parsing-error)       
WARNING  Skipped ISafeCompatibleMofN.default.json due to parsing failure:       
         ValueError: ('duplicate contract names in the same file',              
         'ISafeCompatibleMofN', 'GovernanceOwnerGate.sol')                      
         (see https://github.com/a16z/halmos/wiki/warnings#parsing-error)       
WARNING  Skipped GovernanceOwnerGate.registry-size.json due to parsing failure: 
         ValueError: ('duplicate contract names in the same file',              
         'GovernanceOwnerGate', 'GovernanceOwnerGate.sol')                      
         (see https://github.com/a16z/halmos/wiki/warnings#parsing-error)       
WARNING  Skipped BasePaymasterUpgradeable.json due to parsing failure:          
         ValueError: ('duplicate contract names in the same file',              
         'BasePaymasterUpgradeable', 'BasePaymasterUpgradeable.sol')            
         (see https://github.com/a16z/halmos/wiki/warnings#parsing-error)       
WARNING  Skipped SuperPaymaster.json due to parsing failure: ValueError:        
         ('duplicate contract names in the same file', 'SuperPaymaster',        
         'SuperPaymaster.sol')                                                  
         (see https://github.com/a16z/halmos/wiki/warnings#parsing-error)       
WARNING  Skipped IRegistryStakingAware.registry-size.json due to parsing        
         failure: ValueError: ('duplicate contract names in the same file',     
         'IRegistryStakingAware', 'DVTValidator.sol')                           
         (see https://github.com/a16z/halmos/wiki/warnings#parsing-error)       
WARNING  Skipped DVTValidator.json due to parsing failure: ValueError:          
         ('duplicate contract names in the same file', 'DVTValidator',          
         'DVTValidator.sol')                                                    
         (see https://github.com/a16z/halmos/wiki/warnings#parsing-error)       
WARNING  Skipped ISuperPaymaster.json due to parsing failure: ValueError:       
         ('duplicate contract names in the same file', 'ISuperPaymaster',       
         'ISuperPaymaster.sol')                                                 
         (see https://github.com/a16z/halmos/wiki/warnings#parsing-error)       
WARNING  Skipped IERC1822Proxiable.default.json due to parsing failure:         
         ValueError: ('duplicate contract names in the same file',              
         'IERC1822Proxiable', 'draft-IERC1822.sol')                             
         (see https://github.com/a16z/halmos/wiki/warnings#parsing-error)       
WARNING  Skipped TokenCallbackHandler.default.json due to parsing failure:      
         ValueError: ('duplicate contract names in the same file',              
         'TokenCallbackHandler', 'TokenCallbackHandler.sol')                    
         (see https://github.com/a16z/halmos/wiki/warnings#parsing-error)       
WARNING  Skipped ERC20.registry-size.json due to parsing failure: ValueError:   
         ('duplicate contract names in the same file', 'ERC20', 'ERC20.sol')    
         (see https://github.com/a16z/halmos/wiki/warnings#parsing-error)       
WARNING  Skipped ERC20.json due to parsing failure: ValueError: ('duplicate     
         contract names in the same file', 'ERC20', 'ERC20.sol')                
         (see https://github.com/a16z/halmos/wiki/warnings#parsing-error)       
WARNING  Skipped IERC20Permit.registry-size.json due to parsing failure:        
         ValueError: ('duplicate contract names in the same file',              
         'IERC20Permit', 'IERC20Permit.sol')                                    
         (see https://github.com/a16z/halmos/wiki/warnings#parsing-error)       
WARNING  Skipped IERC20Permit.json due to parsing failure: ValueError:          
         ('duplicate contract names in the same file', 'IERC20Permit',          
         'IERC20Permit.sol')                                                    
         (see https://github.com/a16z/halmos/wiki/warnings#parsing-error)       
WARNING  Skipped MockXPNTsFactory.json due to parsing failure: ValueError:      
         ('duplicate contract names in the same file', 'MockXPNTsFactory',      
         'MockXPNTsFactory.sol')                                                
         (see https://github.com/a16z/halmos/wiki/warnings#parsing-error)       
WARNING  Skipped IMySBT.json due to parsing failure: ValueError: ('duplicate    
         contract names in the same file', 'IMySBT', 'IMySBT.sol')              
         (see https://github.com/a16z/halmos/wiki/warnings#parsing-error)       
WARNING  Skipped GasBurner.registry-size.json due to parsing failure:           
         ValueError: ('duplicate contract names in the same file', 'GasBurner', 
         'V55GasProbes.sol')                                                    
         (see https://github.com/a16z/halmos/wiki/warnings#parsing-error)       
WARNING  Skipped PostOpProbePaymaster.registry-size.json due to parsing failure:
         ValueError: ('duplicate contract names in the same file',              
         'PostOpProbePaymaster', 'V55GasProbes.sol')                            
         (see https://github.com/a16z/halmos/wiki/warnings#parsing-error)       
WARNING  Skipped ERC20Burnable.default.json due to parsing failure: ValueError: 
         ('duplicate contract names in the same file', 'ERC20Burnable',         
         'ERC20Burnable.sol')                                                   
         (see https://github.com/a16z/halmos/wiki/warnings#parsing-error)       
WARNING  Skipped ERC20Burnable.registry-size.json due to parsing failure:       
         ValueError: ('duplicate contract names in the same file',              
         'ERC20Burnable', 'ERC20Burnable.sol')                                  
         (see https://github.com/a16z/halmos/wiki/warnings#parsing-error)       
WARNING  Skipped IPaymaster.registry-size.json due to parsing failure:          
         ValueError: ('duplicate contract names in the same file', 'IPaymaster',
         'IPaymaster.sol')                                                      
         (see https://github.com/a16z/halmos/wiki/warnings#parsing-error)       
WARNING  Skipped IPaymaster.json due to parsing failure: ValueError: ('duplicate
         contract names in the same file', 'IPaymaster', 'IPaymaster.sol')      
         (see https://github.com/a16z/halmos/wiki/warnings#parsing-error)       
WARNING  Skipped V55Registry.json due to parsing failure: ValueError:           
         ('duplicate contract names in the same file', 'V55Registry',           
         'V55TestFixtures.sol')                                                 
         (see https://github.com/a16z/halmos/wiki/warnings#parsing-error)       
WARNING  Skipped V55APNTs.registry-size.json due to parsing failure: ValueError:
         ('duplicate contract names in the same file', 'V55APNTs',              
         'V55TestFixtures.sol')                                                 
         (see https://github.com/a16z/halmos/wiki/warnings#parsing-error)       
WARNING  Skipped V55PriceFeed.registry-size.json due to parsing failure:        
         ValueError: ('duplicate contract names in the same file',              
         'V55PriceFeed', 'V55TestFixtures.sol')                                 
         (see https://github.com/a16z/halmos/wiki/warnings#parsing-error)       
WARNING  Skipped V55Counter.json due to parsing failure: ValueError: ('duplicate
         contract names in the same file', 'V55Counter', 'V55TestFixtures.sol') 
         (see https://github.com/a16z/halmos/wiki/warnings#parsing-error)       
WARNING  Skipped IV2Ext.registry-size.json due to parsing failure: ValueError:  
         ('duplicate contract names in the same file', 'IV2Ext',                
         'V55TestFixtures.sol')                                                 
         (see https://github.com/a16z/halmos/wiki/warnings#parsing-error)       
WARNING  Skipped IERC1155Receiver.registry-size.json due to parsing failure:    
         ValueError: ('duplicate contract names in the same file',              
         'IERC1155Receiver', 'IERC1155Receiver.sol')                            
         (see https://github.com/a16z/halmos/wiki/warnings#parsing-error)       
WARNING  Skipped stdJson.default.json due to parsing failure: ValueError:       
         ('duplicate contract names in the same file', 'stdJson', 'StdJson.sol')
         (see https://github.com/a16z/halmos/wiki/warnings#parsing-error)       
WARNING  Skipped IAggregator.json due to parsing failure: ValueError:           
         ('duplicate contract names in the same file', 'IAggregator',           
         'IAggregator.sol')                                                     
         (see https://github.com/a16z/halmos/wiki/warnings#parsing-error)       
WARNING  Skipped IAggregator.registry-size.json due to parsing failure:         
         ValueError: ('duplicate contract names in the same file',              
         'IAggregator', 'IAggregator.sol')                                      
         (see https://github.com/a16z/halmos/wiki/warnings#parsing-error)       
WARNING  Skipped IERC721Receiver.json due to parsing failure: ValueError:       
         ('duplicate contract names in the same file', 'IERC721Receiver',       
         'IERC721Receiver.sol')                                                 
         (see https://github.com/a16z/halmos/wiki/warnings#parsing-error)       
WARNING  Skipped IERC721Receiver.default.json due to parsing failure:           
         ValueError: ('duplicate contract names in the same file',              
         'IERC721Receiver', 'IERC721Receiver.sol')                              
         (see https://github.com/a16z/halmos/wiki/warnings#parsing-error)       
WARNING  Skipped xPNTsFactory.registry-size.json due to parsing failure:        
         ValueError: ('duplicate contract names in the same file',              
         'xPNTsFactory', 'xPNTsFactory.sol')                                    
         (see https://github.com/a16z/halmos/wiki/warnings#parsing-error)       
WARNING  Skipped IAccountExecute.registry-size.json due to parsing failure:     
         ValueError: ('duplicate contract names in the same file',              
         'IAccountExecute', 'IAccountExecute.sol')                              
         (see https://github.com/a16z/halmos/wiki/warnings#parsing-error)       
WARNING  Skipped APNTsCapped.registry-size.json due to parsing failure:         
         ValueError: ('duplicate contract names in the same file',              
         'APNTsCapped', 'APNTsCapped.sol')                                      
         (see https://github.com/a16z/halmos/wiki/warnings#parsing-error)       
WARNING  Skipped Pausable.json due to parsing failure: ValueError: ('duplicate  
         contract names in the same file', 'Pausable', 'Pausable.sol')          
         (see https://github.com/a16z/halmos/wiki/warnings#parsing-error)       
WARNING  Skipped Pausable.default.json due to parsing failure: ValueError:      
         ('duplicate contract names in the same file', 'Pausable',              
         'Pausable.sol')                                                        
         (see https://github.com/a16z/halmos/wiki/warnings#parsing-error)       
WARNING  Skipped MockERC20.default.json due to parsing failure: ValueError:     
         ('duplicate contract names in the same file', 'MockERC20',             
         'MockERC20.sol')                                                       
         (see https://github.com/a16z/halmos/wiki/warnings#parsing-error)       
WARNING  Skipped SimpleAccountFactory.default.json due to parsing failure:      
         ValueError: ('duplicate contract names in the same file',              
         'SimpleAccountFactory', 'SimpleAccountFactory.sol')                    
         (see https://github.com/a16z/halmos/wiki/warnings#parsing-error)       
WARNING  Skipped PaymasterFactory.registry-size.json due to parsing failure:    
         ValueError: ('duplicate contract names in the same file',              
         'PaymasterFactory', 'PaymasterFactory.sol')                            
         (see https://github.com/a16z/halmos/wiki/warnings#parsing-error)       
WARNING  Skipped Vm.default.json due to parsing failure: ValueError: ('duplicate
         contract names in the same file', 'Vm', 'Vm.sol')                      
         (see https://github.com/a16z/halmos/wiki/warnings#parsing-error)       
WARNING  Skipped VmSafe.default.json due to parsing failure: ValueError:        
         ('duplicate contract names in the same file', 'VmSafe', 'Vm.sol')      
         (see https://github.com/a16z/halmos/wiki/warnings#parsing-error)       
WARNING  Skipped MockSBT.registry-size.json due to parsing failure: ValueError: 
         ('duplicate contract names in the same file', 'MockSBT', 'MockSBT.sol')
         (see https://github.com/a16z/halmos/wiki/warnings#parsing-error)       
WARNING  Skipped V55MutablePriceFeed.registry-size.json due to parsing failure: 
         ValueError: ('duplicate contract names in the same file',              
         'V55MutablePriceFeed', 'V55FuzzFixtures.sol')                          
         (see https://github.com/a16z/halmos/wiki/warnings#parsing-error)       
WARNING  Skipped IFuzzSP.json due to parsing failure: ValueError: ('duplicate   
         contract names in the same file', 'IFuzzSP', 'V55FuzzFixtures.sol')    
         (see https://github.com/a16z/halmos/wiki/warnings#parsing-error)       
WARNING  Skipped V55FuzzTarget.json due to parsing failure: ValueError:         
         ('duplicate contract names in the same file', 'V55FuzzTarget',         
         'V55FuzzFixtures.sol')                                                 
         (see https://github.com/a16z/halmos/wiki/warnings#parsing-error)       
WARNING  Skipped V55OwnerRelay.json due to parsing failure: ValueError:         
         ('duplicate contract names in the same file', 'V55OwnerRelay',         
         'V55FuzzFixtures.sol')                                                 
         (see https://github.com/a16z/halmos/wiki/warnings#parsing-error)       
WARNING  Skipped Nonces.default.json due to parsing failure: ValueError:        
         ('duplicate contract names in the same file', 'Nonces', 'Nonces.sol')  
         (see https://github.com/a16z/halmos/wiki/warnings#parsing-error)       
WARNING  Skipped Nonces.registry-size.json due to parsing failure: ValueError:  
         ('duplicate contract names in the same file', 'Nonces', 'Nonces.sol')  
         (see https://github.com/a16z/halmos/wiki/warnings#parsing-error)       
WARNING  Skipped IBeacon.registry-size.json due to parsing failure: ValueError: 
         ('duplicate contract names in the same file', 'IBeacon', 'IBeacon.sol')
         (see https://github.com/a16z/halmos/wiki/warnings#parsing-error)       
WARNING  Skipped Ownable.default.json due to parsing failure: ValueError:       
         ('duplicate contract names in the same file', 'Ownable', 'Ownable.sol')
         (see https://github.com/a16z/halmos/wiki/warnings#parsing-error)       
WARNING  Skipped safeconsole.registry-size.json due to parsing failure:         
         ValueError: ('duplicate contract names in the same file',              
         'safeconsole', 'safeconsole.sol')                                      
         (see https://github.com/a16z/halmos/wiki/warnings#parsing-error)       
WARNING  Skipped ERC20Permit.default.json due to parsing failure: ValueError:   
         ('duplicate contract names in the same file', 'ERC20Permit',           
         'ERC20Permit.sol')                                                     
         (see https://github.com/a16z/halmos/wiki/warnings#parsing-error)       
WARNING  Skipped ERC20Permit.json due to parsing failure: ValueError:           
         ('duplicate contract names in the same file', 'ERC20Permit',           
         'ERC20Permit.sol')                                                     
         (see https://github.com/a16z/halmos/wiki/warnings#parsing-error)       
WARNING  Skipped SuperPaymasterAdmin.registry-size.json due to parsing failure: 
         ValueError: ('duplicate contract names in the same file',              
         'SuperPaymasterAdmin', 'SuperPaymasterAdmin.sol')                      
         (see https://github.com/a16z/halmos/wiki/warnings#parsing-error)       
WARNING  Skipped IStakeManager.default.json due to parsing failure: ValueError: 
         ('duplicate contract names in the same file', 'IStakeManager',         
         'IStakeManager.sol')                                                   
         (see https://github.com/a16z/halmos/wiki/warnings#parsing-error)       
WARNING  Skipped IStakeManager.registry-size.json due to parsing failure:       
         ValueError: ('duplicate contract names in the same file',              
         'IStakeManager', 'IStakeManager.sol')                                  
         (see https://github.com/a16z/halmos/wiki/warnings#parsing-error)       
WARNING  Skipped SuperPaymasterAdminCalls.json due to parsing failure:          
         ValueError: ('duplicate contract names in the same file',              
         'SuperPaymasterAdminCalls', 'SuperPaymasterAdminCalls.sol')            
         (see https://github.com/a16z/halmos/wiki/warnings#parsing-error)       
WARNING  Skipped Paymaster.registry-size.json due to parsing failure:           
         ValueError: ('duplicate contract names in the same file', 'Paymaster', 
         'Paymaster.sol')                                                       
         (see https://github.com/a16z/halmos/wiki/warnings#parsing-error)       
WARNING  Skipped SafeERC20.default.json due to parsing failure: ValueError:     
         ('duplicate contract names in the same file', 'SafeERC20',             
         'SafeERC20.sol')                                                       
         (see https://github.com/a16z/halmos/wiki/warnings#parsing-error)       
WARNING  Skipped SafeERC20.registry-size.json due to parsing failure:           
         ValueError: ('duplicate contract names in the same file', 'SafeERC20', 
         'SafeERC20.sol')                                                       
         (see https://github.com/a16z/halmos/wiki/warnings#parsing-error)       
WARNING  Skipped StdInvariant.default.json due to parsing failure: ValueError:  
         ('duplicate contract names in the same file', 'StdInvariant',          
         'StdInvariant.sol')                                                    
         (see https://github.com/a16z/halmos/wiki/warnings#parsing-error)       
WARNING  Skipped IERC20Errors.json due to parsing failure: ValueError:          
         ('duplicate contract names in the same file', 'IERC20Errors',          
         'draft-IERC6093.sol')                                                  
         (see https://github.com/a16z/halmos/wiki/warnings#parsing-error)       
WARNING  Skipped IERC721Errors.registry-size.json due to parsing failure:       
         ValueError: ('duplicate contract names in the same file',              
         'IERC721Errors', 'draft-IERC6093.sol')                                 
         (see https://github.com/a16z/halmos/wiki/warnings#parsing-error)       
WARNING  Skipped IERC1155Errors.default.json due to parsing failure: ValueError:
         ('duplicate contract names in the same file', 'IERC1155Errors',        
         'draft-IERC6093.sol')                                                  
         (see https://github.com/a16z/halmos/wiki/warnings#parsing-error)       
WARNING  Skipped IERC20Errors.registry-size.json due to parsing failure:        
         ValueError: ('duplicate contract names in the same file',              
         'IERC20Errors', 'draft-IERC6093.sol')                                  
         (see https://github.com/a16z/halmos/wiki/warnings#parsing-error)       
WARNING  Skipped IERC1155Errors.json due to parsing failure: ValueError:        
         ('duplicate contract names in the same file', 'IERC1155Errors',        
         'draft-IERC6093.sol')                                                  
         (see https://github.com/a16z/halmos/wiki/warnings#parsing-error)       
WARNING  Skipped IERC721Errors.default.json due to parsing failure: ValueError: 
         ('duplicate contract names in the same file', 'IERC721Errors',         
         'draft-IERC6093.sol')                                                  
         (see https://github.com/a16z/halmos/wiki/warnings#parsing-error)       
WARNING  Skipped IxPNTsV2Admin.json due to parsing failure: ValueError:         
         ('duplicate contract names in the same file', 'IxPNTsV2Admin',         
         'V2TokenDeployer.sol')                                                 
         (see https://github.com/a16z/halmos/wiki/warnings#parsing-error)       
WARNING  Skipped V2TokenDeployer.json due to parsing failure: ValueError:       
         ('duplicate contract names in the same file', 'V2TokenDeployer',       
         'V2TokenDeployer.sol')                                                 
         (see https://github.com/a16z/halmos/wiki/warnings#parsing-error)       
WARNING  Skipped Clones.json due to parsing failure: ValueError: ('duplicate    
         contract names in the same file', 'Clones', 'Clones.sol')              
         (see https://github.com/a16z/halmos/wiki/warnings#parsing-error)       
WARNING  Skipped Clones.default.json due to parsing failure: ValueError:        
         ('duplicate contract names in the same file', 'Clones', 'Clones.sol')  
         (see https://github.com/a16z/halmos/wiki/warnings#parsing-error)       
WARNING  Skipped MockRegistryV2.json due to parsing failure: ValueError:        
         ('duplicate contract names in the same file', 'MockRegistryV2',        
         'V2TestFixtures.sol')                                                  
         (see https://github.com/a16z/halmos/wiki/warnings#parsing-error)       
WARNING  Skipped DummySpender.json due to parsing failure: ValueError:          
         ('duplicate contract names in the same file', 'DummySpender',          
         'V2TestFixtures.sol')                                                  
         (see https://github.com/a16z/halmos/wiki/warnings#parsing-error)       
WARNING  Skipped IExt.registry-size.json due to parsing failure: ValueError:    
         ('duplicate contract names in the same file', 'IExt',                  
         'V2TestFixtures.sol')                                                  
         (see https://github.com/a16z/halmos/wiki/warnings#parsing-error)       
WARNING  Skipped xPNTsTokenV2.registry-size.json due to parsing failure:        
         ValueError: ('duplicate contract names in the same file',              
         'xPNTsTokenV2', 'xPNTsTokenV2.sol')                                    
         (see https://github.com/a16z/halmos/wiki/warnings#parsing-error)       
WARNING  Skipped T4ArtifactReader.registry-size.json due to parsing failure:    
         ValueError: ('duplicate contract names in the same file',              
         'T4ArtifactReader', 'DefaultArtifacts.sol')                            
         (see https://github.com/a16z/halmos/wiki/warnings#parsing-error)       
WARNING  Skipped DefaultArtifacts.registry-size.json due to parsing failure:    
         ValueError: ('duplicate contract names in the same file',              
         'DefaultArtifacts', 'DefaultArtifacts.sol')                            
         (see https://github.com/a16z/halmos/wiki/warnings#parsing-error)       
WARNING  Skipped SignedMath.json due to parsing failure: ValueError: ('duplicate
         contract names in the same file', 'SignedMath', 'SignedMath.sol')      
         (see https://github.com/a16z/halmos/wiki/warnings#parsing-error)       
WARNING  Skipped SignedMath.default.json due to parsing failure: ValueError:    
         ('duplicate contract names in the same file', 'SignedMath',            
         'SignedMath.sol')                                                      
         (see https://github.com/a16z/halmos/wiki/warnings#parsing-error)       
WARNING  Skipped stdStorageSafe.registry-size.json due to parsing failure:      
         ValueError: ('duplicate contract names in the same file',              
         'stdStorageSafe', 'StdStorage.sol')                                    
         (see https://github.com/a16z/halmos/wiki/warnings#parsing-error)       
WARNING  Skipped stdStorage.default.json due to parsing failure: ValueError:    
         ('duplicate contract names in the same file', 'stdStorage',            
         'StdStorage.sol')                                                      
         (see https://github.com/a16z/halmos/wiki/warnings#parsing-error)       
WARNING  Skipped Address.registry-size.json due to parsing failure: ValueError: 
         ('duplicate contract names in the same file', 'Address', 'Address.sol')
         (see https://github.com/a16z/halmos/wiki/warnings#parsing-error)       
WARNING  Skipped AggregatorV3Interface.default.json due to parsing failure:     
         ValueError: ('duplicate contract names in the same file',              
         'AggregatorV3Interface', 'AggregatorV3Interface.sol')                  
         (see https://github.com/a16z/halmos/wiki/warnings#parsing-error)       
WARNING  Skipped AggregatorV3Interface.json due to parsing failure: ValueError: 
         ('duplicate contract names in the same file', 'AggregatorV3Interface', 
         'AggregatorV3Interface.sol')                                           
         (see https://github.com/a16z/halmos/wiki/warnings#parsing-error)       
WARNING  Skipped ERC721.registry-size.json due to parsing failure: ValueError:  
         ('duplicate contract names in the same file', 'ERC721', 'ERC721.sol')  
         (see https://github.com/a16z/halmos/wiki/warnings#parsing-error)       
WARNING  Skipped ERC721.default.json due to parsing failure: ValueError:        
         ('duplicate contract names in the same file', 'ERC721', 'ERC721.sol')  
         (see https://github.com/a16z/halmos/wiki/warnings#parsing-error)       
WARNING  Skipped GTokenStaking.registry-size.json due to parsing failure:       
         ValueError: ('duplicate contract names in the same file',              
         'GTokenStaking', 'GTokenStaking.sol')                                  
         (see https://github.com/a16z/halmos/wiki/warnings#parsing-error)       
WARNING  Skipped IxPNTsFactoryCap.registry-size.json due to parsing failure:    
         ValueError: ('duplicate contract names in the same file',              
         'IxPNTsFactoryCap', 'xPNTsToken.sol')                                  
         (see https://github.com/a16z/halmos/wiki/warnings#parsing-error)       
WARNING  Skipped xPNTsToken.json due to parsing failure: ValueError: ('duplicate
         contract names in the same file', 'xPNTsToken', 'xPNTsToken.sol')      
         (see https://github.com/a16z/halmos/wiki/warnings#parsing-error)       
WARNING  Skipped ISPStakeView.json due to parsing failure: ValueError:          
         ('duplicate contract names in the same file', 'ISPStakeView',          
         'xPNTsToken.sol')                                                      
         (see https://github.com/a16z/halmos/wiki/warnings#parsing-error)       
WARNING  Skipped ECDSA.registry-size.json due to parsing failure: ValueError:   
         ('duplicate contract names in the same file', 'ECDSA', 'ECDSA.sol')    
         (see https://github.com/a16z/halmos/wiki/warnings#parsing-error)       
WARNING  Skipped ECDSA.default.json due to parsing failure: ValueError:         
         ('duplicate contract names in the same file', 'ECDSA', 'ECDSA.sol')    
         (see https://github.com/a16z/halmos/wiki/warnings#parsing-error)       
WARNING  Skipped StakeManager.default.json due to parsing failure: ValueError:  
         ('duplicate contract names in the same file', 'StakeManager',          
         'StakeManager.sol')                                                    
         (see https://github.com/a16z/halmos/wiki/warnings#parsing-error)       
WARNING  Skipped IERC721Enumerable.default.json due to parsing failure:         
         ValueError: ('duplicate contract names in the same file',              
         'IERC721Enumerable', 'IERC721.sol')                                    
         (see https://github.com/a16z/halmos/wiki/warnings#parsing-error)       
WARNING  Skipped IERC721TokenReceiver.registry-size.json due to parsing failure:
         ValueError: ('duplicate contract names in the same file',              
         'IERC721TokenReceiver', 'IERC721.sol')                                 
         (see https://github.com/a16z/halmos/wiki/warnings#parsing-error)       
WARNING  Skipped IERC721.default.json due to parsing failure: ValueError:       
         ('duplicate contract names in the same file', 'IERC721', 'IERC721.sol')
         (see https://github.com/a16z/halmos/wiki/warnings#parsing-error)       
WARNING  Skipped IERC721.json due to parsing failure: ValueError: ('duplicate   
         contract names in the same file', 'IERC721', 'IERC721.sol')            
         (see https://github.com/a16z/halmos/wiki/warnings#parsing-error)       
WARNING  Skipped IERC721Metadata.default.json due to parsing failure:           
         ValueError: ('duplicate contract names in the same file',              
         'IERC721Metadata', 'IERC721.sol')                                      
         (see https://github.com/a16z/halmos/wiki/warnings#parsing-error)       
WARNING  Skipped IAgentIdentityRegistry.registry-size.json due to parsing       
         failure: ValueError: ('duplicate contract names in the same file',     
         'IAgentIdentityRegistry', 'IAgentIdentityRegistry.sol')                
         (see https://github.com/a16z/halmos/wiki/warnings#parsing-error)       
WARNING  Skipped IxPNTsTokenV2.registry-size.json due to parsing failure:       
         ValueError: ('duplicate contract names in the same file',              
         'IxPNTsTokenV2', 'IxPNTsTokenV2.sol')                                  
         (see https://github.com/a16z/halmos/wiki/warnings#parsing-error)       
WARNING  Skipped IBLSAggregator.json due to parsing failure: ValueError:        
         ('duplicate contract names in the same file', 'IBLSAggregator',        
         'IBLSAggregator.sol')                                                  
         (see https://github.com/a16z/halmos/wiki/warnings#parsing-error)       
WARNING  Skipped SignatureChecker.json due to parsing failure: ValueError:      
         ('duplicate contract names in the same file', 'SignatureChecker',      
         'SignatureChecker.sol')                                                
         (see https://github.com/a16z/halmos/wiki/warnings#parsing-error)       
WARNING  Skipped SignatureChecker.registry-size.json due to parsing failure:    
         ValueError: ('duplicate contract names in the same file',              
         'SignatureChecker', 'SignatureChecker.sol')                            
         (see https://github.com/a16z/halmos/wiki/warnings#parsing-error)       
WARNING  Skipped xPNTsFactoryV2.json due to parsing failure: ValueError:        
         ('duplicate contract names in the same file', 'xPNTsFactoryV2',        
         'xPNTsFactoryV2.sol')                                                  
         (see https://github.com/a16z/halmos/wiki/warnings#parsing-error)       
WARNING  Skipped StorageSlot.default.json due to parsing failure: ValueError:   
         ('duplicate contract names in the same file', 'StorageSlot',           
         'StorageSlot.sol')                                                     
         (see https://github.com/a16z/halmos/wiki/warnings#parsing-error)       
WARNING  Skipped IERC3009.json due to parsing failure: ValueError: ('duplicate  
         contract names in the same file', 'IERC3009', 'IERC3009.sol')          
         (see https://github.com/a16z/halmos/wiki/warnings#parsing-error)       
WARNING  Skipped IERC1363Receiver.registry-size.json due to parsing failure:    
         ValueError: ('duplicate contract names in the same file',              
         'IERC1363Receiver', 'IERC1363.sol')                                    
         (see https://github.com/a16z/halmos/wiki/warnings#parsing-error)       
WARNING  Skipped xPNTsV2Base.registry-size.json due to parsing failure:         
         ValueError: ('duplicate contract names in the same file',              
         'xPNTsV2Base', 'xPNTsV2Base.sol')                                      
         (see https://github.com/a16z/halmos/wiki/warnings#parsing-error)       
WARNING  Skipped StdCheats.default.json due to parsing failure: ValueError:     
         ('duplicate contract names in the same file', 'StdCheats',             
         'StdCheats.sol')                                                       
         (see https://github.com/a16z/halmos/wiki/warnings#parsing-error)       
WARNING  Skipped StdCheatsSafe.registry-size.json due to parsing failure:       
         ValueError: ('duplicate contract names in the same file',              
         'StdCheatsSafe', 'StdCheats.sol')                                      
         (see https://github.com/a16z/halmos/wiki/warnings#parsing-error)       
WARNING  Skipped Proxy.default.json due to parsing failure: ValueError:         
         ('duplicate contract names in the same file', 'Proxy', 'Proxy.sol')    
         (see https://github.com/a16z/halmos/wiki/warnings#parsing-error)       
WARNING  Skipped IERC5267.registry-size.json due to parsing failure: ValueError:
         ('duplicate contract names in the same file', 'IERC5267',              
         'IERC5267.sol')                                                        
         (see https://github.com/a16z/halmos/wiki/warnings#parsing-error)       
WARNING  Skipped IERC5267.default.json due to parsing failure: ValueError:      
         ('duplicate contract names in the same file', 'IERC5267',              
         'IERC5267.sol')                                                        
         (see https://github.com/a16z/halmos/wiki/warnings#parsing-error)       
WARNING  Skipped SuperPaymasterStorage.registry-size.json due to parsing        
         failure: ValueError: ('duplicate contract names in the same file',     
         'SuperPaymasterStorage', 'SuperPaymasterStorage.sol')                  
         (see https://github.com/a16z/halmos/wiki/warnings#parsing-error)       
WARNING  Skipped ID5bRegistryBls.registry-size.json due to parsing failure:     
         ValueError: ('duplicate contract names in the same file',              
         'ID5bRegistryBls', 'UpgradeViaTimelock.s.sol')                         
         (see https://github.com/a16z/halmos/wiki/warnings#parsing-error)       
WARNING  Skipped ID5bDvtBls.default.json due to parsing failure: ValueError:    
         ('duplicate contract names in the same file', 'ID5bDvtBls',            
         'UpgradeViaTimelock.s.sol')                                            
         (see https://github.com/a16z/halmos/wiki/warnings#parsing-error)       
WARNING  Skipped ID5bSP.default.json due to parsing failure: ValueError:        
         ('duplicate contract names in the same file', 'ID5bSP',                
         'UpgradeViaTimelock.s.sol')                                            
         (see https://github.com/a16z/halmos/wiki/warnings#parsing-error)       
WARNING  Skipped D5bUpgradeChecks.registry-size.json due to parsing failure:    
         ValueError: ('duplicate contract names in the same file',              
         'D5bUpgradeChecks', 'UpgradeViaTimelock.s.sol')                        
         (see https://github.com/a16z/halmos/wiki/warnings#parsing-error)       
WARNING  Skipped ID5bOwned.default.json due to parsing failure: ValueError:     
         ('duplicate contract names in the same file', 'ID5bOwned',             
         'UpgradeViaTimelock.s.sol')                                            
         (see https://github.com/a16z/halmos/wiki/warnings#parsing-error)       
WARNING  Skipped UpgradeRegistryD5b.registry-size.json due to parsing failure:  
         ValueError: ('duplicate contract names in the same file',              
         'UpgradeRegistryD5b', 'UpgradeViaTimelock.s.sol')                      
         (see https://github.com/a16z/halmos/wiki/warnings#parsing-error)       
WARNING  Skipped UpgradeViaTimelock.default.json due to parsing failure:        
         ValueError: ('duplicate contract names in the same file',              
         'UpgradeViaTimelock', 'UpgradeViaTimelock.s.sol')                      
         (see https://github.com/a16z/halmos/wiki/warnings#parsing-error)       
WARNING  Skipped Exec.default.json due to parsing failure: ValueError:          
         ('duplicate contract names in the same file', 'Exec', 'Exec.sol')      
         (see https://github.com/a16z/halmos/wiki/warnings#parsing-error)       
WARNING  Skipped TestBase.registry-size.json due to parsing failure: ValueError:
         ('duplicate contract names in the same file', 'TestBase', 'Base.sol')  
         (see https://github.com/a16z/halmos/wiki/warnings#parsing-error)       
WARNING  Skipped ScriptBase.registry-size.json due to parsing failure:          
         ValueError: ('duplicate contract names in the same file', 'ScriptBase',
         'Base.sol')                                                            
         (see https://github.com/a16z/halmos/wiki/warnings#parsing-error)       
WARNING  Skipped CommonBase.default.json due to parsing failure: ValueError:    
         ('duplicate contract names in the same file', 'CommonBase', 'Base.sol')
         (see https://github.com/a16z/halmos/wiki/warnings#parsing-error)       
WARNING  Skipped IAccessControl.default.json due to parsing failure: ValueError:
         ('duplicate contract names in the same file', 'IAccessControl',        
         'IAccessControl.sol')                                                  
         (see https://github.com/a16z/halmos/wiki/warnings#parsing-error)       
WARNING  Skipped MockBLSAggregator.registry-size.json due to parsing failure:   
         ValueError: ('duplicate contract names in the same file',              
         'MockBLSAggregator', 'MockBLSAggregator.sol')                          
         (see https://github.com/a16z/halmos/wiki/warnings#parsing-error)       
WARNING  Skipped stdMath.default.json due to parsing failure: ValueError:       
         ('duplicate contract names in the same file', 'stdMath', 'StdMath.sol')
         (see https://github.com/a16z/halmos/wiki/warnings#parsing-error)       
WARNING  Skipped SPReleaseVersion.default.json due to parsing failure:          
         ValueError: ('duplicate contract names in the same file',              
         'SPReleaseVersion', 'SPReleaseVersion.sol')                            
         (see https://github.com/a16z/halmos/wiki/warnings#parsing-error)       
WARNING  Skipped PaymasterBase.registry-size.json due to parsing failure:       
         ValueError: ('duplicate contract names in the same file',              
         'PaymasterBase', 'PaymasterBase.sol')                                  
         (see https://github.com/a16z/halmos/wiki/warnings#parsing-error)       
WARNING  Skipped IERC20Metadata.json due to parsing failure: ValueError:        
         ('duplicate contract names in the same file', 'IERC20Metadata',        
         'PaymasterBase.sol')                                                   
         (see https://github.com/a16z/halmos/wiki/warnings#parsing-error)       
WARNING  Skipped ERC721Holder.registry-size.json due to parsing failure:        
         ValueError: ('duplicate contract names in the same file',              
         'ERC721Holder', 'ERC721Holder.sol')                                    
         (see https://github.com/a16z/halmos/wiki/warnings#parsing-error)       
WARNING  Skipped IERC20Metadata.json due to parsing failure: ValueError:        
         ('duplicate contract names in the same file', 'IERC20Metadata',        
         'IERC20Metadata.sol')                                                  
         (see https://github.com/a16z/halmos/wiki/warnings#parsing-error)       
WARNING  Skipped IERC20Metadata.default.json due to parsing failure: ValueError:
         ('duplicate contract names in the same file', 'IERC20Metadata',        
         'IERC20Metadata.sol')                                                  
         (see https://github.com/a16z/halmos/wiki/warnings#parsing-error)       
WARNING  Skipped IRegistry.registry-size.json due to parsing failure:           
         ValueError: ('duplicate contract names in the same file', 'IRegistry', 
         'IRegistry.sol')                                                       
         (see https://github.com/a16z/halmos/wiki/warnings#parsing-error)       
WARNING  Skipped StdUtils.default.json due to parsing failure: ValueError:      
         ('duplicate contract names in the same file', 'StdUtils',              
         'StdUtils.sol')                                                        
         (see https://github.com/a16z/halmos/wiki/warnings#parsing-error)       
WARNING  Skipped ERC1155Holder.registry-size.json due to parsing failure:       
         ValueError: ('duplicate contract names in the same file',              
         'ERC1155Holder', 'ERC1155Holder.sol')                                  
         (see https://github.com/a16z/halmos/wiki/warnings#parsing-error)       
WARNING  Skipped ERC1967Proxy.registry-size.json due to parsing failure:        
         ValueError: ('duplicate contract names in the same file',              
         'ERC1967Proxy', 'ERC1967Proxy.sol')                                    
         (see https://github.com/a16z/halmos/wiki/warnings#parsing-error)       
WARNING  Skipped IxPNTsToken.json due to parsing failure: ValueError:           
         ('duplicate contract names in the same file', 'IxPNTsToken',           
         'IxPNTsToken.sol')                                                     
         (see https://github.com/a16z/halmos/wiki/warnings#parsing-error)       
WARNING  Skipped AOAProtocolRegistry.registry-size.json due to parsing failure: 
         ValueError: ('duplicate contract names in the same file',              
         'AOAProtocolRegistry', 'AOAProtocolRegistry.sol')                      
         (see https://github.com/a16z/halmos/wiki/warnings#parsing-error)       
WARNING  Skipped Create2.registry-size.json due to parsing failure: ValueError: 
         ('duplicate contract names in the same file', 'Create2', 'Create2.sol')
         (see https://github.com/a16z/halmos/wiki/warnings#parsing-error)       
WARNING  Skipped MockAgentIdentityRegistry.json due to parsing failure:         
         ValueError: ('duplicate contract names in the same file',              
         'MockAgentIdentityRegistry', 'MockAgentIdentityRegistry.sol')          
         (see https://github.com/a16z/halmos/wiki/warnings#parsing-error)       
WARNING  Skipped Test.registry-size.json due to parsing failure: ValueError:    
         ('duplicate contract names in the same file', 'Test', 'Test.sol')      
         (see https://github.com/a16z/halmos/wiki/warnings#parsing-error)       
WARNING  Skipped ShortStrings.default.json due to parsing failure: ValueError:  
         ('duplicate contract names in the same file', 'ShortStrings',          
         'ShortStrings.sol')                                                    
         (see https://github.com/a16z/halmos/wiki/warnings#parsing-error)       
WARNING  Skipped ShortStrings.registry-size.json due to parsing failure:        
         ValueError: ('duplicate contract names in the same file',              
         'ShortStrings', 'ShortStrings.sol')                                    
         (see https://github.com/a16z/halmos/wiki/warnings#parsing-error)       
WARNING  Skipped SimpleAccount.registry-size.json due to parsing failure:       
         ValueError: ('duplicate contract names in the same file',              
         'SimpleAccount', 'SimpleAccount.sol')                                  
         (see https://github.com/a16z/halmos/wiki/warnings#parsing-error)       
WARNING  Skipped SuperPaymasterLens.registry-size.json due to parsing failure:  
         ValueError: ('duplicate contract names in the same file',              
         'SuperPaymasterLens', 'SuperPaymasterLens.sol')                        
         (see https://github.com/a16z/halmos/wiki/warnings#parsing-error)       
WARNING  Skipped ISPLensView.registry-size.json due to parsing failure:         
         ValueError: ('duplicate contract names in the same file',              
         'ISPLensView', 'SuperPaymasterLens.sol')                               
         (see https://github.com/a16z/halmos/wiki/warnings#parsing-error)       
WARNING  Skipped IRegistryCreditLimit.json due to parsing failure: ValueError:  
         ('duplicate contract names in the same file', 'IRegistryCreditLimit',  
         'GlobalTierSource.sol')                                                
         (see https://github.com/a16z/halmos/wiki/warnings#parsing-error)       
WARNING  Skipped GlobalTierSource.registry-size.json due to parsing failure:    
         ValueError: ('duplicate contract names in the same file',              
         'GlobalTierSource', 'GlobalTierSource.sol')                            
         (see https://github.com/a16z/halmos/wiki/warnings#parsing-error)       
WARNING  Skipped BLSKeyScanLib.default.json due to parsing failure: ValueError: 
         ('duplicate contract names in the same file', 'BLSKeyScanLib',         
         'BLSKeyScanLib.sol')                                                   
         (see https://github.com/a16z/halmos/wiki/warnings#parsing-error)       
WARNING  Skipped IAggregatorKeyScan.default.json due to parsing failure:        
         ValueError: ('duplicate contract names in the same file',              
         'IAggregatorKeyScan', 'BLSKeyScanLib.sol')                             
         (see https://github.com/a16z/halmos/wiki/warnings#parsing-error)       
WARNING  Skipped IRegistryWiring.default.json due to parsing failure:           
         ValueError: ('duplicate contract names in the same file',              
         'IRegistryWiring', 'BLSKeyScanLib.sol')                                
         (see https://github.com/a16z/halmos/wiki/warnings#parsing-error)       
WARNING  Skipped SenderCreator.registry-size.json due to parsing failure:       
         ValueError: ('duplicate contract names in the same file',              
         'SenderCreator', 'SenderCreator.sol')                                  
         (see https://github.com/a16z/halmos/wiki/warnings#parsing-error)       
WARNING  Skipped StdStyle.registry-size.json due to parsing failure: ValueError:
         ('duplicate contract names in the same file', 'StdStyle',              
         'StdStyle.sol')                                                        
         (see https://github.com/a16z/halmos/wiki/warnings#parsing-error)       
WARNING  Skipped ReputationSystem.json due to parsing failure: ValueError:      
         ('duplicate contract names in the same file', 'ReputationSystem',      
         'ReputationSystem.sol')                                                
         (see https://github.com/a16z/halmos/wiki/warnings#parsing-error)       
WARNING  Skipped IReputationCalculator.json due to parsing failure: ValueError: 
         ('duplicate contract names in the same file', 'IReputationCalculator', 
         'IReputationCalculator.sol')                                           
         (see https://github.com/a16z/halmos/wiki/warnings#parsing-error)       
WARNING  Skipped Context.registry-size.json due to parsing failure: ValueError: 
         ('duplicate contract names in the same file', 'Context', 'Context.sol')
         (see https://github.com/a16z/halmos/wiki/warnings#parsing-error)       
WARNING  Skipped Math.default.json due to parsing failure: ValueError:          
         ('duplicate contract names in the same file', 'Math', 'Math.sol')      
         (see https://github.com/a16z/halmos/wiki/warnings#parsing-error)       
WARNING  Skipped Math.registry-size.json due to parsing failure: ValueError:    
         ('duplicate contract names in the same file', 'Math', 'Math.sol')      
         (see https://github.com/a16z/halmos/wiki/warnings#parsing-error)       
WARNING  Skipped IAgentReputationRegistry.registry-size.json due to parsing     
         failure: ValueError: ('duplicate contract names in the same file',     
         'IAgentReputationRegistry', 'IAgentReputationRegistry.sol')            
         (see https://github.com/a16z/halmos/wiki/warnings#parsing-error)       
WARNING  Skipped Strings.default.json due to parsing failure: ValueError:       
         ('duplicate contract names in the same file', 'Strings', 'Strings.sol')
         (see https://github.com/a16z/halmos/wiki/warnings#parsing-error)       
WARNING  Skipped Strings.json due to parsing failure: ValueError: ('duplicate   
         contract names in the same file', 'Strings', 'Strings.sol')            
         (see https://github.com/a16z/halmos/wiki/warnings#parsing-error)       
WARNING  Skipped StdAssertions.registry-size.json due to parsing failure:       
         ValueError: ('duplicate contract names in the same file',              
         'StdAssertions', 'StdAssertions.sol')                                  
         (see https://github.com/a16z/halmos/wiki/warnings#parsing-error)       
WARNING  Skipped Script.default.json due to parsing failure: ValueError:        
         ('duplicate contract names in the same file', 'Script', 'Script.sol')  
         (see https://github.com/a16z/halmos/wiki/warnings#parsing-error)       
WARNING  Skipped console.default.json due to parsing failure: ValueError:       
         ('duplicate contract names in the same file', 'console', 'console.sol')
         (see https://github.com/a16z/halmos/wiki/warnings#parsing-error)       
WARNING  Skipped EIP712.json due to parsing failure: ValueError: ('duplicate    
         contract names in the same file', 'EIP712', 'EIP712.sol')              
         (see https://github.com/a16z/halmos/wiki/warnings#parsing-error)       
WARNING  Skipped EIP712.default.json due to parsing failure: ValueError:        
         ('duplicate contract names in the same file', 'EIP712', 'EIP712.sol')  
         (see https://github.com/a16z/halmos/wiki/warnings#parsing-error)       
WARNING  Skipped stdError.registry-size.json due to parsing failure: ValueError:
         ('duplicate contract names in the same file', 'stdError',              
         'StdError.sol')                                                        
         (see https://github.com/a16z/halmos/wiki/warnings#parsing-error)       
WARNING  Skipped BaseAccount.registry-size.json due to parsing failure:         
         ValueError: ('duplicate contract names in the same file',              
         'BaseAccount', 'BaseAccount.sol')                                      
         (see https://github.com/a16z/halmos/wiki/warnings#parsing-error)       
WARNING  Skipped ERC1967Utils.default.json due to parsing failure: ValueError:  
         ('duplicate contract names in the same file', 'ERC1967Utils',          
         'ERC1967Utils.sol')                                                    
         (see https://github.com/a16z/halmos/wiki/warnings#parsing-error)       
WARNING  Skipped StdChains.default.json due to parsing failure: ValueError:     
         ('duplicate contract names in the same file', 'StdChains',             
         'StdChains.sol')                                                       
         (see https://github.com/a16z/halmos/wiki/warnings#parsing-error)       
WARNING  Skipped stdToml.registry-size.json due to parsing failure: ValueError: 
         ('duplicate contract names in the same file', 'stdToml', 'StdToml.sol')
         (see https://github.com/a16z/halmos/wiki/warnings#parsing-error)       
WARNING  Skipped UserOperationLib.registry-size.json due to parsing failure:    
         ValueError: ('duplicate contract names in the same file',              
         'UserOperationLib', 'UserOperationLib.sol')                            
         (see https://github.com/a16z/halmos/wiki/warnings#parsing-error)       
WARNING  Skipped MockERC721.registry-size.json due to parsing failure:          
         ValueError: ('duplicate contract names in the same file', 'MockERC721',
         'MockERC721.sol')                                                      
         (see https://github.com/a16z/halmos/wiki/warnings#parsing-error)       
WARNING  Skipped EntryPoint.registry-size.json due to parsing failure:          
         ValueError: ('duplicate contract names in the same file', 'EntryPoint',
         'EntryPoint.sol')                                                      
         (see https://github.com/a16z/halmos/wiki/warnings#parsing-error)       
WARNING  Skipped Ownable2Step.registry-size.json due to parsing failure:        
         ValueError: ('duplicate contract names in the same file',              
         'Ownable2Step', 'Ownable2Step.sol')                                    
         (see https://github.com/a16z/halmos/wiki/warnings#parsing-error)       
WARNING  Skipped Ownable2Step.default.json due to parsing failure: ValueError:  
         ('duplicate contract names in the same file', 'Ownable2Step',          
         'Ownable2Step.sol')                                                    
         (see https://github.com/a16z/halmos/wiki/warnings#parsing-error)       
WARNING  Skipped X402Facilitator.json due to parsing failure: ValueError:       
         ('duplicate contract names in the same file', 'X402Facilitator',       
         'X402Facilitator.sol')                                                 
         (see https://github.com/a16z/halmos/wiki/warnings#parsing-error)       
WARNING  Skipped MockedPrecompiles.json due to parsing failure: ValueError:     
         ('duplicate contract names in the same file', 'MockedPrecompiles',     
         'MockedPrecompiles.sol')                                               
         (see https://github.com/a16z/halmos/wiki/warnings#parsing-error)       
WARNING  Skipped INonceManager.registry-size.json due to parsing failure:       
         ValueError: ('duplicate contract names in the same file',              
         'INonceManager', 'INonceManager.sol')                                  
         (see https://github.com/a16z/halmos/wiki/warnings#parsing-error)       
WARNING  Skipped INonceManager.json due to parsing failure: ValueError:         
         ('duplicate contract names in the same file', 'INonceManager',         
         'INonceManager.sol')                                                   
         (see https://github.com/a16z/halmos/wiki/warnings#parsing-error)       
WARNING  Skipped ERC165.json due to parsing failure: ValueError: ('duplicate    
         contract names in the same file', 'ERC165', 'ERC165.sol')              
         (see https://github.com/a16z/halmos/wiki/warnings#parsing-error)       
WARNING  Skipped ERC165.registry-size.json due to parsing failure: ValueError:  
         ('duplicate contract names in the same file', 'ERC165', 'ERC165.sol')  
         (see https://github.com/a16z/halmos/wiki/warnings#parsing-error)       
WARNING  Skipped ERC20Capped.registry-size.json due to parsing failure:         
         ValueError: ('duplicate contract names in the same file',              
         'ERC20Capped', 'ERC20Capped.sol')                                      
         (see https://github.com/a16z/halmos/wiki/warnings#parsing-error)       
WARNING  Skipped ERC20Capped.json due to parsing failure: ValueError:           
         ('duplicate contract names in the same file', 'ERC20Capped',           
         'ERC20Capped.sol')                                                     
         (see https://github.com/a16z/halmos/wiki/warnings#parsing-error)       
WARNING  Skipped MessageHashUtils.json due to parsing failure: ValueError:      
         ('duplicate contract names in the same file', 'MessageHashUtils',      
         'MessageHashUtils.sol')                                                
         (see https://github.com/a16z/halmos/wiki/warnings#parsing-error)       
WARNING  Skipped MessageHashUtils.default.json due to parsing failure:          
         ValueError: ('duplicate contract names in the same file',              
         'MessageHashUtils', 'MessageHashUtils.sol')                            
         (see https://github.com/a16z/halmos/wiki/warnings#parsing-error)       
WARNING  Skipped GToken.json due to parsing failure: ValueError: ('duplicate    
         contract names in the same file', 'GToken', 'GToken.sol')              
         (see https://github.com/a16z/halmos/wiki/warnings#parsing-error)       
WARNING  Skipped TimelockController.registry-size.json due to parsing failure:  
         ValueError: ('duplicate contract names in the same file',              
         'TimelockController', 'TimelockController.sol')                        
         (see https://github.com/a16z/halmos/wiki/warnings#parsing-error)       
WARNING  Skipped BLS.registry-size.json due to parsing failure: ValueError:     
         ('duplicate contract names in the same file', 'BLS', 'BLS.sol')        
         (see https://github.com/a16z/halmos/wiki/warnings#parsing-error)       
WARNING  Skipped IERC165.default.json due to parsing failure: ValueError:       
         ('duplicate contract names in the same file', 'IERC165', 'IERC165.sol')
         (see https://github.com/a16z/halmos/wiki/warnings#parsing-error)       
WARNING  Skipped IERC165.registry-size.json due to parsing failure: ValueError: 
         ('duplicate contract names in the same file', 'IERC165', 'IERC165.sol')
         (see https://github.com/a16z/halmos/wiki/warnings#parsing-error)       
WARNING  Skipped UUPSUpgradeable.default.json due to parsing failure:           
         ValueError: ('duplicate contract names in the same file',              
         'UUPSUpgradeable', 'UUPSUpgradeable.sol')                              
         (see https://github.com/a16z/halmos/wiki/warnings#parsing-error)       
WARNING  Skipped NonceManager.default.json due to parsing failure: ValueError:  
         ('duplicate contract names in the same file', 'NonceManager',          
         'NonceManager.sol')                                                    
         (see https://github.com/a16z/halmos/wiki/warnings#parsing-error)       
WARNING  Skipped AccessControl.registry-size.json due to parsing failure:       
         ValueError: ('duplicate contract names in the same file',              
         'AccessControl', 'AccessControl.sol')                                  
         (see https://github.com/a16z/halmos/wiki/warnings#parsing-error)       
WARNING  Skipped IVersioned.registry-size.json due to parsing failure:          
         ValueError: ('duplicate contract names in the same file', 'IVersioned',
         'IVersioned.sol')                                                      
         (see https://github.com/a16z/halmos/wiki/warnings#parsing-error)       
WARNING  Skipped SignatureCheckerLib.registry-size.json due to parsing failure: 
         ValueError: ('duplicate contract names in the same file',              
         'SignatureCheckerLib', 'SignatureCheckerLib.sol')                      
         (see https://github.com/a16z/halmos/wiki/warnings#parsing-error)       
WARNING  Skipped SignatureCheckerLib.default.json due to parsing failure:       
         ValueError: ('duplicate contract names in the same file',              
         'SignatureCheckerLib', 'SignatureCheckerLib.sol')                      
         (see https://github.com/a16z/halmos/wiki/warnings#parsing-error)       
WARNING  Skipped xPNTsTokenV2Ext.registry-size.json due to parsing failure:     
         ValueError: ('duplicate contract names in the same file',              
         'xPNTsTokenV2Ext', 'xPNTsTokenV2Ext.sol')                              
         (see https://github.com/a16z/halmos/wiki/warnings#parsing-error)       
WARNING  Skipped IxPNTsFactoryCapV2.registry-size.json due to parsing failure:  
         ValueError: ('duplicate contract names in the same file',              
         'IxPNTsFactoryCapV2', 'xPNTsTokenV2Ext.sol')                           
         (see https://github.com/a16z/halmos/wiki/warnings#parsing-error)       
WARNING  Skipped ISPStakeViewV2.registry-size.json due to parsing failure:      
         ValueError: ('duplicate contract names in the same file',              
         'ISPStakeViewV2', 'xPNTsTokenV2Ext.sol')                               
         (see https://github.com/a16z/halmos/wiki/warnings#parsing-error)       
WARNING  Skipped IERC1271.default.json due to parsing failure: ValueError:      
         ('duplicate contract names in the same file', 'IERC1271',              
         'IERC1271.sol')                                                        
         (see https://github.com/a16z/halmos/wiki/warnings#parsing-error)       
WARNING  Skipped IERC1271.registry-size.json due to parsing failure: ValueError:
         ('duplicate contract names in the same file', 'IERC1271',              
         'IERC1271.sol')                                                        
         (see https://github.com/a16z/halmos/wiki/warnings#parsing-error)       
WARNING  Skipped ICreditTierSource.registry-size.json due to parsing failure:   
         ValueError: ('duplicate contract names in the same file',              
         'ICreditTierSource', 'ICreditTierSource.sol')                          
         (see https://github.com/a16z/halmos/wiki/warnings#parsing-error)       

Running 6 tests for contracts/test/halmos/SuperPaymasterI9Halmos.t.sol:SuperPaymasterI9HalmosTest
WARNING  unknown deployed bytecode:                                             
         0x60806040526004361015610019575b3415612ce9575b5f80fd5b5f3560e01c8063039
         6cb601461039857806306433b1b14610393578063076158151461038e57806313e7c9d8
         14610389578063205c2878146103845780632e1a7d4d1461037f5780632f4f21e214610
         37a57806334fde76a14610375578063362f6582146103705780633d024c251461036b57
         80633d63f215146103665780634382885d14610361578063452a93201461035c5780634
         6f13619146103575780634f1ef2861461035257806352b7512c1461034d57806352d190
         2d1461034857806354fd4d5014610343578063594a6f231461033e5780635c975abb146
         1033957806360a9139b1461033457806361ad446e1461032f57806361d027b31461032a
         5780636640431f146103255780636a16e22d146103205780636d8a4aff1461031b57806
         3715018a61461031657806374f053c41461031157806375e09b511461030c57806379ba
         5097146103075780637af3816c146103025780637c627b21146102fd57806388a7ca5c1
         46102f85780638da5cb5b146102f35780638e580213146102ee57806396daa322146102
         e9578063ad3cb1cc146102e4578063b0d691fe146102df578063b0f0abe9146102da578
         063b6b55f25146102d5578063b7b76cbe146102d0578063bb2ddb27146102cb578063bb
         9fe6bf146102c6578063bd111870146102c1578063c06f58e8146102bc578063c23a5ce
         a146102b7578063c399ec88146102b2578063cf756fdf146102ad578063d0e30db01461
         02a8578063de5c62a6146102a3578063e21b38d21461029e578063e30c3978146102995
         78063f2fde38b14610294578063f60fdcb31461028f578063f7e8cb0d1461028a5763fe
         719e2f0361000e576118d6565b611895565b61184f565b6117d2565b61178d565b61176
         6565b611740565b6116ce565b611528565b611482565b6113f5565b6113cf565b6113b2
         565b611342565b611325565b611300565b6112b9565b611276565b611233565b6111ec5
         65b6111bb565b61107b565b61100c565b610f74565b610eec565b610ea1565b610e4456
         5b610e27565b610e01565b610de2565b610dbc565b610d8b565b610d15565b610cef565
         b610cd2565b610cac565b610c87565b610c6a565b610c0b565b610b92565b610afd565b
         610a42565b61095d565b610937565b610911565b6108f4565b6108d8565b61087e565b6
         10861565b610808565b610666565b6105c0565b6104af565b610471565b61042e565b5f
         60203660031901126100155760043563ffffffff8116809103610015576103be612d255
         65b6001600160a01b037f00000000000000000000000000e71707071707071707071707
         0717070717070e1690813b15610015575f90602460405180948193621cb65b60e51b835
         2600483015234905af180156104295761041b575080f35b61042791505f906109d5565b
         005b6118fd565b34610015575f3660031901126100155760206040516001600160a01b0
         37f00000000000000000000000000beef00000000000000000000000000000beef01681
         52f35b34610015575f36600319011261001557602060ff60125416604051908152f35b6
         001600160a01b0381160361001557565b35906104ad82610491565b565b346100155760
         20366003190112610015576001600160a01b036004356104d481610491565b165f52600
         560205260405f2080546105bc6001830154926104fe8465ffffffffffff9060c01c1690
         565b9061051360028201546001600160a01b031690565b6004600383015492015492604
         0519687966001600160a01b0363ffffffff8360a01c1692169060ff8160881c16906001
         600160801b0360ff8260801c1691168a9694929099989795939161012088019a6001600
         160801b0316885215156020880152151560408701526001600160a01b03166060860152
         63ffffffff16608085015265ffffffffffff1660a08401526001600160a01b031660c08
         3015260e08201526101000152565b0390f35b34610015575f6040366003190112610015
         576004356105de81610491565b602435906105ea612d25565b6001600160a01b037f000
         00000000000000000000000e717070717070717070717070717070717070e1690813b15
         6100155760446001600160a01b03915f8094604051968795869463040b850f60e31b865
         216600485015260248401525af180156104295761041b575080f35b9081602091031261
         0015573590565b3461001557602036600319011261001557600435610682612d38565b6
         106a76106a0336001600160a01b03165f52602260205260405f2090565b5460ff169056
         5b6107f957806001600160801b036106df6106d2336001600160a01b03165f526005602
         05260405f2090565b546001600160801b031690565b16106107b6576107406107033360
         01600160a01b03165f52600560205260405f2090565b6107266001600160801b0384166
         1072183546001600160801b031690565b61191c565b6001600160801b03166001600160
         801b0319825416179055565b61075461074f82600f54611941565b600f55565b61077f8
         13361077a61076e6002546001600160a01b031690565b6001600160a01b031690565b61
         2d58565b60405190815233907f4eea589c35918e3c4d8e0371a062a1d544e41d78fb522
         381678923b9cd6e6dfa90602090a261042760018055565b6107f6906107d86106d23360
         01600160a01b03165f52600560205260405f2090565b63cf47918160e01b5f526001600
         160801b0316600452602452604490565b5ffd5b635706422560e01b5f5260045ffd5b34
         6100155760403660031901126100155761085b60043561082881610491565b602435906
         10834612d38565b61083d81612da0565b610856826001600160a01b0360025416309033
         90612e49565b612e8a565b60018055005b34610015575f3660031901126100155760206
         01454604051908152f35b34610015576020366003190112610015576004355f52602560
         2052602060405f20604051906108ac826109b4565b546001600160a01b0381168083526
         0a09190911c92909101829052604080519182526020820192909252f35b346100155760
         203660031901126100155761042760043561196e565b34610015575f366003190112610
         015576020601554604051908152f35b34610015575f3660031901126100155760206001
         600160a01b0360185416604051908152f35b34610015575f36600319011261001557602
         06001600160a01b0360285416604051908152f35b34610015575f366003190112610015
         5760206040516001600160a01b037f00000000000000000000000000000000000000000
         000000000000000aaaa0003168152f35b634e487b7160e01b5f52604160045260245ffd
         5b6040810190811067ffffffffffffffff8211176109d057604052565b6109a0565b906
         01f8019910116810190811067ffffffffffffffff8211176109d057604052565b604051
         906104ad6040836109d5565b604051906104ad610180836109d5565b604051906104ad6
         10160836109d5565b67ffffffffffffffff81116109d057601f01601f19166020019056
         5b604036600319011261001557600435610a5a81610491565b6024359067fffffffffff
         fffff8211610015573660238301121561001557816004013590610a8782610a26565b91
         610a9560405193846109d5565b8083523660248286010111610015576020815f9260246
         1042797018387013784010152611ada565b805180835260209291819084018484015e5f
         828201840152601f01601f1916010190565b929190610af860209160408652604086019
         0610abd565b930152565b346100155760603660031901126100155760043567ffffffff
         ffffffff811161001557610120600319823603011261001557610b7e906024356044359
         1610b6e6001600160a01b037f00000000000000000000000000e7170707170707170707
         17070717070717070e163314611c48565b610b76612d38565b600401611f79565b90600
         180556105bc60405192839283610ae1565b34610015575f366003190112610015576001
         600160a01b037f00000000000000000000000000000000000000000000000000000000a
         aaa0002163003610bfc5760206040517f360894a13ba1a3210667c828492db98dca3e20
         76cc3735a920a3ca505d382bbc8152f35b63703e46dd60e11b5f5260045ffd5b3461001
         5575f366003190112610015576105bc604051610c2c6040826109d5565b601481527f53
         757065725061796d61737465722d352e352e30000000000000000000000000602082015
         2604051918291602083526020830190610abd565b34610015575f366003190112610015
         576020600954604051908152f35b34610015575f36600319011261001557602060ff602
         85460a01c166040519015158152f35b34610015575f3660031901126100155760206001
         600160a01b03601d5416604051908152f35b34610015575f36600319011261001557602
         0600f54604051908152f35b34610015575f3660031901126100155760206001600160a0
         1b0360045416604051908152f35b34610015576040366003190112610015576040610d6
         d600435610d3781610491565b6001600160a01b0360243591610d4c83610491565b165f
         526006602052825f20906001600160a01b03165f5260205260405f2090565b5460ff825
         19165ffffffffffff8116835260301c1615156020820152f35b34610015576020366003
         190112610015576020610db2600435610dad81610491565b612508565b6040519015158
         152f35b34610015575f3660031901126100155760206001600160a01b03600354166040
         51908152f35b34610015575f36600319011261001557631ef88dcb60e11b5f5260045ff
         d5b34610015575f3660031901126100155760206001600160a01b036002541660405190
         8152f35b34610015575f366003190112610015576020601354604051908152f35b34610
         015575f36600319011261001557336001600160a01b037fdb5a3168abaa6147a9f3a4cb
         66016161119d4d50b6393344d27120286f742a00541603610e8e5761042733613185565
         b63118cdaa760e01b5f523360045260245ffd5b34610015575f36600319011261001557
         6020601054604051908152f35b9181601f840112156100155782359167fffffffffffff
         fff8311610015576020838186019501011161001557565b346100155760803660031901
         1261001557600360043510156100155760243567ffffffffffffffff811161001557610
         f2b61085b913690600401610ebe565b6044359060643592610f676001600160a01b037f
         00000000000000000000000000e717070717070717070717070717070717070e1633146
         11c48565b610f6f612d38565b612662565b346100155760803660031901126100155761
         0f90600435610491565b602435610f9c81610491565b60443560643567fffffffffffff
         fff811161001557610fbf903690600401610ebe565b5050610fc9612d38565b60016001
         60a01b03600254163303610ffe5781610856610fe893612da0565b60018055604051632
         229f29760e21b8152602090f35b6282b42960e81b5f5260045ffd5b34610015575f3660
         031901126100155760206001600160a01b035f5416604051908152f35b9594939161105
         7939187526020870152604086015260a0606086015260a0850190610abd565b92600382
         10156110675760800152565b634e487b7160e01b5f52602160045260245ffd5b3461001
         55760403660031901126100155760043561109881610491565b6001600160a01b036024
         3591165f52600860205260405f208054821015610015575f52600560205f20910201805
         460018201549060028301546003840193604051905f958054908160011c906001831692
         83156111b1575b60208310841461119d578286526020860193908115611182575060011
         4611141575b50505060046111349161112c846105bc97989903856109d5565b015460ff
         1690565b9160405195869586611031565b611151919298505f5260205f2090565b905f9
         15b81831061116e575050959095019460048161112c611112565b8054838a0152602090
         920191600101611155565b60ff191684525050151560051b01955060048161112c61111
         2565b634e487b7160e01b5f52602260045260245ffd5b91607f16916110f0565b346100
         15575f366003190112610015576020600d54604051908152f35b604051906111e760208
         36109d5565b5f8252565b34610015575f366003190112610015576105bc60405161120d
         6040826109d5565b60058152640352e302e360dc1b60208201526040519182916020835
         26020830190610abd565b34610015575f36600319011261001557602060405160016001
         60a01b037f00000000000000000000000000e7170707170707170707170707170707170
         70e168152f35b34610015575f3660031901126100155760206040516001600160a01b03
         7f00000000000000000000000000feed00000000000000000000000000000feed016815
         2f35b346100155760203660031901126100155761085b6004356112d8612d38565b6112
         e133612da0565b6112fa816001600160a01b036002541630903390612e49565b33612e8
         a565b34610015575f3660031901126100155760206001600160a01b0381541660405190
         8152f35b34610015575f366003190112610015576020601e54604051908152f35b34610
         015575f5f6003193601126100155761135b612d25565b6001600160a01b037f00000000
         000000000000000000e717070717070717070717070717070717070e16803b156100155
         75f809160046040518094819363bb9fe6bf60e01b83525af180156104295761041b5750
         80f35b34610015575f366003190112610015576020601654604051908152f35b3461001
         5575f3660031901126100155760206001600160a01b03600e5416604051908152f35b34
         610015575f60203660031901126100155760043561141381610491565b61141b612d255
         65b6001600160a01b037f00000000000000000000000000e71707071707071707071707
         0717070717070e1690813b15610015576001600160a01b0360245f92836040519586948
         59363611d2e7560e11b85521660048401525af180156104295761041b575080f35b3461
         0015575f366003190112610015576040516370a0823160e01b815230600482015260208
         16024817f00000000000000000000000000e71707071707071707071707071707071707
         0e6001600160a01b03165afa8015610429576105bc915f916114f9575b5060405190815
         29081906020820190565b61151b915060203d602011611521575b61151381836109d556
         5b810190612653565b5f6114e8565b503d611509565b346100155760803660031901126
         100155760043561154581610491565b6024359061155282610491565b60443561155e81
         610491565b606435905f5160206134d75f395f51905f52549367ffffffffffffffff611
         5a161159361158f8860ff9060401c1690565b1590565b9667ffffffffffffffff169056
         5b16801590816116c6575b60011490816116bc575b1590816116b3575b506116a457611
         60193856115f8600167ffffffffffffffff195f5160206134d75f395f51905f52541617
         5f5160206134d75f395f51905f5255565b61166557612b33565b61160757005b6116366
         8ff0000000000000000195f5160206134d75f395f51905f5254165f5160206134d75f39
         5f51905f5255565b604051600181527fc7f505b2f371ae2175ee4913f4499e1f2633a7b
         5936321eed1cdaeb6115181d290602090a1005b61169f6801000000000000000068ff00
         00000000000000195f5160206134d75f395f51905f525416175f5160206134d75f395f5
         1905f5255565b612b33565b63f92ee8a960e01b5f5260045ffd5b9050155f6115bd565b
         303b1591506115b5565b8691506115ab565b5f5f600319360112610015576116e2612d2
         5565b6001600160a01b037f00000000000000000000000000e717070717070717070717
         070717070717070e16803b15610015575f6024916040519283809263b760faf960e01b8
         25230600483015234905af180156104295761041b575080f35b34610015575f36600319
         01126100155760206001600160a01b0360175416604051908152f35b346100155760203
         66003190112610015576020610db260043561178881610491565b612c63565b34610015
         575f3660031901126100155760207fdb5a3168abaa6147a9f3a4cb66016161119d4d50b
         6393344d27120286f742a00546001600160a01b0360405191168152f35b346100155760
         20366003190112610015576004356117ef81610491565b6117f7612d25565b807fdb5a3
         168abaa6147a9f3a4cb66016161119d4d50b6393344d27120286f742a00556001600160
         a01b03805f54169116907f38d16b8cac22d99fc7c124b9cd0de2d3fa1faef420bfe791d
         8c362d765e227005f80a3005b34610015575f366003190112610015576080600a5460ff
         600b54600c5490604051938452602084015269ffffffffffffffffffff8116604084015
         260501c166060820152f35b34610015576020366003190112610015576001600160a01b
         036004356118ba81610491565b165f526007602052602060ff60405f205416604051901
         5158152f35b34610015575f36600319011261001557602065ffffffffffff815460a01c
         16604051908152f35b6040513d5f823e3d90fd5b634e487b7160e01b5f5260116004526
         0245ffd5b906001600160801b03809116911603906001600160801b03821161193c5756
         5b611908565b9190820391821161193c57565b906001600160801b03809116911601906
         001600160801b03821161193c57565b611980815f52602560205260405f2090565b9060
         40519161198e836109b4565b546001600160a01b038116835260a01c602083015260016
         00160a01b036119bc83516001600160a01b031690565b1615611ad6576119cb8161328e
         565b5c611ac7575f818152602560205260408120557ff706070ffd178e4517ea48c6954
         0804a239fd4b0fb2f1273a167a1ac62d501af6001600160a01b03611aa4611a91602086
         0195611a84611a3f611a2e89516bffffffffffffffffffffffff1690565b6bfffffffff
         fffffffffffffff1690565b610726611a6d611a5685516001600160a01b031690565b60
         01600160a01b03165f52600560205260405f2090565b91611a7f83546001600160801b0
         31690565b61194e565b516001600160a01b031690565b94516bffffffffffffffffffff
         ffff1690565b6040516bffffffffffffffffffffffff909116815293169280602081015
         b0390a3565b6392959fd760e01b5f5260045ffd5b5050565b90916001600160a01b037f
         00000000000000000000000000000000000000000000000000000000aaaa00021680301
         4908115611c13575b50610bfc57611b1e612d25565b6001600160a01b037fdb5a3168ab
         aa6147a9f3a4cb66016161119d4d50b6393344d27120286f742a00541680611c0157506
         040516352d1902d60e01b8152926020846004816001600160a01b0387165afa5f948161
         1be0575b50611b9857634c9c8ce360e01b5f526001600160a01b03831660045260245ff
         d5b90917f360894a13ba1a3210667c828492db98dca3e2076cc3735a920a3ca505d382b
         bc8403611bcc576104ad9293506132d3565b632a87526960e21b5f52600484905260245
         ffd5b611bfa91955060203d6020116115215761151381836109d5565b935f611b77565b
         634d8eca7f60e11b5f5260045260245ffd5b90506001600160a01b037f360894a13ba1a
         3210667c828492db98dca3e2076cc3735a920a3ca505d382bbc541614155f611b11565b
         15611c4f57565b60405162461bcd60e51b815260206004820152602760248201527f426
         173655061796d61737465723a2063616c6c6572206973206e6f7420456e746044820152
         661c9e541bda5b9d60ca1b6064820152608490fd5b6127100190816127101161193c575
         65b906103e8820180921161193c57565b90617530820180921161193c57565b91908201
         80921161193c57565b35611ce981610491565b90565b903590601e19813603018212156
         10015570180359067ffffffffffffffff82116100155760200191813603831361001557
         565b909291928360241161001557831161001557602401916023190190565b909291928
         360681161001557831161001557606801916067190190565b9092919283604811610015
         57831161001557604801916047190190565b356ffffffffffffffffffffffffffffffff
         f19811692919060108210611d9a575050565b6fffffffffffffffffffffffffffffffff
         1960109290920360031b82901b16169150565b90604051611dcb816109b4565b915465f
         fffffffffff8116835260301c60ff1615156020830152565b9065ffffffffffff809116
         9116019065ffffffffffff821161193c57565b356bffffffffffffffffffffffff19811
         692919060148210611e25575050565b6bffffffffffffffffffffffff19601492909203
         60031b82901b16169150565b90607c1015611e5457607c0190565b634e487b7160e01b5
         f52603260045260245ffd5b604051906080820182811067ffffffffffffffff82111761
         09d05760405281600a548152600b546020820152606060ff600c5469fffffffffffffff
         fffff8116604085015260501c16910152565b81516001600160a01b0316815261018081
         0192916101609081906020818101516001600160a01b031690850152604081015160408
         5015260608101516060850152611f11608082015160808601906001600160a01b031690
         52565b60a08181015160ff169085015260c0818101516001600160801b0316908501526
         0e0818101516001600160801b031690850152610100810151610100850152611f666101
         2082015161012086019060ff169052565b6101408101516101408501520151910152565
         b9291611f8b60285460ff9060a01c1690565b6124fc57611f9884612f1f565b91611fb4
         836001600160a01b03165f52600560205260405f2090565b92835492611fc961158f856
         0ff9060801c1690565b6124ed57611fea611fdf600b5460165490611cd2565b65ffffff
         ffffff1690565b945f9460881c60ff166124dd5761200661158f610dad8a611cdf565b6
         124dd57612012612f50565b9360e0890193898560346120268284611cec565b90501015
         612487575b5050612075612070612052836001600160a01b03165f52600660205260405
         f2090565b61205b8d611cdf565b6001600160a01b03165f5260205260405f2090565b61
         1dbe565b946120836020870151151590565b6124745760018401549565ffffffffffff6
         0c088901c16908161244d575b50506120ad908b611cec565b939091607c851061243957
         6120e961076e6120dc6120d66120d0607c8a89611d3c565b90611e05565b60601c90565
         b986001600160a01b031690565b6001600160a01b0388160361243957607c8511156124
         325761213d6121376121118786611e45565b357fff00000000000000000000000000000
         0000000000000000000000000000000001690565b60f81c90565b955b60038088161461
         24065761216061215860688887611d59565b810190610657565b604051633ba0b9a960e
         01b602082015260048152612189906121836024826109d5565b8a612f70565b91901591
         8215612428575b5050612406576121a66121bf91612fcc565b6121b96121b4600d54611
         ca4565b611cb4565b9061302b565b95866121e16121d585546001600160801b03169056
         5b6001600160801b031690565b10612406576122039087868f6121f8600191611cdf565
         b93161515928b613084565b9160ff831615612406578054612225906001600160801b03
         898116911661191c565b81546fffffffffffffffffffffffffffffffff1916600160016
         0801b039091161781556003018681549061225891611cd2565b90556122626109f7565b
         6001600160a01b03821681526bffffffffffffffffffffffff871660208201526122948
         55f52602560205260405f2090565b815160209092015160a01b73ffffffffffffffffff
         ffffffffffffffffffffff19166001600160a01b03929092169190911790556122d1846
         1316d565b6122d9611e68565b946122e38d611cdf565b9c608001356122f89060016001
         60801b031690565b9361230591603491611d1f565b61230e91611d76565b60801c93855
         195606001516123239060ff1690565b9660095498612330610a06565b6001600160a01b
         0390911681529d8e906001600160a01b031660208201526040015260608d01526001600
         160a01b031660808c015260ff1660a08b01526001600160801b031660c08a0152600160
         0160801b031660e089015261010088015260ff166101208701526101408601526101608
         50152604051809460208201906123b791611eb6565b03601f19810185526123c9908561
         09d5565b60a09190911b65ffffffffffff60a01b1660d09190911b7fffffffffffff000
         0000000000000000000000000000000000000000000000000161790565b505050505050
         5050505050905061241b600190565b906124246111d8565b9190565b1190505f8061219
         4565b5f9561213f565b50505050505050505050905061241b600190565b5165ffffffff
         ffff1680156120a1576120ad9299509061246c91611de7565b97905f6120a1565b50505
         0505050505050905061241b600190565b6124a2603461249c6124a8936124ae95611cec
         565b90611d1f565b90611d76565b60801c90565b6001600160801b0363ffffffff88169
         116106124cb57898561202f565b5050505050505050905061241b600190565b50505050
         5050905061241b600190565b5050505050905061241b600190565b5050905061241b600
         190565b6001600160a01b0381165f52600760205260ff60405f20541690811561252c57
         5090565b611ce99150612c63565b359060ff8216820361001557565b359060016001608
         01b038216820361001557565b90816101609103126100155761014061256f610a16565b
         91612579816104a2565b8352612587602082016104a2565b60208401526040810135604
         0840152606081013560608401526125ac608082016104a2565b60808401526125bd60a0
         8201612536565b60a08401526125ce60c08201612544565b60c08401526125df60e0820
         1612544565b60e08401526101008101356101008401526125fd6101208201612536565b
         610120840152013561014082015290565b5f19811461193c5760010190565b90600a820
         291808304600a149015171561193c57565b8181029291811591840414171561193c5756
         5b604d811161193c57600a0a90565b90816020910312610015575190565b91929080156
         12b2d575f926101808214612b20575b6126906126876126878660201c90565b63ffffff
         ff1690565b5a9080612b1a575062027100905b10612b0b576126af91810190612558565
         b92608084019265ffffffffffff6126e560016126d5611a5688516001600160a01b0316
         90565b015460c01c65ffffffffffff1690565b16612a9e575b60608501926127066106a
         085515f52602160205260405f2090565b612a9657612815926127bf6127d4926127e094
         61273c61272f89515f52602160205260405f2090565b805460ff19166001179055565b6
         004612752611a568b516001600160a01b031690565b0161275d815461260e565b905580
         612a6a57506127cf6127876127826121d560e08d01516001600160801b031690565b611
         cc3565b6127bf6127ca6127c58d6127bf6121d560e06127b06121d560c0860151600160
         0160801b031690565b9301516001600160801b031690565b90611cd2565b61261c565b6
         131ef565b612632565b61010086015190612632565b61280f6128036127fe6127f86101
         2089015160ff1690565b60ff1690565b612645565b61014087015190612632565b90613
         052565b9161282a612824600d54611ca4565b8461302b565b604085018051808311612a
         62575b50600160ff61284b60a089015160ff1690565b1603612989576128b1936020836
         1286f61076e61076e8b516001600160a01b031690565b828a01518451604051633f245d
         e760e11b81526001600160a01b039092166004830152602482015260448101929092529
         09687919082905f9082906064820190565b03925af19081156104295761293e60016001
         60a01b039561292a611a3f6121d588611ac2986129246020987fcde7e91a718e2439d8f
         f2a679ad52713e82a37b72622fb530c8c41039fdd5bf09e61294d9b61296c575b505b5f
         61291d82515f52602560205260405f2090565b555161317b565b51611941565b611a846
         1293987601054611cd2565b601055565b9701516001600160a01b031690565b91836040
         51948594169716958360209093929193604081019481520152565b612982908b3d8d116
         115215761151381836109d5565b505f612907565b6129e9936020836129a761076e6107
         6e8b516001600160a01b031690565b828a01518451604051630375e88160e31b8152600
         1600160a01b03909216600483015260248201526044810192909252909687919082905f
         9082906064820190565b03925af19081156104295761293e6001600160a01b039561292
         a611a3f6121d588611ac2986129246020987fcde7e91a718e2439d8ff2a679ad52713e8
         2a37b72622fb530c8c41039fdd5bf09e61294d9b612a45575b50612909565b612a5b908
         b3d8d116115215761151381836109d5565b505f612a3f565b91505f612838565b612a91
         816127bf612687612687612a8a6126876126876127cf9860601c90565b9360401c90565
         b612787565b505050505050565b612b06612acc612ab586516001600160a01b03169056
         5b6001600160a01b03165f52600660205260405f2090565b612aed65ffffffffffff421
         69161205b60208a01516001600160a01b031690565b9065ffffffffffff1665ffffffff
         ffff19825416179055565b6126eb565b638890295d60e01b5f5260045ffd5b9061269e5
         65b6101608101359350612677565b50505050565b9190916001600160a01b0381161561
         2c3c5760ff5f5160206134d75f395f51905f525460401c1615612c2d57612b8b612bb79
         3612b6f83613185565b6001600160a01b03166001600160a01b03196002541617600255
         565b6001600160a01b03821615612c0f57506001600160a01b03166001600160a01b031
         96004541617600455565b8015612c06575b603c81108015612bfa575b612beb57601655
         612be066470de4df820000600955565b6104ad6103e8600d55565b63c52a9bd360e01b5
         f5260045ffd5b50620151808111612bc9565b50610e10612bbe565b90506001600160a0
         1b03166001600160a01b03196004541617600455565b631afcd79f60e31b5f5260045ff
         d5b6349e27cff60e01b5f5260045ffd5b90816020910312610015575180151581036100
         155790565b6017546001600160a01b0316908115612ce35760405163710d9c6960e11b8
         1526001600160a01b03909116600482015290602090829060249082905afa5f9181612c
         b2575b50611ce957505f90565b612cd591925060203d602011612cdc575b612ccd81836
         109d5565b810190612c4b565b905f612ca8565b503d612cc3565b50505f90565b365f80
         375f8036817f00000000000000000000000000000000000000000000000000000000aaa
         a00035af43d5f803e15612d21573d5ff35b3d5ffd5b6001600160a01b035f5416330361
         0e8e57565b600260015414612d49576002600155565b633ee5aeb560e01b5f5260045ff
         d5b60405163a9059cbb60e01b60208201526001600160a01b0390921660248301526044
         8201929092526104ad91612d9b82606481015b03601f1981018452836109d5565b61321
         8565b6001600160a01b0360405191632474521560e21b83527f2024516755f401845808
         190bb830b0e4523d0df0845503cab52130a794699a0f600484015216602482015260208
         16044816001600160a01b037f00000000000000000000000000beef0000000000000000
         0000000000000beef0165afa908115610429575f91612e2a575b5015610ffe57565b612
         e43915060203d602011612cdc57612ccd81836109d5565b5f612e22565b909192600160
         0160a01b036104ad9481604051956323b872dd60e01b602088015216602486015216604
         4840152606483015260648252612d9b6084836109d5565b6001600160801b038211612f
         10576001600160a01b031690815f526005602052612ece60405f2061072660016001608
         01b0384166001600160801b0383541661194e565b600f549080820180921161193c5760
         0f919091556040519081527f06653c045d0a3144153a51ac6909baae43b8d5b67184cb7
         4e988b72858727fe490602090a2565b6354ada05560e01b5f5260045ffd5b60e0810160
         48612f2f8284611cec565b905010612ce357612f3f91611cec565b60481161001557603
         4013560601c90565b602654908115612f5c57565b6e02ab98000013880002710000030d
         409150565b6020915f918382519201905afa9060203d10612f8b575f5190565b90505f9
         05f5190565b6020915f91828483519301915af19060403d10612f8b575f5190565b6020
         915f91828483519301915af19060203d10612f8b575f5190565b612fd4611e68565b805
         1915f83131561300857612fff60ff6060612ff6611ce99661280f95612632565b940151
         16612645565b60095490612632565b63b41b6cb160e01b5f5260045ffd5b634e487b716
         0e01b5f52601260045260245ffd5b906127109061303b8282856133a0565b9209613044
         5790565b6001810180911161193c5790565b9061306681670de0b6b3a7640000846133a
         0565b91811561307f57670de0b6b3a764000090096130445790565b613017565b604051
         63ec29073160e01b60208201526001600160a01b0383166024820152604481018490526
         064810185905294151560848087019190915285529093919290916130da906130d460a4
         826109d5565b83612f94565b901561316457801561315a5760010361315257604051636
         f4f265760e11b60208201526001600160a01b0390941660248501526044840192909252
         6064830191909152613134919061312f8260848101612d8d565b612fb0565b816131495
         75b501561314557600290565b5f90565b9050155f61313a565b505050505f90565b5050
         505050600190565b50505050505f90565b61317860019161328e565b5d565b6131785f9
         161328e565b5f7fdb5a3168abaa6147a9f3a4cb66016161119d4d50b6393344d2712028
         6f742a00556001600160a01b03805f549216918282198216175f55167f8be0079c53165
         9141344cd1fd0a4f28419497f9722a3daafe3b4186f6b6457e05f80a3565b811561307f
         570490565b5f90806131fa575090565b5f1981019150811161193c57606490046001810
         180911161193c5790565b5f806001600160a01b0361324193169360208151910182865a
         f161323a613434565b908361347c565b8051908115159182613273575b5050613257575
         0565b6001600160a01b0390635274afe760e01b5f521660045260245ffd5b6132869250
         602080918301019101612c4b565b155f8061324e565b604051602081019182527f9eb98
         b3da44b71a55e215ada5ad693b1d132c05f511ef1c4c58912c9c6dd321a604082015260
         4081526132cd6060826109d5565b51902090565b90813b15613384576001600160a01b0
         38216806001600160a01b03197f360894a13ba1a3210667c828492db98dca3e2076cc37
         35a920a3ca505d382bbc5416177f360894a13ba1a3210667c828492db98dca3e2076cc3
         735a920a3ca505d382bbc557fbc7cd75a20ee27fd9adebab32041f755214dbc6bffa90c
         c0225b39da2e5c2d3b5f80a280511561336c5761336991613463565b50565b505034613
         37557565b63b398979f60e01b5f5260045ffd5b6001600160a01b0382634c9c8ce360e0
         1b5f521660045260245ffd5b9091828202915f198482099383808610950394808603951
         4613427578483111561341857829109815f038216809204600281600302188082026002
         03028082026002030280820260020302808202600203028082026002030280910260020
         30293600183805f03040190848311900302920304170290565b63227bc15360e01b5f52
         60045ffd5b505090611ce992506131e5565b3d1561345e573d9061344582610a26565b9
         161345360405193846109d5565b82523d5f602084013e565b606090565b5f80611ce993
         602081519101845af461347a613434565b915b906134a05750805115613491578051906
         02001fd5b630a12f52160e11b5f5260045ffd5b815115806134cd575b6134b157509056
         5b6001600160a01b0390639996b31560e01b5f521660045260245ffd5b50803b156134a
         956fef0c57e16840df040f15088dc2f81fe391c3923bec73e23a9662efc9c229c6a00a1
         64736f6c6343000821000a                                                 
setup: 0.92s (decode: 0.01s, run: 0.92s)
[32m[PASS][0m check_I9_CF1_emptyContext(address,address,bytes32) (paths: 3, time: 0.05s (paths: 0.05s, models: 0.00s), bounds: [])
[32m[PASS][0m check_I9_CF2_idempotentNoOp(address,address,uint256,bytes32,address,uint8,uint128,uint128,uint256,uint256) (paths: 9, time: 0.08s (paths: 0.08s, models: 0.00s), bounds: [])
[32m[PASS][0m check_I9_CF3_settleCannotSilentlyFail(bool,address,uint256,bytes32,address,uint8,uint128,uint128,uint256,uint256) (paths: 1502, time: 50.22s (paths: 49.70s, models: 0.52s), bounds: [])
[31mCounterexample: 
    p_callGas_uint128_850f36d_00 = 0x00
    p_mode_uint8_c7fe4d3_00 = 0x00
    p_opHash_bytes32_d16e40c_00 = 0x00
    p_operator_address_b12c9f9_00 = 0x00
    p_postOpGas_uint128_f009994_00 = 0x00
    p_token_address_0e9e5e8_00 = 0x00
    p_user_address_f2e0875_00 = 0x00[0m
[31mCounterexample: 
    p_callGas_uint128_850f36d_00 = 0x00
    p_mode_uint8_c7fe4d3_00 = 0x00
    p_opHash_bytes32_d16e40c_00 = 0x00
    p_operator_address_b12c9f9_00 = 0x00
    p_postOpGas_uint128_f009994_00 = 0x00
    p_token_address_0e9e5e8_00 = 0x00
    p_user_address_f2e0875_00 = 0x00[0m
[31m[FAIL][0m check_witness_I9_CF2_idempotentSucceedsWithEnoughGas(address,address,uint256,bytes32,address,uint8,uint128,uint128,uint256,uint256) (paths: 9, time: 0.07s (paths: 0.07s, models: 0.00s), bounds: [])
[31mCounterexample: 
    p_a0_uint256_7f67523_00 = 0x00
    p_actualFeePerGas_uint256_bc8e90b_00 = 0x00
    p_actualGasCost_uint256_ea48440_00 = 0x00
    p_callGas_uint128_5c3daf0_00 = 0x00
    p_opHash_bytes32_57e73db_00 = 0x00
    p_operator_address_383bd0a_00 = 0x00
    p_postOpGas_uint128_d908e5b_00 = 0x00
    p_user_address_5f52cf6_00 = 0x00[0m
[31mCounterexample: 
    p_a0_uint256_7f67523_00 = 0x00
    p_actualFeePerGas_uint256_bc8e90b_00 = 0xb6d96cb0848800baf88f
    p_actualGasCost_uint256_ea48440_00 = 0x2c4a25fd904a88529671
    p_callGas_uint128_5c3daf0_00 = 0x00
    p_opHash_bytes32_57e73db_00 = 0x00
    p_operator_address_383bd0a_00 = 0x00
    p_postOpGas_uint128_d908e5b_00 = 0x00
    p_user_address_5f52cf6_00 = 0x00[0m
[31mCounterexample: 
    p_a0_uint256_7f67523_00 = 0x00
    p_actualFeePerGas_uint256_bc8e90b_00 = 0x60bc15944a6d8532444d
    p_actualGasCost_uint256_ea48440_00 = 0x581a1b4043c119999999
    p_callGas_uint128_5c3daf0_00 = 0xdc800000166693000534666effff79ff
    p_opHash_bytes32_57e73db_00 = 0x00
    p_operator_address_383bd0a_00 = 0x00
    p_postOpGas_uint128_d908e5b_00 = 0x73b333339ecc5f337b1accce33313ccc
    p_user_address_5f52cf6_00 = 0x00[0m
[31mCounterexample: 
    p_a0_uint256_7f67523_00 = 0x00
    p_actualFeePerGas_uint256_bc8e90b_00 = 0x00
    p_actualGasCost_uint256_ea48440_00 = 0x00
    p_callGas_uint128_5c3daf0_00 = 0x80000000000000000000000000000000
    p_opHash_bytes32_57e73db_00 = 0x00
    p_operator_address_383bd0a_00 = 0x00
    p_postOpGas_uint128_d908e5b_00 = 0x00
    p_user_address_5f52cf6_00 = 0x00[0m
[31mCounterexample: 
    p_a0_uint256_7f67523_00 = 0x00
    p_actualFeePerGas_uint256_bc8e90b_00 = 0x00
    p_actualGasCost_uint256_ea48440_00 = 0x00
    p_callGas_uint128_5c3daf0_00 = 0x00
    p_opHash_bytes32_57e73db_00 = 0x00
    p_operator_address_383bd0a_00 = 0x00
    p_postOpGas_uint128_d908e5b_00 = 0x00
    p_user_address_5f52cf6_00 = 0x00[0m
[31mCounterexample: 
    p_a0_uint256_7f67523_00 = 0x00
    p_actualFeePerGas_uint256_bc8e90b_00 = 0xae440bf936b85cf1cfbd
    p_actualGasCost_uint256_ea48440_00 = 0x22c85319ce624150191c
    p_callGas_uint128_5c3daf0_00 = 0x00
    p_opHash_bytes32_57e73db_00 = 0x00
    p_operator_address_383bd0a_00 = 0x00
    p_postOpGas_uint128_d908e5b_00 = 0x00
    p_user_address_5f52cf6_00 = 0x00[0m
[31mCounterexample: 
    p_a0_uint256_7f67523_00 = 0x00
    p_actualFeePerGas_uint256_bc8e90b_00 = 0x883f71f4620c00000004
    p_actualGasCost_uint256_ea48440_00 = 0x917bb9e95566553960da
    p_callGas_uint128_5c3daf0_00 = 0xe998195df746e0068b872dbae8d700a9
    p_opHash_bytes32_57e73db_00 = 0x00
    p_operator_address_383bd0a_00 = 0x00
    p_postOpGas_uint128_d908e5b_00 = 0x7dea34d2470ca39200183e47ff28ff57
    p_user_address_5f52cf6_00 = 0x00[0m
[31mCounterexample: 
    p_a0_uint256_7f67523_00 = 0x00
    p_actualFeePerGas_uint256_bc8e90b_00 = 0x00
    p_actualGasCost_uint256_ea48440_00 = 0x00
    p_callGas_uint128_5c3daf0_00 = 0x80000000000000000000000000000000
    p_opHash_bytes32_57e73db_00 = 0x00
    p_operator_address_383bd0a_00 = 0x00
    p_postOpGas_uint128_d908e5b_00 = 0x00
    p_user_address_5f52cf6_00 = 0x00[0m
[31m[FAIL][0m check_witness_I9_freshBalanceSettlementReachable(address,uint256,bytes32,address,uint128,uint128,uint256,uint256) (paths: 478, time: 2881.59s (paths: 17.48s, models: 2864.11s), bounds: [])
[32m[PASS][0m check_witness_I9_settleRevertsButCallerObservesSuccess(address,uint256,bytes32,address,uint8,uint128,uint128,uint256,uint256) (paths: 351, time: 8.00s (paths: 8.00s, models: 0.00s), bounds: [])
Symbolic test result: 4 passed; 2 failed; time: 2940.94s

[time] total: 3181.76s (build: 235.58s, load: 5.24s, tests: 2940.94s)
